STRUCTURE,STRUCTURE_ID,ACTION,REF_AREA: Reference area,FREQ: Frequency of observation,MEASURE: Measure,ACTIVITY: Economic activity,UNIT_MEASURE: Unit of measure,PRICE_BASE: Price base,TRANSFORMATION: Transformation,ASSET_CODE: Asset type,CONVERSION_TYPE: Conversion type,TIME_PERIOD: Time period,OBS_VALUE: Observation value,OBS_STATUS: Observation status,UNIT_MULT: Unit multiplier,BASE_PER: Base period,DECIMALS: Decimals
DATAFLOW,OECD.SDD.TPS:DSD_PDB@DF_PDB(2.0),I,DEU: Germany,A: Annual,GDPHRS: GDP per hour worked,_T: Total - all activities,XDC_H: National currency per hour,L: Chain linked volume,N: Non transformed data,_Z: Not applicable,_Z: Not applicable,2019,57.923613386952034,A: Normal value,0: Units,,2: Two
DATAFLOW,OECD.SDD.TPS:DSD_PDB@DF_PDB(2.0),I,DEU: Germany,A: Annual,GDPHRS: GDP per hour worked,_T: Total - all activities,XDC_H: National currency per hour,L: Chain linked volume,N: Non transformed data,_Z: Not applicable,_Z: Not applicable,2018,57.526692603160825,A: Normal value,0: Units,,2: Two
DATAFLOW,OECD.SDD.TPS:DSD_PDB@DF_PDB(2.0),I,DEU: Germany,A: Annual,GDPHRS: GDP per hour worked,_T: Total - all activities,XDC_H: National currency per hour,L: Chain linked volume,N: Non transformed data,_Z: Not applicable,_Z: Not applicable,2021,59.354989234505815,A: Normal value,0: Units,,2: Two
DATAFLOW,OECD.SDD.TPS:DSD_PDB@DF_PDB(2.0),I,DEU: Germany,A: Annual,GDPHRS: GDP per hour worked,_T: Total - all activities,XDC_H: National currency per hour,L: Chain linked volume,N: Non transformed data,_Z: Not applicable,_Z: Not applicable,2020,58.421578209146816,A: Normal value,0: Units,,2: Two
DATAFLOW,OECD.SDD.TPS:DSD_PDB@DF_PDB(2.0),I,DEU: Germany,A: Annual,GDPHRS: GDP per hour worked,_T: Total - all activities,XDC_H: National currency per hour,V: Current prices,N: Non transformed data,_Z: Not applicable,_Z: Not applicable,2021,60.95566176399627,A: Normal value,0: Units,,2: Two
DATAFLOW,OECD.SDD.TPS:DSD_PDB@DF_PDB(2.0),I,DEU: Germany,A: Annual,GDPHRS: GDP per hour worked,_T: Total - all activities,XDC_H: National currency per hour,V: Current prices,N: Non transformed data,_Z: Not applicable,_Z: Not applicable,2020,58.421578209146816,A: Normal value,0: Units,,2: Two
DATAFLOW,OECD.SDD.TPS:DSD_PDB@DF_PDB(2.0),I,DEU: Germany,A: Annual,GDPHRS: GDP per hour worked,_T: Total - all activities,XDC_H: National currency per hour,V: Current prices,N: Non transformed data,_Z: Not applicable,_Z: Not applicable,2019,56.92321469851229,A: Normal value,0: Units,,2: Two
DATAFLOW,OECD.SDD.TPS:DSD_PDB@DF_PDB(2.0),I,DEU: Germany,A: Annual,GDPHRS: GDP per hour worked,_T: Total - all activities,XDC_H: National currency per hour,V: Current prices,N: Non transformed data,_Z: Not applicable,_Z: Not applicable,2018,55.419607815290675,A: Normal value,0: Units,,2: Two
DATAFLOW,OECD.SDD.TPS:DSD_PDB@DF_PDB(2.0),I,DEU: Germany,A: Annual,GDPHRS: GDP per hour worked,_T: Total - all activities,XDC_H: National currency per hour,L: Chain linked volume,"GY: Growth rate, over 1 year",_Z: Not applicable,_Z: Not applicable,2021,1.5977162102972065,A: Normal value,0: Units,,2: Two
DATAFLOW,OECD.SDD.TPS:DSD_PDB@DF_PDB(2.0),I,DEU: Germany,A: Annual,GDPHRS: GDP per hour worked,_T: Total - all activities,XDC_H: National currency per hour,L: Chain linked volume,"GY: Growth rate, over 1 year",_Z: Not applicable,_Z: Not applicable,2020,0.8596922620627723,A: Normal value,0: Units,,2: Two
DATAFLOW,OECD.SDD.TPS:DSD_PDB@DF_PDB(2.0),I,DEU: Germany,A: Annual,GDPHRS: GDP per hour worked,_T: Total - all activities,XDC_H: National currency per hour,L: Chain linked volume,"GY: Growth rate, over 1 year",_Z: Not applicable,_Z: Not applicable,2019,0.6899767148605296,A: Normal value,0: Units,,2: Two
DATAFLOW,OECD.SDD.TPS:DSD_PDB@DF_PDB(2.0),I,DEU: Germany,A: Annual,GDPHRS: GDP per hour worked,_T: Total - all activities,XDC_H: National currency per hour,L: Chain linked volume,"GY: Growth rate, over 1 year",_Z: Not applicable,_Z: Not applicable,2018,0.35182963328861394,A: Normal value,0: Units,,2: Two
DATAFLOW,OECD.SDD.TPS:DSD_PDB@DF_PDB(2.0),I,DEU: Germany,A: Annual,GDPEMP: GDP per person employed,_T: Total - all activities,XDC_PS: National currency per person,L: Chain linked volume,"GY: Growth rate, over 1 year",_Z: Not applicable,_Z: Not applicable,2021,3.736974254430825,A: Normal value,0: Units,,2: Two
DATAFLOW,OECD.SDD.TPS:DSD_PDB@DF_PDB(2.0),I,DEU: Germany,A: Annual,GDPEMP: GDP per person employed,_T: Total - all activities,XDC_PS: National currency per person,L: Chain linked volume,"GY: Growth rate, over 1 year",_Z: Not applicable,_Z: Not applicable,2020,-3.439010286834576,A: Normal value,0: Units,,2: Two
DATAFLOW,OECD.SDD.TPS:DSD_PDB@DF_PDB(2.0),I,DEU: Germany,A: Annual,GDPEMP: GDP per person employed,_T: Total - all activities,XDC_PS: National currency per person,L: Chain linked volume,"GY: Growth rate, over 1 year",_Z: Not applicable,_Z: Not applicable,2019,0.05693797296828507,A: Normal value,0: Units,,2: Two
DATAFLOW,OECD.SDD.TPS:DSD_PDB@DF_PDB(2.0),I,DEU: Germany,A: Annual,EMP: Employment,_T: Total - all activities,PS: Persons,_Z: Not applicable,N: Non transformed data,_Z: Not applicable,_Z: Not applicable,2020,44966,A: Normal value,3: Thousands,,2: Two
DATAFLOW,OECD.SDD.TPS:DSD_PDB@DF_PDB(2.0),I,DEU: Germany,A: Annual,EMP: Employment,_T: Total - all activities,PS: Persons,_Z: Not applicable,N: Non transformed data,_Z: Not applicable,_Z: Not applicable,2019,45291,A: Normal value,3: Thousands,,2: Two
DATAFLOW,OECD.SDD.TPS:DSD_PDB@DF_PDB(2.0),I,DEU: Germany,A: Annual,EMP: Employment,_T: Total - all activities,PS: Persons,_Z: Not applicable,N: Non transformed data,_Z: Not applicable,_Z: Not applicable,2018,44878,A: Normal value,3: Thousands,,2: Two
DATAFLOW,OECD.SDD.TPS:DSD_PDB@DF_PDB(2.0),I,DEU: Germany,A: Annual,GDPHRS: GDP per hour worked,_T: Total - all activities,XDC_H: National currency per hour,LR: Chain linked volume (rebased),N: Non transformed data,_Z: Not applicable,_Z: Not applicable,2025,58.86179901170926,A: Normal value,0: Units,2020,2: Two
DATAFLOW,OECD.SDD.TPS:DSD_PDB@DF_PDB(2.0),I,DEU: Germany,A: Annual,GDPHRS: GDP per hour worked,_T: Total - all activities,XDC_H: National currency per hour,LR: Chain linked volume (rebased),N: Non transformed data,_Z: Not applicable,_Z: Not applicable,2024,58.24931387944275,A: Normal value,0: Units,2020,2: Two
DATAFLOW,OECD.SDD.TPS:DSD_PDB@DF_PDB(2.0),I,DEU: Germany,A: Annual,GDPHRS: GDP per hour worked,_T: Total - all activities,XDC_H: National currency per hour,LR: Chain linked volume (rebased),N: Non transformed data,_Z: Not applicable,_Z: Not applicable,2023,58.74347021756253,A: Normal value,0: Units,2020,2: Two
DATAFLOW,OECD.SDD.TPS:DSD_PDB@DF_PDB(2.0),I,DEU: Germany,A: Annual,GDPHRS: GDP per hour worked,_T: Total - all activities,XDC_H: National currency per hour,LR: Chain linked volume (rebased),N: Non transformed data,_Z: Not applicable,_Z: Not applicable,2022,59.35664761170624,A: Normal value,0: Units,2020,2: Two
DATAFLOW,OECD.SDD.TPS:DSD_PDB@DF_PDB(2.0),I,DEU: Germany,A: Annual,GDPEMP: GDP per person employed,_T: Total - all activities,XDC_PS: National currency per person,L: Chain linked volume,"GY: Growth rate, over 1 year",_Z: Not applicable,_Z: Not applicable,2025,0.39954104496562337,A: Normal value,0: Units,,2: Two
DATAFLOW,OECD.SDD.TPS:DSD_PDB@DF_PDB(2.0),I,DEU: Germany,A: Annual,GDPEMP: GDP per person employed,_T: Total - all activities,XDC_PS: National currency per person,L: Chain linked volume,"GY: Growth rate, over 1 year",_Z: Not applicable,_Z: Not applicable,2024,-0.6062677274005002,A: Normal value,0: Units,,2: Two
DATAFLOW,OECD.SDD.TPS:DSD_PDB@DF_PDB(2.0),I,DEU: Germany,A: Annual,GDPEMP: GDP per person employed,_T: Total - all activities,XDC_PS: National currency per person,L: Chain linked volume,"GY: Growth rate, over 1 year",_Z: Not applicable,_Z: Not applicable,2023,-1.489360731657663,A: Normal value,0: Units,,2: Two
DATAFLOW,OECD.SDD.TPS:DSD_PDB@DF_PDB(2.0),I,DEU: Germany,A: Annual,GDPEMP: GDP per person employed,_T: Total - all activities,XDC_PS: National currency per person,L: Chain linked volume,"GY: Growth rate, over 1 year",_Z: Not applicable,_Z: Not applicable,2022,0.5127086751319565,A: Normal value,0: Units,,2: Two
DATAFLOW,OECD.SDD.TPS:DSD_PDB@DF_PDB(2.0),I,DEU: Germany,A: Annual,GDPEMP: GDP per person employed,_T: Total - all activities,XDC_PS: National currency per person,L: Chain linked volume,"GY: Growth rate, over 1 year",_Z: Not applicable,_Z: Not applicable,2018,-0.18940287273780945,A: Normal value,0: Units,,2: Two
DATAFLOW,OECD.SDD.TPS:DSD_PDB@DF_PDB(2.0),I,DEU: Germany,A: Annual,GDPEMP: GDP per person employed,_T: Total - all activities,XDC_PS: National currency per person,L: Chain linked volume,N: Non transformed data,_Z: Not applicable,_Z: Not applicable,2025,78659.98910153014,A: Normal value,0: Units,,2: Two
DATAFLOW,OECD.SDD.TPS:DSD_PDB@DF_PDB(2.0),I,DEU: Germany,A: Annual,GDPEMP: GDP per person employed,_T: Total - all activities,XDC_PS: National currency per person,L: Chain linked volume,N: Non transformed data,_Z: Not applicable,_Z: Not applicable,2024,78346.96083550913,A: Normal value,0: Units,,2: Two
DATAFLOW,OECD.SDD.TPS:DSD_PDB@DF_PDB(2.0),I,DEU: Germany,A: Annual,GDPEMP: GDP per person employed,_T: Total - all activities,XDC_PS: National currency per person,L: Chain linked volume,N: Non transformed data,_Z: Not applicable,_Z: Not applicable,2023,78824.85046505043,A: Normal value,0: Units,,2: Two
DATAFLOW,OECD.SDD.TPS:DSD_PDB@DF_PDB(2.0),I,DEU: Germany,A: Annual,GDPEMP: GDP per person employed,_T: Total - all activities,XDC_PS: National currency per person,L: Chain linked volume,N: Non transformed data,_Z: Not applicable,_Z: Not applicable,2022,80016.58607689272,A: Normal value,0: Units,,2: Two
DATAFLOW,OECD.SDD.TPS:DSD_PDB@DF_PDB(2.0),I,DEU: Germany,A: Annual,GDPEMP: GDP per person employed,_T: Total - all activities,XDC_PS: National currency per person,V: Current prices,N: Non transformed data,_Z: Not applicable,_Z: Not applicable,2025,97428.17908365668,A: Normal value,0: Units,,2: Two
DATAFLOW,OECD.SDD.TPS:DSD_PDB@DF_PDB(2.0),I,DEU: Germany,A: Annual,GDPEMP: GDP per person employed,_T: Total - all activities,XDC_PS: National currency per person,V: Current prices,N: Non transformed data,_Z: Not applicable,_Z: Not applicable,2024,94189.94778067883,A: Normal value,0: Units,,2: Two
DATAFLOW,OECD.SDD.TPS:DSD_PDB@DF_PDB(2.0),I,DEU: Germany,A: Annual,GDPEMP: GDP per person employed,_T: Total - all activities,XDC_PS: National currency per person,V: Current prices,N: Non transformed data,_Z: Not applicable,_Z: Not applicable,2023,91905.94436820668,A: Normal value,0: Units,,2: Two
DATAFLOW,OECD.SDD.TPS:DSD_PDB@DF_PDB(2.0),I,DEU: Germany,A: Annual,GDPEMP: GDP per person employed,_T: Total - all activities,XDC_PS: National currency per person,V: Current prices,N: Non transformed data,_Z: Not applicable,_Z: Not applicable,2022,87444.43470255578,A: Normal value,0: Units,,2: Two
DATAFLOW,OECD.SDD.TPS:DSD_PDB@DF_PDB(2.0),I,DEU: Germany,A: Annual,GDPPOP: GDP per capita,_T: Total - all activities,XDC_PS: National currency per person,L: Chain linked volume,N: Non transformed data,_Z: Not applicable,_Z: Not applicable,2025,43211.99070803348,A: Normal value,0: Units,,2: Two
DATAFLOW,OECD.SDD.TPS:DSD_PDB@DF_PDB(2.0),I,DEU: Germany,A: Annual,GDPPOP: GDP per capita,_T: Total - all activities,XDC_PS: National currency per person,V: Current prices,N: Non transformed data,_Z: Not applicable,_Z: Not applicable,2025,53522.325865434126,A: Normal value,0: Units,,2: Two
DATAFLOW,OECD.SDD.TPS:DSD_PDB@DF_PDB(2.0),I,DEU: Germany,A: Annual,GDPPOP: GDP per capita,_T: Total - all activities,XDC_PS: National currency per person,V: Current prices,N: Non transformed data,_Z: Not applicable,_Z: Not applicable,2024,51833.39918818923,A: Normal value,0: Units,,2: Two
DATAFLOW,OECD.SDD.TPS:DSD_PDB@DF_PDB(2.0),I,DEU: Germany,A: Annual,GDPHRS: GDP per hour worked,_T: Total - all activities,XDC_H: National currency per hour,L: Chain linked volume,N: Non transformed data,_Z: Not applicable,_Z: Not applicable,2025,58.86179901170926,A: Normal value,0: Units,,2: Two
DATAFLOW,OECD.SDD.TPS:DSD_PDB@DF_PDB(2.0),I,DEU: Germany,A: Annual,GDPHRS: GDP per hour worked,_T: Total - all activities,XDC_H: National currency per hour,V: Current prices,N: Non transformed data,_Z: Not applicable,_Z: Not applicable,2025,72.90616183402773,A: Normal value,0: Units,,2: Two
DATAFLOW,OECD.SDD.TPS:DSD_PDB@DF_PDB(2.0),I,DEU: Germany,A: Annual,GDPHRS: GDP per hour worked,_T: Total - all activities,XDC_H: National currency per hour,V: Current prices,N: Non transformed data,_Z: Not applicable,_Z: Not applicable,2024,70.02824071356247,A: Normal value,0: Units,,2: Two
DATAFLOW,OECD.SDD.TPS:DSD_PDB@DF_PDB(2.0),I,DEU: Germany,A: Annual,GDPHRS: GDP per hour worked,_T: Total - all activities,XDC_H: National currency per hour,L: Chain linked volume,N: Non transformed data,_Z: Not applicable,_Z: Not applicable,2024,58.24931387944275,A: Normal value,0: Units,,2: Two
DATAFLOW,OECD.SDD.TPS:DSD_PDB@DF_PDB(2.0),I,DEU: Germany,A: Annual,GDPHRS: GDP per hour worked,_T: Total - all activities,XDC_H: National currency per hour,L: Chain linked volume,N: Non transformed data,_Z: Not applicable,_Z: Not applicable,2023,58.74347021756253,A: Normal value,0: Units,,2: Two
DATAFLOW,OECD.SDD.TPS:DSD_PDB@DF_PDB(2.0),I,DEU: Germany,A: Annual,GDPHRS: GDP per hour worked,_T: Total - all activities,XDC_H: National currency per hour,V: Current prices,N: Non transformed data,_Z: Not applicable,_Z: Not applicable,2023,68.49203105313184,A: Normal value,0: Units,,2: Two
DATAFLOW,OECD.SDD.TPS:DSD_PDB@DF_PDB(2.0),I,DEU: Germany,A: Annual,GDPHRS: GDP per hour worked,_T: Total - all activities,XDC_H: National currency per hour,V: Current prices,N: Non transformed data,_Z: Not applicable,_Z: Not applicable,2022,64.86665766090903,A: Normal value,0: Units,,2: Two
DATAFLOW,OECD.SDD.TPS:DSD_PDB@DF_PDB(2.0),I,DEU: Germany,A: Annual,GDPHRS: GDP per hour worked,_T: Total - all activities,XDC_H: National currency per hour,L: Chain linked volume,N: Non transformed data,_Z: Not applicable,_Z: Not applicable,2022,59.35664761170624,A: Normal value,0: Units,,2: Two
DATAFLOW,OECD.SDD.TPS:DSD_PDB@DF_PDB(2.0),I,DEU: Germany,A: Annual,GDPHRS: GDP per hour worked,_T: Total - all activities,XDC_H: National currency per hour,L: Chain linked volume,"GY: Growth rate, over 1 year",_Z: Not applicable,_Z: Not applicable,2022,0.00279399798031043,A: Normal value,0: Units,,2: Two
DATAFLOW,OECD.SDD.TPS:DSD_PDB@DF_PDB(2.0),I,DEU: Germany,A: Annual,HRSTO: Hours worked for total employment,_T: Total - all activities,H: Hours,_Z: Not applicable,N: Non transformed data,_Z: Not applicable,_Z: Not applicable,2022,61501.396,A: Normal value,6: Millions,,2: Two
DATAFLOW,OECD.SDD.TPS:DSD_PDB@DF_PDB(2.0),I,DEU: Germany,A: Annual,EMP: Employment,_T: Total - all activities,PS: Persons,_Z: Not applicable,N: Non transformed data,_Z: Not applicable,_Z: Not applicable,2024,45960,A: Normal value,3: Thousands,,2: Two
DATAFLOW,OECD.SDD.TPS:DSD_PDB@DF_PDB(2.0),I,DEU: Germany,A: Annual,EMP: Employment,_T: Total - all activities,PS: Persons,_Z: Not applicable,N: Non transformed data,_Z: Not applicable,_Z: Not applicable,2023,45909,A: Normal value,3: Thousands,,2: Two
DATAFLOW,OECD.SDD.TPS:DSD_PDB@DF_PDB(2.0),I,DEU: Germany,A: Annual,EMP: Employment,_T: Total - all activities,PS: Persons,_Z: Not applicable,N: Non transformed data,_Z: Not applicable,_Z: Not applicable,2022,45622,A: Normal value,3: Thousands,,2: Two
DATAFLOW,OECD.SDD.TPS:DSD_PDB@DF_PDB(2.0),I,DEU: Germany,A: Annual,POP: Population,_T: Total - all activities,PS: Persons,_Z: Not applicable,N: Non transformed data,_Z: Not applicable,_Z: Not applicable,2025,83513,A: Normal value,3: Thousands,,2: Two
DATAFLOW,OECD.SDD.TPS:DSD_PDB@DF_PDB(2.0),I,DEU: Germany,A: Annual,GDPEMP: GDP per person employed,_T: Total - all activities,XDC_PS: National currency per person,LR: Chain linked volume (rebased),"GY: Growth rate, over 1 year",_Z: Not applicable,_Z: Not applicable,2025,0.39954104496562337,A: Normal value,0: Units,2020,2: Two
DATAFLOW,OECD.SDD.TPS:DSD_PDB@DF_PDB(2.0),I,DEU: Germany,A: Annual,GDPEMP: GDP per person employed,_T: Total - all activities,XDC_PS: National currency per person,LR: Chain linked volume (rebased),"GY: Growth rate, over 1 year",_Z: Not applicable,_Z: Not applicable,2024,-0.6062677274005002,A: Normal value,0: Units,2020,2: Two
DATAFLOW,OECD.SDD.TPS:DSD_PDB@DF_PDB(2.0),I,DEU: Germany,A: Annual,GDPEMP: GDP per person employed,_T: Total - all activities,XDC_PS: National currency per person,LR: Chain linked volume (rebased),"GY: Growth rate, over 1 year",_Z: Not applicable,_Z: Not applicable,2023,-1.489360731657663,A: Normal value,0: Units,2020,2: Two
DATAFLOW,OECD.SDD.TPS:DSD_PDB@DF_PDB(2.0),I,DEU: Germany,A: Annual,GDPEMP: GDP per person employed,_T: Total - all activities,XDC_PS: National currency per person,LR: Chain linked volume (rebased),"GY: Growth rate, over 1 year",_Z: Not applicable,_Z: Not applicable,2022,0.5127086751319565,A: Normal value,0: Units,2020,2: Two
DATAFLOW,OECD.SDD.TPS:DSD_PDB@DF_PDB(2.0),I,DEU: Germany,A: Annual,GDPEMP: GDP per person employed,_T: Total - all activities,XDC_PS: National currency per person,LR: Chain linked volume (rebased),"GY: Growth rate, over 1 year",_Z: Not applicable,_Z: Not applicable,2018,-0.18940287273780945,A: Normal value,0: Units,2020,2: Two
DATAFLOW,OECD.SDD.TPS:DSD_PDB@DF_PDB(2.0),I,DEU: Germany,A: Annual,HRSTO: Hours worked for total employment,_T: Total - all activities,H: Hours,_Z: Not applicable,N: Non transformed data,_Z: Not applicable,_Z: Not applicable,2020,59065.847,A: Normal value,6: Millions,,2: Two
DATAFLOW,OECD.SDD.TPS:DSD_PDB@DF_PDB(2.0),I,DEU: Germany,A: Annual,HRSTO: Hours worked for total employment,_T: Total - all activities,H: Hours,_Z: Not applicable,N: Non transformed data,_Z: Not applicable,_Z: Not applicable,2019,62141.255,A: Normal value,6: Millions,,2: Two
DATAFLOW,OECD.SDD.TPS:DSD_PDB@DF_PDB(2.0),I,DEU: Germany,A: Annual,HRSTO: Hours worked for total employment,_T: Total - all activities,H: Hours,_Z: Not applicable,N: Non transformed data,_Z: Not applicable,_Z: Not applicable,2018,61964.17,A: Normal value,6: Millions,,2: Two
DATAFLOW,OECD.SDD.TPS:DSD_PDB@DF_PDB(2.0),I,DEU: Germany,A: Annual,HRSAV: Average hours worked per person employed,_T: Total - all activities,H_PS: Hours per person,_Z: Not applicable,N: Non transformed data,_Z: Not applicable,_Z: Not applicable,2020,1313.5668505092738,A: Normal value,0: Units,,2: Two
DATAFLOW,OECD.SDD.TPS:DSD_PDB@DF_PDB(2.0),I,DEU: Germany,A: Annual,HRSAV: Average hours worked per person employed,_T: Total - all activities,H_PS: Hours per person,_Z: Not applicable,N: Non transformed data,_Z: Not applicable,_Z: Not applicable,2019,1372.0442251219888,A: Normal value,0: Units,,2: Two
DATAFLOW,OECD.SDD.TPS:DSD_PDB@DF_PDB(2.0),I,DEU: Germany,A: Annual,HRSAV: Average hours worked per person employed,_T: Total - all activities,H_PS: Hours per person,_Z: Not applicable,N: Non transformed data,_Z: Not applicable,_Z: Not applicable,2018,1380.7248540487544,A: Normal value,0: Units,,2: Two
DATAFLOW,OECD.SDD.TPS:DSD_PDB@DF_PDB(2.0),I,DEU: Germany,A: Annual,HRSAV: Average hours worked per person employed,_T: Total - all activities,H_PS: Hours per person,_Z: Not applicable,"GY: Growth rate, over 1 year",_Z: Not applicable,_Z: Not applicable,2020,-4.2620619322613855,A: Normal value,0: Units,,2: Two
DATAFLOW,OECD.SDD.TPS:DSD_PDB@DF_PDB(2.0),I,DEU: Germany,A: Annual,HRSAV: Average hours worked per person employed,_T: Total - all activities,H_PS: Hours per person,_Z: Not applicable,"GY: Growth rate, over 1 year",_Z: Not applicable,_Z: Not applicable,2019,-0.6287008524045179,A: Normal value,0: Units,,2: Two
DATAFLOW,OECD.SDD.TPS:DSD_PDB@DF_PDB(2.0),I,DEU: Germany,A: Annual,HRSAV: Average hours worked per person employed,_T: Total - all activities,H_PS: Hours per person,_Z: Not applicable,"GY: Growth rate, over 1 year",_Z: Not applicable,_Z: Not applicable,2018,-0.5393349657940916,A: Normal value,0: Units,,2: Two
DATAFLOW,OECD.SDD.TPS:DSD_PDB@DF_PDB(2.0),I,DEU: Germany,A: Annual,GDPHRS: GDP per hour worked,_T: Total - all activities,XDC_H: National currency per hour,LR: Chain linked volume (rebased),N: Non transformed data,_Z: Not applicable,_Z: Not applicable,2018,57.526692603160825,A: Normal value,0: Units,2020,2: Two
DATAFLOW,OECD.SDD.TPS:DSD_PDB@DF_PDB(2.0),I,DEU: Germany,A: Annual,GDPPOP: GDP per capita,_T: Total - all activities,XDC_PS: National currency per person,LR: Chain linked volume (rebased),N: Non transformed data,_Z: Not applicable,_Z: Not applicable,2024,43114.89062107116,A: Normal value,0: Units,2020,2: Two
DATAFLOW,OECD.SDD.TPS:DSD_PDB@DF_PDB(2.0),I,DEU: Germany,A: Annual,GDPPOP: GDP per capita,_T: Total - all activities,XDC_PS: National currency per person,LR: Chain linked volume (rebased),N: Non transformed data,_Z: Not applicable,_Z: Not applicable,2023,43449.3985856136,A: Normal value,0: Units,2020,2: Two
DATAFLOW,OECD.SDD.TPS:DSD_PDB@DF_PDB(2.0),I,DEU: Germany,A: Annual,GDPPOP: GDP per capita,_T: Total - all activities,XDC_PS: National currency per person,LR: Chain linked volume (rebased),N: Non transformed data,_Z: Not applicable,_Z: Not applicable,2022,44233.13853312169,A: Normal value,0: Units,2020,2: Two
DATAFLOW,OECD.SDD.TPS:DSD_PDB@DF_PDB(2.0),I,DEU: Germany,A: Annual,GDPPOP: GDP per capita,_T: Total - all activities,XDC_PS: National currency per person,LR: Chain linked volume (rebased),N: Non transformed data,_Z: Not applicable,_Z: Not applicable,2021,43730.02195255808,A: Normal value,0: Units,2020,2: Two
DATAFLOW,OECD.SDD.TPS:DSD_PDB@DF_PDB(2.0),I,DEU: Germany,A: Annual,GDPPOP: GDP per capita,_T: Total - all activities,XDC_PS: National currency per person,LR: Chain linked volume (rebased),N: Non transformed data,_Z: Not applicable,_Z: Not applicable,2020,42017.38791612888,A: Normal value,0: Units,2020,2: Two
DATAFLOW,OECD.SDD.TPS:DSD_PDB@DF_PDB(2.0),I,DEU: Germany,A: Annual,GDPPOP: GDP per capita,_T: Total - all activities,XDC_PS: National currency per person,LR: Chain linked volume (rebased),N: Non transformed data,_Z: Not applicable,_Z: Not applicable,2019,43787.28306752795,A: Normal value,0: Units,2020,2: Two
DATAFLOW,OECD.SDD.TPS:DSD_PDB@DF_PDB(2.0),I,DEU: Germany,A: Annual,GDPPOP: GDP per capita,_T: Total - all activities,XDC_PS: National currency per person,LR: Chain linked volume (rebased),N: Non transformed data,_Z: Not applicable,_Z: Not applicable,2018,43387.58425940577,A: Normal value,0: Units,2020,2: Two
DATAFLOW,OECD.SDD.TPS:DSD_PDB@DF_PDB(2.0),I,DEU: Germany,A: Annual,HRSAV: Average hours worked per person employed,_T: Total - all activities,H_PS: Hours per person,_Z: Not applicable,N: Non transformed data,_Z: Not applicable,_Z: Not applicable,2021,1341.2255278524012,A: Normal value,0: Units,,2: Two
DATAFLOW,OECD.SDD.TPS:DSD_PDB@DF_PDB(2.0),I,DEU: Germany,A: Annual,HRSAV: Average hours worked per person employed,_T: Total - all activities,H_PS: Hours per person,_Z: Not applicable,"GY: Growth rate, over 1 year",_Z: Not applicable,_Z: Not applicable,2021,2.105616271635058,A: Normal value,0: Units,,2: Two
DATAFLOW,OECD.SDD.TPS:DSD_PDB@DF_PDB(2.0),I,DEU: Germany,A: Annual,GDPEMP: GDP per person employed,_T: Total - all activities,XDC_PS: National currency per person,LR: Chain linked volume (rebased),"GY: Growth rate, over 1 year",_Z: Not applicable,_Z: Not applicable,2021,3.736974254430825,A: Normal value,0: Units,2020,2: Two
DATAFLOW,OECD.SDD.TPS:DSD_PDB@DF_PDB(2.0),I,DEU: Germany,A: Annual,GDPEMP: GDP per person employed,_T: Total - all activities,XDC_PS: National currency per person,LR: Chain linked volume (rebased),"GY: Growth rate, over 1 year",_Z: Not applicable,_Z: Not applicable,2020,-3.439010286834576,A: Normal value,0: Units,2020,2: Two
DATAFLOW,OECD.SDD.TPS:DSD_PDB@DF_PDB(2.0),I,DEU: Germany,A: Annual,GDPEMP: GDP per person employed,_T: Total - all activities,XDC_PS: National currency per person,LR: Chain linked volume (rebased),"GY: Growth rate, over 1 year",_Z: Not applicable,_Z: Not applicable,2019,0.05693797296828507,A: Normal value,0: Units,2020,2: Two
DATAFLOW,OECD.SDD.TPS:DSD_PDB@DF_PDB(2.0),I,DEU: Germany,A: Annual,GDPEMP: GDP per person employed,_T: Total - all activities,XDC_PS: National currency per person,LR: Chain linked volume (rebased),N: Non transformed data,_Z: Not applicable,_Z: Not applicable,2021,79608.42676672366,A: Normal value,0: Units,2020,2: Two
DATAFLOW,OECD.SDD.TPS:DSD_PDB@DF_PDB(2.0),I,DEU: Germany,A: Annual,GDPEMP: GDP per person employed,_T: Total - all activities,XDC_PS: National currency per person,LR: Chain linked volume (rebased),N: Non transformed data,_Z: Not applicable,_Z: Not applicable,2020,76740.6484899702,A: Normal value,0: Units,2020,2: Two
DATAFLOW,OECD.SDD.TPS:DSD_PDB@DF_PDB(2.0),I,DEU: Germany,A: Annual,GDPEMP: GDP per person employed,_T: Total - all activities,XDC_PS: National currency per person,LR: Chain linked volume (rebased),N: Non transformed data,_Z: Not applicable,_Z: Not applicable,2019,79473.75924576625,A: Normal value,0: Units,2020,2: Two
DATAFLOW,OECD.SDD.TPS:DSD_PDB@DF_PDB(2.0),I,DEU: Germany,A: Annual,GDPEMP: GDP per person employed,_T: Total - all activities,XDC_PS: National currency per person,LR: Chain linked volume (rebased),N: Non transformed data,_Z: Not applicable,_Z: Not applicable,2018,79428.5342484068,A: Normal value,0: Units,2020,2: Two
DATAFLOW,OECD.SDD.TPS:DSD_PDB@DF_PDB(2.0),I,DEU: Germany,A: Annual,GDPEMP: GDP per person employed,_T: Total - all activities,XDC_PS: National currency per person,LR: Chain linked volume (rebased),N: Non transformed data,_Z: Not applicable,_Z: Not applicable,2025,78659.98910153014,A: Normal value,0: Units,2020,2: Two
DATAFLOW,OECD.SDD.TPS:DSD_PDB@DF_PDB(2.0),I,DEU: Germany,A: Annual,GDPEMP: GDP per person employed,_T: Total - all activities,XDC_PS: National currency per person,LR: Chain linked volume (rebased),N: Non transformed data,_Z: Not applicable,_Z: Not applicable,2024,78346.96083550913,A: Normal value,0: Units,2020,2: Two
DATAFLOW,OECD.SDD.TPS:DSD_PDB@DF_PDB(2.0),I,DEU: Germany,A: Annual,GDPEMP: GDP per person employed,_T: Total - all activities,XDC_PS: National currency per person,LR: Chain linked volume (rebased),N: Non transformed data,_Z: Not applicable,_Z: Not applicable,2023,78824.85046505043,A: Normal value,0: Units,2020,2: Two
DATAFLOW,OECD.SDD.TPS:DSD_PDB@DF_PDB(2.0),I,DEU: Germany,A: Annual,GDPEMP: GDP per person employed,_T: Total - all activities,XDC_PS: National currency per person,LR: Chain linked volume (rebased),N: Non transformed data,_Z: Not applicable,_Z: Not applicable,2022,80016.58607689272,A: Normal value,0: Units,2020,2: Two
DATAFLOW,OECD.SDD.TPS:DSD_PDB@DF_PDB(2.0),I,DEU: Germany,A: Annual,GDPPOP: GDP per capita,_T: Total - all activities,XDC_PS: National currency per person,LR: Chain linked volume (rebased),N: Non transformed data,_Z: Not applicable,_Z: Not applicable,2025,43211.99070803348,A: Normal value,0: Units,2020,2: Two
DATAFLOW,OECD.SDD.TPS:DSD_PDB@DF_PDB(2.0),I,DEU: Germany,A: Annual,GDPHRS: GDP per hour worked,_T: Total - all activities,XDC_H: National currency per hour,LR: Chain linked volume (rebased),"GY: Growth rate, over 1 year",_Z: Not applicable,_Z: Not applicable,2025,1.0514890072939709,A: Normal value,0: Units,2020,2: Two
DATAFLOW,OECD.SDD.TPS:DSD_PDB@DF_PDB(2.0),I,DEU: Germany,A: Annual,GDPHRS: GDP per hour worked,_T: Total - all activities,XDC_H: National currency per hour,LR: Chain linked volume (rebased),"GY: Growth rate, over 1 year",_Z: Not applicable,_Z: Not applicable,2024,-0.8412106678233666,A: Normal value,0: Units,2020,2: Two
DATAFLOW,OECD.SDD.TPS:DSD_PDB@DF_PDB(2.0),I,DEU: Germany,A: Annual,GDPHRS: GDP per hour worked,_T: Total - all activities,XDC_H: National currency per hour,LR: Chain linked volume (rebased),"GY: Growth rate, over 1 year",_Z: Not applicable,_Z: Not applicable,2023,-1.0330391267292185,A: Normal value,0: Units,2020,2: Two
DATAFLOW,OECD.SDD.TPS:DSD_PDB@DF_PDB(2.0),I,DEU: Germany,A: Annual,GDPHRS: GDP per hour worked,_T: Total - all activities,XDC_H: National currency per hour,LR: Chain linked volume (rebased),"GY: Growth rate, over 1 year",_Z: Not applicable,_Z: Not applicable,2022,0.00279399798031043,A: Normal value,0: Units,2020,2: Two
DATAFLOW,OECD.SDD.TPS:DSD_PDB@DF_PDB(2.0),I,DEU: Germany,A: Annual,GDPEMP: GDP per person employed,_T: Total - all activities,XDC_PS: National currency per person,L: Chain linked volume,N: Non transformed data,_Z: Not applicable,_Z: Not applicable,2021,79608.42676672366,A: Normal value,0: Units,,2: Two
DATAFLOW,OECD.SDD.TPS:DSD_PDB@DF_PDB(2.0),I,DEU: Germany,A: Annual,GDPEMP: GDP per person employed,_T: Total - all activities,XDC_PS: National currency per person,L: Chain linked volume,N: Non transformed data,_Z: Not applicable,_Z: Not applicable,2020,76740.6484899702,A: Normal value,0: Units,,2: Two
DATAFLOW,OECD.SDD.TPS:DSD_PDB@DF_PDB(2.0),I,DEU: Germany,A: Annual,GDPEMP: GDP per person employed,_T: Total - all activities,XDC_PS: National currency per person,L: Chain linked volume,N: Non transformed data,_Z: Not applicable,_Z: Not applicable,2019,79473.75924576625,A: Normal value,0: Units,,2: Two
DATAFLOW,OECD.SDD.TPS:DSD_PDB@DF_PDB(2.0),I,DEU: Germany,A: Annual,GDPEMP: GDP per person employed,_T: Total - all activities,XDC_PS: National currency per person,L: Chain linked volume,N: Non transformed data,_Z: Not applicable,_Z: Not applicable,2018,79428.5342484068,A: Normal value,0: Units,,2: Two
DATAFLOW,OECD.SDD.TPS:DSD_PDB@DF_PDB(2.0),I,DEU: Germany,A: Annual,GDPHRS: GDP per hour worked,_T: Total - all activities,XDC_H: National currency per hour,LR: Chain linked volume (rebased),"GY: Growth rate, over 1 year",_Z: Not applicable,_Z: Not applicable,2021,1.5977162102972065,A: Normal value,0: Units,2020,2: Two
DATAFLOW,OECD.SDD.TPS:DSD_PDB@DF_PDB(2.0),I,DEU: Germany,A: Annual,GDPHRS: GDP per hour worked,_T: Total - all activities,XDC_H: National currency per hour,LR: Chain linked volume (rebased),"GY: Growth rate, over 1 year",_Z: Not applicable,_Z: Not applicable,2020,0.8596922620627723,A: Normal value,0: Units,2020,2: Two
DATAFLOW,OECD.SDD.TPS:DSD_PDB@DF_PDB(2.0),I,DEU: Germany,A: Annual,GDPHRS: GDP per hour worked,_T: Total - all activities,XDC_H: National currency per hour,LR: Chain linked volume (rebased),"GY: Growth rate, over 1 year",_Z: Not applicable,_Z: Not applicable,2019,0.6899767148605296,A: Normal value,0: Units,2020,2: Two
DATAFLOW,OECD.SDD.TPS:DSD_PDB@DF_PDB(2.0),I,DEU: Germany,A: Annual,GDPHRS: GDP per hour worked,_T: Total - all activities,XDC_H: National currency per hour,LR: Chain linked volume (rebased),"GY: Growth rate, over 1 year",_Z: Not applicable,_Z: Not applicable,2018,0.35182963328861394,A: Normal value,0: Units,2020,2: Two
DATAFLOW,OECD.SDD.TPS:DSD_PDB@DF_PDB(2.0),I,DEU: Germany,A: Annual,EMP: Employment,_T: Total - all activities,PS: Persons,_Z: Not applicable,N: Non transformed data,_Z: Not applicable,_Z: Not applicable,2021,45041,A: Normal value,3: Thousands,,2: Two
DATAFLOW,OECD.SDD.TPS:DSD_PDB@DF_PDB(2.0),I,DEU: Germany,A: Annual,POP: Population,_T: Total - all activities,PS: Persons,_Z: Not applicable,N: Non transformed data,_Z: Not applicable,_Z: Not applicable,2024,83517,A: Normal value,3: Thousands,,2: Two
DATAFLOW,OECD.SDD.TPS:DSD_PDB@DF_PDB(2.0),I,DEU: Germany,A: Annual,POP: Population,_T: Total - all activities,PS: Persons,_Z: Not applicable,N: Non transformed data,_Z: Not applicable,_Z: Not applicable,2023,83287,A: Normal value,3: Thousands,,2: Two
DATAFLOW,OECD.SDD.TPS:DSD_PDB@DF_PDB(2.0),I,DEU: Germany,A: Annual,POP: Population,_T: Total - all activities,PS: Persons,_Z: Not applicable,N: Non transformed data,_Z: Not applicable,_Z: Not applicable,2022,82529,A: Normal value,3: Thousands,,2: Two
DATAFLOW,OECD.SDD.TPS:DSD_PDB@DF_PDB(2.0),I,DEU: Germany,A: Annual,POP: Population,_T: Total - all activities,PS: Persons,_Z: Not applicable,N: Non transformed data,_Z: Not applicable,_Z: Not applicable,2021,81995,A: Normal value,3: Thousands,,2: Two
DATAFLOW,OECD.SDD.TPS:DSD_PDB@DF_PDB(2.0),I,DEU: Germany,A: Annual,POP: Population,_T: Total - all activities,PS: Persons,_Z: Not applicable,N: Non transformed data,_Z: Not applicable,_Z: Not applicable,2020,82126,A: Normal value,3: Thousands,,2: Two
DATAFLOW,OECD.SDD.TPS:DSD_PDB@DF_PDB(2.0),I,DEU: Germany,A: Annual,POP: Population,_T: Total - all activities,PS: Persons,_Z: Not applicable,N: Non transformed data,_Z: Not applicable,_Z: Not applicable,2019,82203,A: Normal value,3: Thousands,,2: Two
DATAFLOW,OECD.SDD.TPS:DSD_PDB@DF_PDB(2.0),I,DEU: Germany,A: Annual,POP: Population,_T: Total - all activities,PS: Persons,_Z: Not applicable,N: Non transformed data,_Z: Not applicable,_Z: Not applicable,2018,82157,A: Normal value,3: Thousands,,2: Two
DATAFLOW,OECD.SDD.TPS:DSD_PDB@DF_PDB(2.0),I,DEU: Germany,A: Annual,HRSTO: Hours worked for total employment,_T: Total - all activities,H: Hours,_Z: Not applicable,N: Non transformed data,_Z: Not applicable,_Z: Not applicable,2021,60410.139,A: Normal value,6: Millions,,2: Two
DATAFLOW,OECD.SDD.TPS:DSD_PDB@DF_PDB(2.0),I,DEU: Germany,A: Annual,GDPHRS: GDP per hour worked,_T: Total - all activities,XDC_H: National currency per hour,L: Chain linked volume,"GY: Growth rate, over 1 year",_Z: Not applicable,_Z: Not applicable,2025,1.0514890072939709,A: Normal value,0: Units,,2: Two
DATAFLOW,OECD.SDD.TPS:DSD_PDB@DF_PDB(2.0),I,DEU: Germany,A: Annual,GDPHRS: GDP per hour worked,_T: Total - all activities,XDC_H: National currency per hour,L: Chain linked volume,"GY: Growth rate, over 1 year",_Z: Not applicable,_Z: Not applicable,2024,-0.8412106678233666,A: Normal value,0: Units,,2: Two
DATAFLOW,OECD.SDD.TPS:DSD_PDB@DF_PDB(2.0),I,DEU: Germany,A: Annual,GDPHRS: GDP per hour worked,_T: Total - all activities,XDC_H: National currency per hour,L: Chain linked volume,"GY: Growth rate, over 1 year",_Z: Not applicable,_Z: Not applicable,2023,-1.0330391267292185,A: Normal value,0: Units,,2: Two
DATAFLOW,OECD.SDD.TPS:DSD_PDB@DF_PDB(2.0),I,DEU: Germany,A: Annual,HRSAV: Average hours worked per person employed,_T: Total - all activities,H_PS: Hours per person,_Z: Not applicable,"GY: Growth rate, over 1 year",_Z: Not applicable,_Z: Not applicable,2025,-0.6451641323971802,A: Normal value,0: Units,,2: Two
DATAFLOW,OECD.SDD.TPS:DSD_PDB@DF_PDB(2.0),I,DEU: Germany,A: Annual,HRSAV: Average hours worked per person employed,_T: Total - all activities,H_PS: Hours per person,_Z: Not applicable,"GY: Growth rate, over 1 year",_Z: Not applicable,_Z: Not applicable,2023,-0.4610847912292493,A: Normal value,0: Units,,2: Two
DATAFLOW,OECD.SDD.TPS:DSD_PDB@DF_PDB(2.0),I,DEU: Germany,A: Annual,HRSAV: Average hours worked per person employed,_T: Total - all activities,H_PS: Hours per person,_Z: Not applicable,"GY: Growth rate, over 1 year",_Z: Not applicable,_Z: Not applicable,2022,0.5099004305439303,A: Normal value,0: Units,,2: Two
DATAFLOW,OECD.SDD.TPS:DSD_PDB@DF_PDB(2.0),I,DEU: Germany,A: Annual,HRSAV: Average hours worked per person employed,_T: Total - all activities,H_PS: Hours per person,_Z: Not applicable,"GY: Growth rate, over 1 year",_Z: Not applicable,_Z: Not applicable,2024,0.2369360719359337,A: Normal value,0: Units,,2: Two
DATAFLOW,OECD.SDD.TPS:DSD_PDB@DF_PDB(2.0),I,DEU: Germany,A: Annual,HRSAV: Average hours worked per person employed,_T: Total - all activities,H_PS: Hours per person,_Z: Not applicable,N: Non transformed data,_Z: Not applicable,_Z: Not applicable,2025,1336.3504076027723,A: Normal value,0: Units,,2: Two
DATAFLOW,OECD.SDD.TPS:DSD_PDB@DF_PDB(2.0),I,DEU: Germany,A: Annual,HRSAV: Average hours worked per person employed,_T: Total - all activities,H_PS: Hours per person,_Z: Not applicable,N: Non transformed data,_Z: Not applicable,_Z: Not applicable,2023,1341.8487224727178,A: Normal value,0: Units,,2: Two
DATAFLOW,OECD.SDD.TPS:DSD_PDB@DF_PDB(2.0),I,DEU: Germany,A: Annual,HRSAV: Average hours worked per person employed,_T: Total - all activities,H_PS: Hours per person,_Z: Not applicable,N: Non transformed data,_Z: Not applicable,_Z: Not applicable,2022,1348.0644425934856,A: Normal value,0: Units,,2: Two
DATAFLOW,OECD.SDD.TPS:DSD_PDB@DF_PDB(2.0),I,DEU: Germany,A: Annual,HRSAV: Average hours worked per person employed,_T: Total - all activities,H_PS: Hours per person,_Z: Not applicable,N: Non transformed data,_Z: Not applicable,_Z: Not applicable,2024,1345.028046127067,A: Normal value,0: Units,,2: Two
DATAFLOW,OECD.SDD.TPS:DSD_PDB@DF_PDB(2.0),I,DEU: Germany,A: Annual,GDPHRS: GDP per hour worked,_T: Total - all activities,XDC_H: National currency per hour,LR: Chain linked volume (rebased),N: Non transformed data,_Z: Not applicable,_Z: Not applicable,2021,59.354989234505815,A: Normal value,0: Units,2020,2: Two
DATAFLOW,OECD.SDD.TPS:DSD_PDB@DF_PDB(2.0),I,DEU: Germany,A: Annual,GDPHRS: GDP per hour worked,_T: Total - all activities,XDC_H: National currency per hour,LR: Chain linked volume (rebased),N: Non transformed data,_Z: Not applicable,_Z: Not applicable,2020,58.421578209146816,A: Normal value,0: Units,2020,2: Two
DATAFLOW,OECD.SDD.TPS:DSD_PDB@DF_PDB(2.0),I,DEU: Germany,A: Annual,GDPHRS: GDP per hour worked,_T: Total - all activities,XDC_H: National currency per hour,LR: Chain linked volume (rebased),N: Non transformed data,_Z: Not applicable,_Z: Not applicable,2019,57.923613386952034,A: Normal value,0: Units,2020,2: Two
DATAFLOW,OECD.SDD.TPS:DSD_PDB@DF_PDB(2.0),I,DEU: Germany,A: Annual,GDPPOP: GDP per capita,_T: Total - all activities,XDC_PS: National currency per person,L: Chain linked volume,N: Non transformed data,_Z: Not applicable,_Z: Not applicable,2024,43114.89062107116,A: Normal value,0: Units,,2: Two
DATAFLOW,OECD.SDD.TPS:DSD_PDB@DF_PDB(2.0),I,DEU: Germany,A: Annual,GDPPOP: GDP per capita,_T: Total - all activities,XDC_PS: National currency per person,L: Chain linked volume,N: Non transformed data,_Z: Not applicable,_Z: Not applicable,2023,43449.3985856136,A: Normal value,0: Units,,2: Two
DATAFLOW,OECD.SDD.TPS:DSD_PDB@DF_PDB(2.0),I,DEU: Germany,A: Annual,GDPPOP: GDP per capita,_T: Total - all activities,XDC_PS: National currency per person,L: Chain linked volume,N: Non transformed data,_Z: Not applicable,_Z: Not applicable,2022,44233.13853312169,A: Normal value,0: Units,,2: Two
DATAFLOW,OECD.SDD.TPS:DSD_PDB@DF_PDB(2.0),I,DEU: Germany,A: Annual,GDPPOP: GDP per capita,_T: Total - all activities,XDC_PS: National currency per person,L: Chain linked volume,N: Non transformed data,_Z: Not applicable,_Z: Not applicable,2021,43730.02195255808,A: Normal value,0: Units,,2: Two
DATAFLOW,OECD.SDD.TPS:DSD_PDB@DF_PDB(2.0),I,DEU: Germany,A: Annual,GDPPOP: GDP per capita,_T: Total - all activities,XDC_PS: National currency per person,L: Chain linked volume,N: Non transformed data,_Z: Not applicable,_Z: Not applicable,2020,42017.38791612888,A: Normal value,0: Units,,2: Two
DATAFLOW,OECD.SDD.TPS:DSD_PDB@DF_PDB(2.0),I,DEU: Germany,A: Annual,GDPPOP: GDP per capita,_T: Total - all activities,XDC_PS: National currency per person,L: Chain linked volume,N: Non transformed data,_Z: Not applicable,_Z: Not applicable,2019,43787.28306752795,A: Normal value,0: Units,,2: Two
DATAFLOW,OECD.SDD.TPS:DSD_PDB@DF_PDB(2.0),I,DEU: Germany,A: Annual,GDPPOP: GDP per capita,_T: Total - all activities,XDC_PS: National currency per person,L: Chain linked volume,N: Non transformed data,_Z: Not applicable,_Z: Not applicable,2018,43387.58425940577,A: Normal value,0: Units,,2: Two
DATAFLOW,OECD.SDD.TPS:DSD_PDB@DF_PDB(2.0),I,DEU: Germany,A: Annual,GDPEMP: GDP per person employed,_T: Total - all activities,XDC_PS: National currency per person,V: Current prices,N: Non transformed data,_Z: Not applicable,_Z: Not applicable,2021,81755.28962500833,A: Normal value,0: Units,,2: Two
DATAFLOW,OECD.SDD.TPS:DSD_PDB@DF_PDB(2.0),I,DEU: Germany,A: Annual,GDPEMP: GDP per person employed,_T: Total - all activities,XDC_PS: National currency per person,V: Current prices,N: Non transformed data,_Z: Not applicable,_Z: Not applicable,2020,76740.6484899702,A: Normal value,0: Units,,2: Two
DATAFLOW,OECD.SDD.TPS:DSD_PDB@DF_PDB(2.0),I,DEU: Germany,A: Annual,GDPEMP: GDP per person employed,_T: Total - all activities,XDC_PS: National currency per person,V: Current prices,N: Non transformed data,_Z: Not applicable,_Z: Not applicable,2019,78101.1680024729,A: Normal value,0: Units,,2: Two
DATAFLOW,OECD.SDD.TPS:DSD_PDB@DF_PDB(2.0),I,DEU: Germany,A: Annual,GDPEMP: GDP per person employed,_T: Total - all activities,XDC_PS: National currency per person,V: Current prices,N: Non transformed data,_Z: Not applicable,_Z: Not applicable,2018,76519.22991220643,A: Normal value,0: Units,,2: Two
DATAFLOW,OECD.SDD.TPS:DSD_PDB@DF_PDB(2.0),I,DEU: Germany,A: Annual,GDPPOP: GDP per capita,_T: Total - all activities,XDC: National currency,LR: Chain linked volume (rebased),N: Non transformed data,_Z: Not applicable,_Z: Not applicable,2025,43214.562520952066,A: Normal value,0: Units,,2: Two
DATAFLOW,OECD.SDD.TPS:DSD_PDB@DF_PDB(2.0),I,DEU: Germany,A: Annual,GDPPOP: GDP per capita,_T: Total - all activities,XDC_PS: National currency per person,V: Current prices,N: Non transformed data,_Z: Not applicable,_Z: Not applicable,2023,50659.8868971148,A: Normal value,0: Units,,2: Two
DATAFLOW,OECD.SDD.TPS:DSD_PDB@DF_PDB(2.0),I,DEU: Germany,A: Annual,GDPPOP: GDP per capita,_T: Total - all activities,XDC_PS: National currency per person,V: Current prices,N: Non transformed data,_Z: Not applicable,_Z: Not applicable,2022,48339.250445298014,A: Normal value,0: Units,,2: Two
DATAFLOW,OECD.SDD.TPS:DSD_PDB@DF_PDB(2.0),I,DEU: Germany,A: Annual,GDPPOP: GDP per capita,_T: Total - all activities,XDC_PS: National currency per person,V: Current prices,N: Non transformed data,_Z: Not applicable,_Z: Not applicable,2021,44909.323739252395,A: Normal value,0: Units,,2: Two
DATAFLOW,OECD.SDD.TPS:DSD_PDB@DF_PDB(2.0),I,DEU: Germany,A: Annual,GDPPOP: GDP per capita,_T: Total - all activities,XDC_PS: National currency per person,V: Current prices,N: Non transformed data,_Z: Not applicable,_Z: Not applicable,2020,42017.38791612888,A: Normal value,0: Units,,2: Two
DATAFLOW,OECD.SDD.TPS:DSD_PDB@DF_PDB(2.0),I,DEU: Germany,A: Annual,GDPPOP: GDP per capita,_T: Total - all activities,XDC_PS: National currency per person,V: Current prices,N: Non transformed data,_Z: Not applicable,_Z: Not applicable,2019,43031.03293067163,A: Normal value,0: Units,,2: Two
DATAFLOW,OECD.SDD.TPS:DSD_PDB@DF_PDB(2.0),I,DEU: Germany,A: Annual,GDPPOP: GDP per capita,_T: Total - all activities,XDC_PS: National currency per person,V: Current prices,N: Non transformed data,_Z: Not applicable,_Z: Not applicable,2018,41798.3860170162,A: Normal value,0: Units,,2: Two
DATAFLOW,OECD.SDD.TPS:DSD_PDB@DF_PDB(2.0),I,DEU: Germany,A: Annual,GDP: Gross domestic product,_T: Total - all activities,XDC: National currency,LR: Chain linked volume (rebased),N: Non transformed data,_Z: Not applicable,_Z: Not applicable,2025,3608762.98,A: Normal value,6: Millions,2020,2: Two
DATAFLOW,OECD.SDD.TPS:DSD_PDB@DF_PDB(2.0),I,DEU: Germany,A: Annual,GDP: Gross domestic product,_T: Total - all activities,XDC: National currency,L: Chain linked volume,N: Non transformed data,_Z: Not applicable,_Z: Not applicable,2025,3608762.98,A: Normal value,6: Millions,,2: Two
DATAFLOW,OECD.SDD.TPS:DSD_PDB@DF_PDB(2.0),I,DEU: Germany,A: Annual,GDP: Gross domestic product,_T: Total - all activities,XDC: National currency,V: Current prices,N: Non transformed data,_Z: Not applicable,_Z: Not applicable,2025,4469810,A: Normal value,6: Millions,,2: Two
DATAFLOW,OECD.SDD.TPS:DSD_PDB@DF_PDB(2.0),I,DEU: Germany,A: Annual,GDP: Gross domestic product,_T: Total - all activities,XDC: National currency,V: Current prices,N: Non transformed data,_Z: Not applicable,_Z: Not applicable,2024,4328970,A: Normal value,6: Millions,,2: Two
DATAFLOW,OECD.SDD.TPS:DSD_PDB@DF_PDB(2.0),I,DEU: Germany,A: Annual,GDP: Gross domestic product,_T: Total - all activities,XDC: National currency,L: Chain linked volume,N: Non transformed data,_Z: Not applicable,_Z: Not applicable,2024,3600826.32,A: Normal value,6: Millions,,2: Two
DATAFLOW,OECD.SDD.TPS:DSD_PDB@DF_PDB(2.0),I,DEU: Germany,A: Annual,GDP: Gross domestic product,_T: Total - all activities,XDC: National currency,LR: Chain linked volume (rebased),N: Non transformed data,_Z: Not applicable,_Z: Not applicable,2024,3600826.32,A: Normal value,6: Millions,2020,2: Two
DATAFLOW,OECD.SDD.TPS:DSD_PDB@DF_PDB(2.0),I,DEU: Germany,A: Annual,GDP: Gross domestic product,_T: Total - all activities,XDC: National currency,LR: Chain linked volume (rebased),N: Non transformed data,_Z: Not applicable,_Z: Not applicable,2023,3618770.06,A: Normal value,6: Millions,2020,2: Two
DATAFLOW,OECD.SDD.TPS:DSD_PDB@DF_PDB(2.0),I,DEU: Germany,A: Annual,GDP: Gross domestic product,_T: Total - all activities,XDC: National currency,L: Chain linked volume,N: Non transformed data,_Z: Not applicable,_Z: Not applicable,2023,3618770.06,A: Normal value,6: Millions,,2: Two
DATAFLOW,OECD.SDD.TPS:DSD_PDB@DF_PDB(2.0),I,DEU: Germany,A: Annual,GDP: Gross domestic product,_T: Total - all activities,XDC: National currency,V: Current prices,N: Non transformed data,_Z: Not applicable,_Z: Not applicable,2023,4219310,A: Normal value,6: Millions,,2: Two
DATAFLOW,OECD.SDD.TPS:DSD_PDB@DF_PDB(2.0),I,DEU: Germany,A: Annual,GDP: Gross domestic product,_T: Total - all activities,XDC: National currency,V: Current prices,N: Non transformed data,_Z: Not applicable,_Z: Not applicable,2022,3989390,A: Normal value,6: Millions,,2: Two
DATAFLOW,OECD.SDD.TPS:DSD_PDB@DF_PDB(2.0),I,DEU: Germany,A: Annual,GDP: Gross domestic product,_T: Total - all activities,XDC: National currency,L: Chain linked volume,N: Non transformed data,_Z: Not applicable,_Z: Not applicable,2022,3650516.69,A: Normal value,6: Millions,,2: Two
DATAFLOW,OECD.SDD.TPS:DSD_PDB@DF_PDB(2.0),I,DEU: Germany,A: Annual,GDP: Gross domestic product,_T: Total - all activities,XDC: National currency,LR: Chain linked volume (rebased),N: Non transformed data,_Z: Not applicable,_Z: Not applicable,2022,3650516.69,A: Normal value,6: Millions,2020,2: Two
DATAFLOW,OECD.SDD.TPS:DSD_PDB@DF_PDB(2.0),I,DEU: Germany,A: Annual,GDP: Gross domestic product,_T: Total - all activities,XDC: National currency,LR: Chain linked volume (rebased),N: Non transformed data,_Z: Not applicable,_Z: Not applicable,2021,3585643.15,A: Normal value,6: Millions,2020,2: Two
DATAFLOW,OECD.SDD.TPS:DSD_PDB@DF_PDB(2.0),I,DEU: Germany,A: Annual,GDP: Gross domestic product,_T: Total - all activities,XDC: National currency,L: Chain linked volume,N: Non transformed data,_Z: Not applicable,_Z: Not applicable,2021,3585643.15,A: Normal value,6: Millions,,2: Two
DATAFLOW,OECD.SDD.TPS:DSD_PDB@DF_PDB(2.0),I,DEU: Germany,A: Annual,GDP: Gross domestic product,_T: Total - all activities,XDC: National currency,V: Current prices,N: Non transformed data,_Z: Not applicable,_Z: Not applicable,2021,3682340,A: Normal value,6: Millions,,2: Two
DATAFLOW,OECD.SDD.TPS:DSD_PDB@DF_PDB(2.0),I,DEU: Germany,A: Annual,GDP: Gross domestic product,_T: Total - all activities,XDC: National currency,V: Current prices,N: Non transformed data,_Z: Not applicable,_Z: Not applicable,2020,3450720,A: Normal value,6: Millions,,2: Two
DATAFLOW,OECD.SDD.TPS:DSD_PDB@DF_PDB(2.0),I,DEU: Germany,A: Annual,GDP: Gross domestic product,_T: Total - all activities,XDC: National currency,L: Chain linked volume,N: Non transformed data,_Z: Not applicable,_Z: Not applicable,2020,3450720,A: Normal value,6: Millions,,2: Two
DATAFLOW,OECD.SDD.TPS:DSD_PDB@DF_PDB(2.0),I,DEU: Germany,A: Annual,GDP: Gross domestic product,_T: Total - all activities,XDC: National currency,LR: Chain linked volume (rebased),N: Non transformed data,_Z: Not applicable,_Z: Not applicable,2020,3450720,A: Normal value,6: Millions,2020,2: Two
DATAFLOW,OECD.SDD.TPS:DSD_PDB@DF_PDB(2.0),I,DEU: Germany,A: Annual,GDP: Gross domestic product,_T: Total - all activities,XDC: National currency,LR: Chain linked volume (rebased),N: Non transformed data,_Z: Not applicable,_Z: Not applicable,2019,3599446.03,A: Normal value,6: Millions,2020,2: Two
DATAFLOW,OECD.SDD.TPS:DSD_PDB@DF_PDB(2.0),I,DEU: Germany,A: Annual,GDP: Gross domestic product,_T: Total - all activities,XDC: National currency,L: Chain linked volume,N: Non transformed data,_Z: Not applicable,_Z: Not applicable,2019,3599446.03,A: Normal value,6: Millions,,2: Two
DATAFLOW,OECD.SDD.TPS:DSD_PDB@DF_PDB(2.0),I,DEU: Germany,A: Annual,GDP: Gross domestic product,_T: Total - all activities,XDC: National currency,V: Current prices,N: Non transformed data,_Z: Not applicable,_Z: Not applicable,2019,3537280,A: Normal value,6: Millions,,2: Two
DATAFLOW,OECD.SDD.TPS:DSD_PDB@DF_PDB(2.0),I,DEU: Germany,A: Annual,GDP: Gross domestic product,_T: Total - all activities,XDC: National currency,V: Current prices,N: Non transformed data,_Z: Not applicable,_Z: Not applicable,2018,3434030,A: Normal value,6: Millions,,2: Two
DATAFLOW,OECD.SDD.TPS:DSD_PDB@DF_PDB(2.0),I,DEU: Germany,A: Annual,GDP: Gross domestic product,_T: Total - all activities,XDC: National currency,L: Chain linked volume,N: Non transformed data,_Z: Not applicable,_Z: Not applicable,2018,3564593.76,A: Normal value,6: Millions,,2: Two
DATAFLOW,OECD.SDD.TPS:DSD_PDB@DF_PDB(2.0),I,DEU: Germany,A: Annual,GDP: Gross domestic product,_T: Total - all activities,XDC: National currency,LR: Chain linked volume (rebased),N: Non transformed data,_Z: Not applicable,_Z: Not applicable,2018,3564593.76,A: Normal value,6: Millions,2020,2: Two
DATAFLOW,OECD.SDD.TPS:DSD_PDB@DF_PDB(2.0),I,DEU: Germany,A: Annual,GDPHRS: GDP per hour worked,_T: Total - all activities,"USD_PPP_H: US dollars per hour, PPP converted",LR: Chain linked volume (rebased),N: Non transformed data,_Z: Not applicable,PPP: PPP converted,2025,83.2750405959417,A: Normal value,0: Units,2020,2: Two
DATAFLOW,OECD.SDD.TPS:DSD_PDB@DF_PDB(2.0),I,DEU: Germany,A: Annual,GDPHRS: GDP per hour worked,_T: Total - all activities,"USD_PPP_H: US dollars per hour, PPP converted",LR: Chain linked volume (rebased),N: Non transformed data,_Z: Not applicable,PPP: PPP converted,2024,82.4085240343554,A: Normal value,0: Units,2020,2: Two
DATAFLOW,OECD.SDD.TPS:DSD_PDB@DF_PDB(2.0),I,DEU: Germany,A: Annual,GDPHRS: GDP per hour worked,_T: Total - all activities,"USD_PPP_H: US dollars per hour, PPP converted",LR: Chain linked volume (rebased),N: Non transformed data,_Z: Not applicable,PPP: PPP converted,2023,83.10763430695744,A: Normal value,0: Units,2020,2: Two
DATAFLOW,OECD.SDD.TPS:DSD_PDB@DF_PDB(2.0),I,DEU: Germany,A: Annual,GDPHRS: GDP per hour worked,_T: Total - all activities,"USD_PPP_H: US dollars per hour, PPP converted",LR: Chain linked volume (rebased),N: Non transformed data,_Z: Not applicable,PPP: PPP converted,2022,83.97513027183969,A: Normal value,0: Units,2020,2: Two
DATAFLOW,OECD.SDD.TPS:DSD_PDB@DF_PDB(2.0),I,DEU: Germany,A: Annual,GDPPOP: GDP per capita,_T: Total - all activities,"USD_PPP_PS: US dollars per person, PPP converted",V: Current prices,N: Non transformed data,_Z: Not applicable,PPP: PPP converted,2025,75385.32539844095,A: Normal value,0: Units,,2: Two
DATAFLOW,OECD.SDD.TPS:DSD_PDB@DF_PDB(2.0),I,DEU: Germany,A: Annual,GDPEMP: GDP per person employed,_T: Total - all activities,"USD_PPP_PS: US dollars per person, PPP converted",V: Current prices,N: Non transformed data,_Z: Not applicable,PPP: PPP converted,2025,137226.0054928288,A: Normal value,0: Units,,2: Two
DATAFLOW,OECD.SDD.TPS:DSD_PDB@DF_PDB(2.0),I,DEU: Germany,A: Annual,GDPEMP: GDP per person employed,_T: Total - all activities,"USD_PPP_PS: US dollars per person, PPP converted",V: Current prices,N: Non transformed data,_Z: Not applicable,PPP: PPP converted,2024,134391.53724978244,A: Normal value,0: Units,,2: Two
DATAFLOW,OECD.SDD.TPS:DSD_PDB@DF_PDB(2.0),I,DEU: Germany,A: Annual,GDPEMP: GDP per person employed,_T: Total - all activities,"USD_PPP_PS: US dollars per person, PPP converted",V: Current prices,N: Non transformed data,_Z: Not applicable,PPP: PPP converted,2023,131096.85416802805,A: Normal value,0: Units,,2: Two
DATAFLOW,OECD.SDD.TPS:DSD_PDB@DF_PDB(2.0),I,DEU: Germany,A: Annual,GDPEMP: GDP per person employed,_T: Total - all activities,"USD_PPP_PS: US dollars per person, PPP converted",V: Current prices,N: Non transformed data,_Z: Not applicable,PPP: PPP converted,2022,127021.42841173118,A: Normal value,0: Units,,2: Two
DATAFLOW,OECD.SDD.TPS:DSD_PDB@DF_PDB(2.0),I,DEU: Germany,A: Annual,GDPEMP: GDP per person employed,_T: Total - all activities,"USD_PPP_PS: US dollars per person, PPP converted",V: Current prices,N: Non transformed data,_Z: Not applicable,PPP: PPP converted,2021,115686.50977997824,A: Normal value,0: Units,,2: Two
DATAFLOW,OECD.SDD.TPS:DSD_PDB@DF_PDB(2.0),I,DEU: Germany,A: Annual,GDPHRS: GDP per hour worked,_T: Total - all activities,"USD_PPP_H: US dollars per hour, PPP converted",V: Current prices,N: Non transformed data,_Z: Not applicable,PPP: PPP converted,2025,102.68714306675987,A: Normal value,0: Units,,2: Two
DATAFLOW,OECD.SDD.TPS:DSD_PDB@DF_PDB(2.0),I,DEU: Germany,A: Annual,GDPHRS: GDP per hour worked,_T: Total - all activities,"USD_PPP_H: US dollars per hour, PPP converted",V: Current prices,N: Non transformed data,_Z: Not applicable,PPP: PPP converted,2024,99.9172750611077,A: Normal value,0: Units,,2: Two
DATAFLOW,OECD.SDD.TPS:DSD_PDB@DF_PDB(2.0),I,DEU: Germany,A: Annual,GDPHRS: GDP per hour worked,_T: Total - all activities,"USD_PPP_H: US dollars per hour, PPP converted",V: Current prices,N: Non transformed data,_Z: Not applicable,PPP: PPP converted,2023,97.69868389221014,A: Normal value,0: Units,,2: Two
DATAFLOW,OECD.SDD.TPS:DSD_PDB@DF_PDB(2.0),I,DEU: Germany,A: Annual,GDPHRS: GDP per hour worked,_T: Total - all activities,"USD_PPP_H: US dollars per hour, PPP converted",V: Current prices,N: Non transformed data,_Z: Not applicable,PPP: PPP converted,2022,94.22504176978356,A: Normal value,0: Units,,2: Two
DATAFLOW,OECD.SDD.TPS:DSD_PDB@DF_PDB(2.0),I,DEU: Germany,A: Annual,GDP: Gross domestic product,_T: Total - all activities,"USD_PPP: US dollars, PPP converted",V: Current prices,N: Non transformed data,_Z: Not applicable,PPP: PPP converted,2025,6295654.68,A: Normal value,6: Millions,,2: Two
DATAFLOW,OECD.SDD.TPS:DSD_PDB@DF_PDB(2.0),I,DEU: Germany,A: Annual,GDP: Gross domestic product,_T: Total - all activities,"USD_PPP: US dollars, PPP converted",LR: Chain linked volume (rebased),N: Non transformed data,_Z: Not applicable,PPP: PPP converted,2025,5105516.459,A: Normal value,6: Millions,2020,2: Two
DATAFLOW,OECD.SDD.TPS:DSD_PDB@DF_PDB(2.0),I,DEU: Germany,A: Annual,GDPEMP: GDP per person employed,_T: Total - all activities,"USD_PPP_PS: US dollars per person, PPP converted",LR: Chain linked volume (rebased),N: Non transformed data,_Z: Not applicable,PPP: PPP converted,2025,111284.63444352412,A: Normal value,0: Units,2020,2: Two
DATAFLOW,OECD.SDD.TPS:DSD_PDB@DF_PDB(2.0),I,DEU: Germany,A: Annual,GDPEMP: GDP per person employed,_T: Total - all activities,"USD_PPP_PS: US dollars per person, PPP converted",LR: Chain linked volume (rebased),N: Non transformed data,_Z: Not applicable,PPP: PPP converted,2024,110841.77606614448,A: Normal value,0: Units,2020,2: Two
DATAFLOW,OECD.SDD.TPS:DSD_PDB@DF_PDB(2.0),I,DEU: Germany,A: Annual,GDPEMP: GDP per person employed,_T: Total - all activities,"USD_PPP_PS: US dollars per person, PPP converted",LR: Chain linked volume (rebased),N: Non transformed data,_Z: Not applicable,PPP: PPP converted,2023,111517.87292252063,A: Normal value,0: Units,2020,2: Two
DATAFLOW,OECD.SDD.TPS:DSD_PDB@DF_PDB(2.0),I,DEU: Germany,A: Annual,GDPEMP: GDP per person employed,_T: Total - all activities,"USD_PPP_PS: US dollars per person, PPP converted",LR: Chain linked volume (rebased),N: Non transformed data,_Z: Not applicable,PPP: PPP converted,2022,113203.88718162292,A: Normal value,0: Units,2020,2: Two
DATAFLOW,OECD.SDD.TPS:DSD_PDB@DF_PDB(2.0),I,DEU: Germany,A: Annual,GDPEMP: GDP per person employed,_T: Total - all activities,"USD_PPP_PS: US dollars per person, PPP converted",LR: Chain linked volume (rebased),N: Non transformed data,_Z: Not applicable,PPP: PPP converted,2018,112371.93774232364,A: Normal value,0: Units,2020,2: Two
DATAFLOW,OECD.SDD.TPS:DSD_PDB@DF_PDB(2.0),I,DEU: Germany,A: Annual,GDPPOP: GDP per capita,_T: Total - all activities,"USD_PPP_PS: US dollars per person, PPP converted",LR: Chain linked volume (rebased),N: Non transformed data,_Z: Not applicable,PPP: PPP converted,2025,61134.3917593668,A: Normal value,0: Units,2020,2: Two
DATAFLOW,OECD.SDD.TPS:DSD_PDB@DF_PDB(2.0),I,DEU: Germany,A: Annual,GDP: Gross domestic product,_T: Total - all activities,"USD_PPP: US dollars, PPP converted",V: Current prices,N: Non transformed data,_Z: Not applicable,PPP: PPP converted,2024,6176635.052,A: Normal value,6: Millions,,2: Two
DATAFLOW,OECD.SDD.TPS:DSD_PDB@DF_PDB(2.0),I,DEU: Germany,A: Annual,GDP: Gross domestic product,_T: Total - all activities,"USD_PPP: US dollars, PPP converted",V: Current prices,N: Non transformed data,_Z: Not applicable,PPP: PPP converted,2023,6018525.478,A: Normal value,6: Millions,,2: Two
DATAFLOW,OECD.SDD.TPS:DSD_PDB@DF_PDB(2.0),I,DEU: Germany,A: Annual,GDP: Gross domestic product,_T: Total - all activities,"USD_PPP: US dollars, PPP converted",V: Current prices,N: Non transformed data,_Z: Not applicable,PPP: PPP converted,2022,5794971.607,A: Normal value,6: Millions,,2: Two
DATAFLOW,OECD.SDD.TPS:DSD_PDB@DF_PDB(2.0),I,DEU: Germany,A: Annual,HRSTO: Hours worked for total employment,_T: Total - all activities,H: Hours,_Z: Not applicable,N: Non transformed data,_Z: Not applicable,_Z: Not applicable,2023,61602.933,E: Estimated value,6: Millions,,2: Two
DATAFLOW,OECD.SDD.TPS:DSD_PDB@DF_PDB(2.0),I,DEU: Germany,A: Annual,HRSTO: Hours worked for total employment,_T: Total - all activities,H: Hours,_Z: Not applicable,N: Non transformed data,_Z: Not applicable,_Z: Not applicable,2024,61817.489,E: Estimated value,6: Millions,,2: Two
DATAFLOW,OECD.SDD.TPS:DSD_PDB@DF_PDB(2.0),I,DEU: Germany,A: Annual,EMP: Employment,_T: Total - all activities,PS: Persons,_Z: Not applicable,N: Non transformed data,_Z: Not applicable,_Z: Not applicable,2025,45878,E: Estimated value,3: Thousands,,2: Two
DATAFLOW,OECD.SDD.TPS:DSD_PDB@DF_PDB(2.0),I,DEU: Germany,A: Annual,HRSTO: Hours worked for total employment,_T: Total - all activities,H: Hours,_Z: Not applicable,N: Non transformed data,_Z: Not applicable,_Z: Not applicable,2025,61309.084,E: Estimated value,6: Millions,,2: Two
DATAFLOW,OECD.SDD.TPS:DSD_PDB@DF_PDB(2.0),I,DEU: Germany,A: Annual,GDPPOP: GDP per capita,_T: Total - all activities,XDC: National currency,V: Current prices,N: Non transformed data,_Z: Not applicable,_Z: Not applicable,,,,0: Units,,2: Two
DATAFLOW,OECD.SDD.TPS:DSD_PDB@DF_PDB(2.0),I,DEU: Germany,A: Annual,GDPPOP: GDP per capita,_T: Total - all activities,XDC: National currency,L: Chain linked volume,N: Non transformed data,_Z: Not applicable,_Z: Not applicable,,,,0: Units,,2: Two
DATAFLOW,OECD.SDD.TPS:DSD_PDB@DF_PDB(2.0),I,DEU: Germany,A: Annual,GDPPOP: GDP per capita,_T: Total - all activities,XDC: National currency,LR: Chain linked volume (rebased),N: Non transformed data,_Z: Not applicable,_Z: Not applicable,2024,43114.89062107116,A: Normal value,0: Units,,2: Two
DATAFLOW,OECD.SDD.TPS:DSD_PDB@DF_PDB(2.0),I,DEU: Germany,A: Annual,GDPPOP: GDP per capita,_T: Total - all activities,XDC: National currency,LR: Chain linked volume (rebased),N: Non transformed data,_Z: Not applicable,_Z: Not applicable,2023,43449.3985856136,A: Normal value,0: Units,,2: Two
DATAFLOW,OECD.SDD.TPS:DSD_PDB@DF_PDB(2.0),I,DEU: Germany,A: Annual,GDPPOP: GDP per capita,_T: Total - all activities,XDC: National currency,LR: Chain linked volume (rebased),N: Non transformed data,_Z: Not applicable,_Z: Not applicable,2022,44233.13853312169,A: Normal value,0: Units,,2: Two
DATAFLOW,OECD.SDD.TPS:DSD_PDB@DF_PDB(2.0),I,DEU: Germany,A: Annual,GDPPOP: GDP per capita,_T: Total - all activities,XDC: National currency,LR: Chain linked volume (rebased),N: Non transformed data,_Z: Not applicable,_Z: Not applicable,2021,43730.02195255808,A: Normal value,0: Units,,2: Two
DATAFLOW,OECD.SDD.TPS:DSD_PDB@DF_PDB(2.0),I,DEU: Germany,A: Annual,GDPPOP: GDP per capita,_T: Total - all activities,XDC: National currency,LR: Chain linked volume (rebased),N: Non transformed data,_Z: Not applicable,_Z: Not applicable,2020,42017.38791612888,A: Normal value,0: Units,,2: Two
DATAFLOW,OECD.SDD.TPS:DSD_PDB@DF_PDB(2.0),I,DEU: Germany,A: Annual,GDPPOP: GDP per capita,_T: Total - all activities,XDC: National currency,LR: Chain linked volume (rebased),N: Non transformed data,_Z: Not applicable,_Z: Not applicable,2019,43787.28306752795,A: Normal value,0: Units,,2: Two
DATAFLOW,OECD.SDD.TPS:DSD_PDB@DF_PDB(2.0),I,DEU: Germany,A: Annual,GDPPOP: GDP per capita,_T: Total - all activities,XDC: National currency,LR: Chain linked volume (rebased),N: Non transformed data,_Z: Not applicable,_Z: Not applicable,2018,43387.58425940577,A: Normal value,0: Units,,2: Two
DATAFLOW,OECD.SDD.TPS:DSD_PDB@DF_PDB(2.0),I,DEU: Germany,A: Annual,GDPEMP: GDP per person employed,_T: Total - all activities,"USD_PPP_PS: US dollars per person, PPP converted",LR: Chain linked volume (rebased),N: Non transformed data,_Z: Not applicable,PPP: PPP converted,2021,112626.44164205946,A: Normal value,0: Units,2020,2: Two
DATAFLOW,OECD.SDD.TPS:DSD_PDB@DF_PDB(2.0),I,DEU: Germany,A: Annual,GDPEMP: GDP per person employed,_T: Total - all activities,"USD_PPP_PS: US dollars per person, PPP converted",LR: Chain linked volume (rebased),N: Non transformed data,_Z: Not applicable,PPP: PPP converted,2020,108569.2372014411,A: Normal value,0: Units,2020,2: Two
DATAFLOW,OECD.SDD.TPS:DSD_PDB@DF_PDB(2.0),I,DEU: Germany,A: Annual,GDPEMP: GDP per person employed,_T: Total - all activities,"USD_PPP_PS: US dollars per person, PPP converted",LR: Chain linked volume (rebased),N: Non transformed data,_Z: Not applicable,PPP: PPP converted,2019,112435.92005034113,A: Normal value,0: Units,2020,2: Two
DATAFLOW,OECD.SDD.TPS:DSD_PDB@DF_PDB(2.0),I,DEU: Germany,A: Annual,GDP: Gross domestic product,_T: Total - all activities,"USD_PPP: US dollars, PPP converted",LR: Chain linked volume (rebased),N: Non transformed data,_Z: Not applicable,PPP: PPP converted,2024,5094288.028,A: Normal value,6: Millions,2020,2: Two
DATAFLOW,OECD.SDD.TPS:DSD_PDB@DF_PDB(2.0),I,DEU: Germany,A: Annual,GDP: Gross domestic product,_T: Total - all activities,"USD_PPP: US dollars, PPP converted",LR: Chain linked volume (rebased),N: Non transformed data,_Z: Not applicable,PPP: PPP converted,2023,5119674.028,A: Normal value,6: Millions,2020,2: Two
DATAFLOW,OECD.SDD.TPS:DSD_PDB@DF_PDB(2.0),I,DEU: Germany,A: Annual,GDP: Gross domestic product,_T: Total - all activities,"USD_PPP: US dollars, PPP converted",LR: Chain linked volume (rebased),N: Non transformed data,_Z: Not applicable,PPP: PPP converted,2022,5164587.741,A: Normal value,6: Millions,2020,2: Two
DATAFLOW,OECD.SDD.TPS:DSD_PDB@DF_PDB(2.0),I,DEU: Germany,A: Annual,GDP: Gross domestic product,_T: Total - all activities,"USD_PPP: US dollars, PPP converted",V: Current prices,N: Non transformed data,_Z: Not applicable,PPP: PPP converted,2021,5210636.087,A: Normal value,6: Millions,,2: Two
DATAFLOW,OECD.SDD.TPS:DSD_PDB@DF_PDB(2.0),I,DEU: Germany,A: Annual,GDP: Gross domestic product,_T: Total - all activities,"USD_PPP: US dollars, PPP converted",LR: Chain linked volume (rebased),N: Non transformed data,_Z: Not applicable,PPP: PPP converted,2021,5072807.558,A: Normal value,6: Millions,2020,2: Two
DATAFLOW,OECD.SDD.TPS:DSD_PDB@DF_PDB(2.0),I,DEU: Germany,A: Annual,GDP: Gross domestic product,_T: Total - all activities,"USD_PPP: US dollars, PPP converted",LR: Chain linked volume (rebased),N: Non transformed data,_Z: Not applicable,PPP: PPP converted,2020,4881924.32,A: Normal value,6: Millions,2020,2: Two
DATAFLOW,OECD.SDD.TPS:DSD_PDB@DF_PDB(2.0),I,DEU: Germany,A: Annual,GDP: Gross domestic product,_T: Total - all activities,"USD_PPP: US dollars, PPP converted",V: Current prices,N: Non transformed data,_Z: Not applicable,PPP: PPP converted,2020,4881924.32,A: Normal value,6: Millions,,2: Two
DATAFLOW,OECD.SDD.TPS:DSD_PDB@DF_PDB(2.0),I,DEU: Germany,A: Annual,GDP: Gross domestic product,_T: Total - all activities,"USD_PPP: US dollars, PPP converted",V: Current prices,N: Non transformed data,_Z: Not applicable,PPP: PPP converted,2019,4928323.522,A: Normal value,6: Millions,,2: Two
DATAFLOW,OECD.SDD.TPS:DSD_PDB@DF_PDB(2.0),I,DEU: Germany,A: Annual,GDP: Gross domestic product,_T: Total - all activities,"USD_PPP: US dollars, PPP converted",LR: Chain linked volume (rebased),N: Non transformed data,_Z: Not applicable,PPP: PPP converted,2019,5092335.255,A: Normal value,6: Millions,2020,2: Two
DATAFLOW,OECD.SDD.TPS:DSD_PDB@DF_PDB(2.0),I,DEU: Germany,A: Annual,GDP: Gross domestic product,_T: Total - all activities,"USD_PPP: US dollars, PPP converted",LR: Chain linked volume (rebased),N: Non transformed data,_Z: Not applicable,PPP: PPP converted,2018,5043027.822,A: Normal value,6: Millions,2020,2: Two
DATAFLOW,OECD.SDD.TPS:DSD_PDB@DF_PDB(2.0),I,DEU: Germany,A: Annual,GDP: Gross domestic product,_T: Total - all activities,"USD_PPP: US dollars, PPP converted",V: Current prices,N: Non transformed data,_Z: Not applicable,PPP: PPP converted,2018,4669305.862,A: Normal value,6: Millions,,2: Two
DATAFLOW,OECD.SDD.TPS:DSD_PDB@DF_PDB(2.0),I,DEU: Germany,A: Annual,GDPHRS: GDP per hour worked,_T: Total - all activities,"USD_PPP_H: US dollars per hour, PPP converted",LR: Chain linked volume (rebased),N: Non transformed data,_Z: Not applicable,PPP: PPP converted,2021,83.9727840718923,A: Normal value,0: Units,2020,2: Two
DATAFLOW,OECD.SDD.TPS:DSD_PDB@DF_PDB(2.0),I,DEU: Germany,A: Annual,GDPHRS: GDP per hour worked,_T: Total - all activities,"USD_PPP_H: US dollars per hour, PPP converted",LR: Chain linked volume (rebased),N: Non transformed data,_Z: Not applicable,PPP: PPP converted,2020,82.65223590207722,A: Normal value,0: Units,2020,2: Two
DATAFLOW,OECD.SDD.TPS:DSD_PDB@DF_PDB(2.0),I,DEU: Germany,A: Annual,GDPHRS: GDP per hour worked,_T: Total - all activities,"USD_PPP_H: US dollars per hour, PPP converted",LR: Chain linked volume (rebased),N: Non transformed data,_Z: Not applicable,PPP: PPP converted,2019,81.94773753764709,A: Normal value,0: Units,2020,2: Two
DATAFLOW,OECD.SDD.TPS:DSD_PDB@DF_PDB(2.0),I,DEU: Germany,A: Annual,GDPHRS: GDP per hour worked,_T: Total - all activities,"USD_PPP_H: US dollars per hour, PPP converted",LR: Chain linked volume (rebased),N: Non transformed data,_Z: Not applicable,PPP: PPP converted,2018,81.38619176211026,A: Normal value,0: Units,2020,2: Two
DATAFLOW,OECD.SDD.TPS:DSD_PDB@DF_PDB(2.0),I,DEU: Germany,A: Annual,GDPEMP: GDP per person employed,_T: Total - all activities,"USD_PPP_PS: US dollars per person, PPP converted",V: Current prices,N: Non transformed data,_Z: Not applicable,PPP: PPP converted,2020,108569.2372014411,A: Normal value,0: Units,,2: Two
DATAFLOW,OECD.SDD.TPS:DSD_PDB@DF_PDB(2.0),I,DEU: Germany,A: Annual,GDPEMP: GDP per person employed,_T: Total - all activities,"USD_PPP_PS: US dollars per person, PPP converted",V: Current prices,N: Non transformed data,_Z: Not applicable,PPP: PPP converted,2019,108814.6325318496,A: Normal value,0: Units,,2: Two
DATAFLOW,OECD.SDD.TPS:DSD_PDB@DF_PDB(2.0),I,DEU: Germany,A: Annual,GDPEMP: GDP per person employed,_T: Total - all activities,"USD_PPP_PS: US dollars per person, PPP converted",V: Current prices,N: Non transformed data,_Z: Not applicable,PPP: PPP converted,2018,104044.42849503097,A: Normal value,0: Units,,2: Two
DATAFLOW,OECD.SDD.TPS:DSD_PDB@DF_PDB(2.0),I,DEU: Germany,A: Annual,GDPHRS: GDP per hour worked,_T: Total - all activities,"USD_PPP_H: US dollars per hour, PPP converted",V: Current prices,N: Non transformed data,_Z: Not applicable,PPP: PPP converted,2021,86.25433036994005,A: Normal value,0: Units,,2: Two
DATAFLOW,OECD.SDD.TPS:DSD_PDB@DF_PDB(2.0),I,DEU: Germany,A: Annual,GDPHRS: GDP per hour worked,_T: Total - all activities,"USD_PPP_H: US dollars per hour, PPP converted",V: Current prices,N: Non transformed data,_Z: Not applicable,PPP: PPP converted,2020,82.65223590207722,A: Normal value,0: Units,,2: Two
DATAFLOW,OECD.SDD.TPS:DSD_PDB@DF_PDB(2.0),I,DEU: Germany,A: Annual,GDPHRS: GDP per hour worked,_T: Total - all activities,"USD_PPP_H: US dollars per hour, PPP converted",V: Current prices,N: Non transformed data,_Z: Not applicable,PPP: PPP converted,2019,79.30840022461729,A: Normal value,0: Units,,2: Two
DATAFLOW,OECD.SDD.TPS:DSD_PDB@DF_PDB(2.0),I,DEU: Germany,A: Annual,GDPHRS: GDP per hour worked,_T: Total - all activities,"USD_PPP_H: US dollars per hour, PPP converted",V: Current prices,N: Non transformed data,_Z: Not applicable,PPP: PPP converted,2018,75.35493272967264,A: Normal value,0: Units,,2: Two
DATAFLOW,OECD.SDD.TPS:DSD_PDB@DF_PDB(2.0),I,DEU: Germany,A: Annual,GDPPOP: GDP per capita,_T: Total - all activities,"USD_PPP: US dollars, PPP converted",LR: Chain linked volume (rebased),N: Non transformed data,_Z: Not applicable,PPP: PPP converted,2025,61138.03024280447,A: Normal value,0: Units,,2: Two
DATAFLOW,OECD.SDD.TPS:DSD_PDB@DF_PDB(2.0),I,DEU: Germany,A: Annual,GDPPOP: GDP per capita,_T: Total - all activities,"USD_PPP: US dollars, PPP converted",LR: Chain linked volume (rebased),N: Non transformed data,_Z: Not applicable,PPP: PPP converted,2024,60997.01890633044,A: Normal value,0: Units,,2: Two
DATAFLOW,OECD.SDD.TPS:DSD_PDB@DF_PDB(2.0),I,DEU: Germany,A: Annual,GDPPOP: GDP per capita,_T: Total - all activities,"USD_PPP: US dollars, PPP converted",LR: Chain linked volume (rebased),N: Non transformed data,_Z: Not applicable,PPP: PPP converted,2023,61470.265803786904,A: Normal value,0: Units,,2: Two
DATAFLOW,OECD.SDD.TPS:DSD_PDB@DF_PDB(2.0),I,DEU: Germany,A: Annual,GDPPOP: GDP per capita,_T: Total - all activities,"USD_PPP: US dollars, PPP converted",LR: Chain linked volume (rebased),N: Non transformed data,_Z: Not applicable,PPP: PPP converted,2022,62579.06603739292,A: Normal value,0: Units,,2: Two
DATAFLOW,OECD.SDD.TPS:DSD_PDB@DF_PDB(2.0),I,DEU: Germany,A: Annual,GDPPOP: GDP per capita,_T: Total - all activities,"USD_PPP: US dollars, PPP converted",LR: Chain linked volume (rebased),N: Non transformed data,_Z: Not applicable,PPP: PPP converted,2021,61867.27919995122,A: Normal value,0: Units,,2: Two
DATAFLOW,OECD.SDD.TPS:DSD_PDB@DF_PDB(2.0),I,DEU: Germany,A: Annual,GDPPOP: GDP per capita,_T: Total - all activities,"USD_PPP: US dollars, PPP converted",LR: Chain linked volume (rebased),N: Non transformed data,_Z: Not applicable,PPP: PPP converted,2020,59444.321165039095,A: Normal value,0: Units,,2: Two
DATAFLOW,OECD.SDD.TPS:DSD_PDB@DF_PDB(2.0),I,DEU: Germany,A: Annual,GDPPOP: GDP per capita,_T: Total - all activities,"USD_PPP: US dollars, PPP converted",LR: Chain linked volume (rebased),N: Non transformed data,_Z: Not applicable,PPP: PPP converted,2019,61948.28966096128,A: Normal value,0: Units,,2: Two
DATAFLOW,OECD.SDD.TPS:DSD_PDB@DF_PDB(2.0),I,DEU: Germany,A: Annual,GDPPOP: GDP per capita,_T: Total - all activities,"USD_PPP: US dollars, PPP converted",LR: Chain linked volume (rebased),N: Non transformed data,_Z: Not applicable,PPP: PPP converted,2018,61382.813661647815,A: Normal value,0: Units,,2: Two
DATAFLOW,OECD.SDD.TPS:DSD_PDB@DF_PDB(2.0),I,DEU: Germany,A: Annual,GDPPOP: GDP per capita,_T: Total - all activities,"USD_PPP_PS: US dollars per person, PPP converted",LR: Chain linked volume (rebased),N: Non transformed data,_Z: Not applicable,PPP: PPP converted,2024,60997.01890633044,A: Normal value,0: Units,2020,2: Two
DATAFLOW,OECD.SDD.TPS:DSD_PDB@DF_PDB(2.0),I,DEU: Germany,A: Annual,GDPPOP: GDP per capita,_T: Total - all activities,"USD_PPP_PS: US dollars per person, PPP converted",LR: Chain linked volume (rebased),N: Non transformed data,_Z: Not applicable,PPP: PPP converted,2023,61470.265803786904,A: Normal value,0: Units,2020,2: Two
DATAFLOW,OECD.SDD.TPS:DSD_PDB@DF_PDB(2.0),I,DEU: Germany,A: Annual,GDPPOP: GDP per capita,_T: Total - all activities,"USD_PPP_PS: US dollars per person, PPP converted",LR: Chain linked volume (rebased),N: Non transformed data,_Z: Not applicable,PPP: PPP converted,2022,62579.06603739292,A: Normal value,0: Units,2020,2: Two
DATAFLOW,OECD.SDD.TPS:DSD_PDB@DF_PDB(2.0),I,DEU: Germany,A: Annual,GDPPOP: GDP per capita,_T: Total - all activities,"USD_PPP_PS: US dollars per person, PPP converted",LR: Chain linked volume (rebased),N: Non transformed data,_Z: Not applicable,PPP: PPP converted,2021,61867.27919995122,A: Normal value,0: Units,2020,2: Two
DATAFLOW,OECD.SDD.TPS:DSD_PDB@DF_PDB(2.0),I,DEU: Germany,A: Annual,GDPPOP: GDP per capita,_T: Total - all activities,"USD_PPP_PS: US dollars per person, PPP converted",LR: Chain linked volume (rebased),N: Non transformed data,_Z: Not applicable,PPP: PPP converted,2020,59444.321165039095,A: Normal value,0: Units,2020,2: Two
DATAFLOW,OECD.SDD.TPS:DSD_PDB@DF_PDB(2.0),I,DEU: Germany,A: Annual,GDPPOP: GDP per capita,_T: Total - all activities,"USD_PPP_PS: US dollars per person, PPP converted",LR: Chain linked volume (rebased),N: Non transformed data,_Z: Not applicable,PPP: PPP converted,2019,61948.28966096128,A: Normal value,0: Units,2020,2: Two
DATAFLOW,OECD.SDD.TPS:DSD_PDB@DF_PDB(2.0),I,DEU: Germany,A: Annual,GDPPOP: GDP per capita,_T: Total - all activities,"USD_PPP_PS: US dollars per person, PPP converted",LR: Chain linked volume (rebased),N: Non transformed data,_Z: Not applicable,PPP: PPP converted,2018,61382.813661647815,A: Normal value,0: Units,2020,2: Two
DATAFLOW,OECD.SDD.TPS:DSD_PDB@DF_PDB(2.0),I,DEU: Germany,A: Annual,GDPPOP: GDP per capita,_T: Total - all activities,"USD_PPP_PS: US dollars per person, PPP converted",V: Current prices,N: Non transformed data,_Z: Not applicable,PPP: PPP converted,2024,73956.62023300646,A: Normal value,0: Units,,2: Two
DATAFLOW,OECD.SDD.TPS:DSD_PDB@DF_PDB(2.0),I,DEU: Germany,A: Annual,GDPPOP: GDP per capita,_T: Total - all activities,"USD_PPP_PS: US dollars per person, PPP converted",V: Current prices,N: Non transformed data,_Z: Not applicable,PPP: PPP converted,2023,72262.48367692437,A: Normal value,0: Units,,2: Two
DATAFLOW,OECD.SDD.TPS:DSD_PDB@DF_PDB(2.0),I,DEU: Germany,A: Annual,GDPPOP: GDP per capita,_T: Total - all activities,"USD_PPP_PS: US dollars per person, PPP converted",V: Current prices,N: Non transformed data,_Z: Not applicable,PPP: PPP converted,2022,70217.39760569013,A: Normal value,0: Units,,2: Two
DATAFLOW,OECD.SDD.TPS:DSD_PDB@DF_PDB(2.0),I,DEU: Germany,A: Annual,GDPPOP: GDP per capita,_T: Total - all activities,"USD_PPP_PS: US dollars per person, PPP converted",V: Current prices,N: Non transformed data,_Z: Not applicable,PPP: PPP converted,2021,63548.21741569608,A: Normal value,0: Units,,2: Two
DATAFLOW,OECD.SDD.TPS:DSD_PDB@DF_PDB(2.0),I,DEU: Germany,A: Annual,GDPPOP: GDP per capita,_T: Total - all activities,"USD_PPP_PS: US dollars per person, PPP converted",V: Current prices,N: Non transformed data,_Z: Not applicable,PPP: PPP converted,2020,59444.321165039095,A: Normal value,0: Units,,2: Two
DATAFLOW,OECD.SDD.TPS:DSD_PDB@DF_PDB(2.0),I,DEU: Germany,A: Annual,GDPPOP: GDP per capita,_T: Total - all activities,"USD_PPP_PS: US dollars per person, PPP converted",V: Current prices,N: Non transformed data,_Z: Not applicable,PPP: PPP converted,2019,59953.08592143839,A: Normal value,0: Units,,2: Two
DATAFLOW,OECD.SDD.TPS:DSD_PDB@DF_PDB(2.0),I,DEU: Germany,A: Annual,GDPPOP: GDP per capita,_T: Total - all activities,"USD_PPP_PS: US dollars per person, PPP converted",V: Current prices,N: Non transformed data,_Z: Not applicable,PPP: PPP converted,2018,56833.93821585501,A: Normal value,0: Units,,2: Two
DATAFLOW,OECD.SDD.TPS:DSD_PDB@DF_PDB(2.0),I,DEU: Germany,A: Annual,GDPPOP: GDP per capita,_T: Total - all activities,"USD_PPP: US dollars, PPP converted",V: Current prices,N: Non transformed data,_Z: Not applicable,PPP: PPP converted,,,,0: Units,,2: Two
DATAFLOW,OECD.SDD.TPS:DSD_PDB@DF_PDB(2.0),I,USA: United States,A: Annual,GDP: Gross domestic product,_T: Total - all activities,XDC: National currency,LR: Chain linked volume (rebased),N: Non transformed data,_Z: Not applicable,_Z: Not applicable,2018,21279804.85,A: Normal value,6: Millions,2020,2: Two
DATAFLOW,OECD.SDD.TPS:DSD_PDB@DF_PDB(2.0),I,USA: United States,A: Annual,GDP: Gross domestic product,_T: Total - all activities,XDC: National currency,LR: Chain linked volume (rebased),N: Non transformed data,_Z: Not applicable,_Z: Not applicable,2019,21829637.838,A: Normal value,6: Millions,2020,2: Two
DATAFLOW,OECD.SDD.TPS:DSD_PDB@DF_PDB(2.0),I,USA: United States,A: Annual,GDP: Gross domestic product,_T: Total - all activities,XDC: National currency,L: Chain linked volume,N: Non transformed data,_Z: Not applicable,_Z: Not applicable,2020,20284500,A: Normal value,6: Millions,,2: Two
DATAFLOW,OECD.SDD.TPS:DSD_PDB@DF_PDB(2.0),I,USA: United States,A: Annual,GDP: Gross domestic product,_T: Total - all activities,XDC: National currency,LR: Chain linked volume (rebased),N: Non transformed data,_Z: Not applicable,_Z: Not applicable,2020,21375281,A: Normal value,6: Millions,2020,2: Two
DATAFLOW,OECD.SDD.TPS:DSD_PDB@DF_PDB(2.0),I,USA: United States,A: Annual,GDP: Gross domestic product,_T: Total - all activities,XDC: National currency,V: Current prices,N: Non transformed data,_Z: Not applicable,_Z: Not applicable,2020,21375281,A: Normal value,6: Millions,,2: Two
DATAFLOW,OECD.SDD.TPS:DSD_PDB@DF_PDB(2.0),I,USA: United States,A: Annual,GDP: Gross domestic product,_T: Total - all activities,XDC: National currency,V: Current prices,N: Non transformed data,_Z: Not applicable,_Z: Not applicable,2021,23725645,A: Normal value,6: Millions,,2: Two
DATAFLOW,OECD.SDD.TPS:DSD_PDB@DF_PDB(2.0),I,USA: United States,A: Annual,GDP: Gross domestic product,_T: Total - all activities,XDC: National currency,LR: Chain linked volume (rebased),N: Non transformed data,_Z: Not applicable,_Z: Not applicable,2021,22690293.092,A: Normal value,6: Millions,2020,2: Two
DATAFLOW,OECD.SDD.TPS:DSD_PDB@DF_PDB(2.0),I,USA: United States,A: Annual,GDP: Gross domestic product,_T: Total - all activities,XDC: National currency,L: Chain linked volume,N: Non transformed data,_Z: Not applicable,_Z: Not applicable,2021,21532407,A: Normal value,6: Millions,,2: Two
DATAFLOW,OECD.SDD.TPS:DSD_PDB@DF_PDB(2.0),I,USA: United States,A: Annual,GDP: Gross domestic product,_T: Total - all activities,XDC: National currency,L: Chain linked volume,N: Non transformed data,_Z: Not applicable,_Z: Not applicable,2022,22075931,A: Normal value,6: Millions,,2: Two
DATAFLOW,OECD.SDD.TPS:DSD_PDB@DF_PDB(2.0),I,USA: United States,A: Annual,GDP: Gross domestic product,_T: Total - all activities,XDC: National currency,LR: Chain linked volume (rebased),N: Non transformed data,_Z: Not applicable,_Z: Not applicable,2022,23263044.613,A: Normal value,6: Millions,2020,2: Two
DATAFLOW,OECD.SDD.TPS:DSD_PDB@DF_PDB(2.0),I,USA: United States,A: Annual,GDP: Gross domestic product,_T: Total - all activities,XDC: National currency,V: Current prices,N: Non transformed data,_Z: Not applicable,_Z: Not applicable,2022,26054614,A: Normal value,6: Millions,,2: Two
DATAFLOW,OECD.SDD.TPS:DSD_PDB@DF_PDB(2.0),I,USA: United States,A: Annual,GDP: Gross domestic product,_T: Total - all activities,XDC: National currency,V: Current prices,N: Non transformed data,_Z: Not applicable,_Z: Not applicable,2023,27811517,A: Normal value,6: Millions,,2: Two
DATAFLOW,OECD.SDD.TPS:DSD_PDB@DF_PDB(2.0),I,USA: United States,A: Annual,GDP: Gross domestic product,_T: Total - all activities,XDC: National currency,LR: Chain linked volume (rebased),N: Non transformed data,_Z: Not applicable,_Z: Not applicable,2023,23945666.839,A: Normal value,6: Millions,2020,2: Two
DATAFLOW,OECD.SDD.TPS:DSD_PDB@DF_PDB(2.0),I,USA: United States,A: Annual,GDP: Gross domestic product,_T: Total - all activities,XDC: National currency,L: Chain linked volume,N: Non transformed data,_Z: Not applicable,_Z: Not applicable,2023,22723719,A: Normal value,6: Millions,,2: Two
DATAFLOW,OECD.SDD.TPS:DSD_PDB@DF_PDB(2.0),I,USA: United States,A: Annual,GDP: Gross domestic product,_T: Total - all activities,XDC: National currency,L: Chain linked volume,N: Non transformed data,_Z: Not applicable,_Z: Not applicable,2024,23358435,A: Normal value,6: Millions,,2: Two
DATAFLOW,OECD.SDD.TPS:DSD_PDB@DF_PDB(2.0),I,USA: United States,A: Annual,GDP: Gross domestic product,_T: Total - all activities,XDC: National currency,LR: Chain linked volume (rebased),N: Non transformed data,_Z: Not applicable,_Z: Not applicable,2024,24614514.129,A: Normal value,6: Millions,2020,2: Two
DATAFLOW,OECD.SDD.TPS:DSD_PDB@DF_PDB(2.0),I,USA: United States,A: Annual,GDP: Gross domestic product,_T: Total - all activities,XDC: National currency,V: Current prices,N: Non transformed data,_Z: Not applicable,_Z: Not applicable,2024,29298013,A: Normal value,6: Millions,,2: Two
DATAFLOW,OECD.SDD.TPS:DSD_PDB@DF_PDB(2.0),I,USA: United States,A: Annual,GDPEMP: GDP per person employed,_T: Total - all activities,XDC_PS: National currency per person,V: Current prices,N: Non transformed data,_Z: Not applicable,_Z: Not applicable,2018,130806.98599255299,A: Normal value,0: Units,,2: Two
DATAFLOW,OECD.SDD.TPS:DSD_PDB@DF_PDB(2.0),I,USA: United States,A: Annual,GDPEMP: GDP per person employed,_T: Total - all activities,XDC_PS: National currency per person,LR: Chain linked volume (rebased),"GY: Growth rate, over 1 year",_Z: Not applicable,_Z: Not applicable,2018,1.3866281612998188,A: Normal value,0: Units,2020,2: Two
DATAFLOW,OECD.SDD.TPS:DSD_PDB@DF_PDB(2.0),I,USA: United States,A: Annual,GDPEMP: GDP per person employed,_T: Total - all activities,XDC_PS: National currency per person,L: Chain linked volume,"GY: Growth rate, over 1 year",_Z: Not applicable,_Z: Not applicable,2018,1.3866281612998188,A: Normal value,0: Units,,2: Two
DATAFLOW,OECD.SDD.TPS:DSD_PDB@DF_PDB(2.0),I,USA: United States,A: Annual,GDPEMP: GDP per person employed,_T: Total - all activities,XDC_PS: National currency per person,L: Chain linked volume,N: Non transformed data,_Z: Not applicable,_Z: Not applicable,2018,127877.45383621672,A: Normal value,0: Units,,2: Two
DATAFLOW,OECD.SDD.TPS:DSD_PDB@DF_PDB(2.0),I,USA: United States,A: Annual,GDPEMP: GDP per person employed,_T: Total - all activities,XDC_PS: National currency per person,L: Chain linked volume,N: Non transformed data,_Z: Not applicable,_Z: Not applicable,2019,129699.91860756323,A: Normal value,0: Units,,2: Two
DATAFLOW,OECD.SDD.TPS:DSD_PDB@DF_PDB(2.0),I,USA: United States,A: Annual,GDPEMP: GDP per person employed,_T: Total - all activities,XDC_PS: National currency per person,L: Chain linked volume,"GY: Growth rate, over 1 year",_Z: Not applicable,_Z: Not applicable,2019,1.4251650440903374,A: Normal value,0: Units,,2: Two
DATAFLOW,OECD.SDD.TPS:DSD_PDB@DF_PDB(2.0),I,USA: United States,A: Annual,GDPEMP: GDP per person employed,_T: Total - all activities,XDC_PS: National currency per person,LR: Chain linked volume (rebased),"GY: Growth rate, over 1 year",_Z: Not applicable,_Z: Not applicable,2019,1.4251650440903374,A: Normal value,0: Units,2020,2: Two
DATAFLOW,OECD.SDD.TPS:DSD_PDB@DF_PDB(2.0),I,USA: United States,A: Annual,GDPEMP: GDP per person employed,_T: Total - all activities,XDC_PS: National currency per person,V: Current prices,N: Non transformed data,_Z: Not applicable,_Z: Not applicable,2019,134860.89406461306,A: Normal value,0: Units,,2: Two
DATAFLOW,OECD.SDD.TPS:DSD_PDB@DF_PDB(2.0),I,USA: United States,A: Annual,GDPEMP: GDP per person employed,_T: Total - all activities,XDC_PS: National currency per person,LR: Chain linked volume (rebased),"GY: Growth rate, over 1 year",_Z: Not applicable,_Z: Not applicable,2020,4.279045117936375,A: Normal value,0: Units,2020,2: Two
DATAFLOW,OECD.SDD.TPS:DSD_PDB@DF_PDB(2.0),I,USA: United States,A: Annual,GDPEMP: GDP per person employed,_T: Total - all activities,XDC_PS: National currency per person,L: Chain linked volume,"GY: Growth rate, over 1 year",_Z: Not applicable,_Z: Not applicable,2020,4.279045117936375,A: Normal value,0: Units,,2: Two
DATAFLOW,OECD.SDD.TPS:DSD_PDB@DF_PDB(2.0),I,USA: United States,A: Annual,GDPEMP: GDP per person employed,_T: Total - all activities,XDC_PS: National currency per person,L: Chain linked volume,"GY: Growth rate, over 1 year",_Z: Not applicable,_Z: Not applicable,2021,2.869323793248224,A: Normal value,0: Units,,2: Two
DATAFLOW,OECD.SDD.TPS:DSD_PDB@DF_PDB(2.0),I,USA: United States,A: Annual,GDPEMP: GDP per person employed,_T: Total - all activities,XDC_PS: National currency per person,LR: Chain linked volume (rebased),"GY: Growth rate, over 1 year",_Z: Not applicable,_Z: Not applicable,2021,2.869323793248224,A: Normal value,0: Units,2020,2: Two
DATAFLOW,OECD.SDD.TPS:DSD_PDB@DF_PDB(2.0),I,USA: United States,A: Annual,GDPEMP: GDP per person employed,_T: Total - all activities,XDC_PS: National currency per person,LR: Chain linked volume (rebased),"GY: Growth rate, over 1 year",_Z: Not applicable,_Z: Not applicable,2022,-1.0874454853114779,A: Normal value,0: Units,2020,2: Two
DATAFLOW,OECD.SDD.TPS:DSD_PDB@DF_PDB(2.0),I,USA: United States,A: Annual,GDPEMP: GDP per person employed,_T: Total - all activities,XDC_PS: National currency per person,L: Chain linked volume,"GY: Growth rate, over 1 year",_Z: Not applicable,_Z: Not applicable,2022,-1.0874454853114779,A: Normal value,0: Units,,2: Two
DATAFLOW,OECD.SDD.TPS:DSD_PDB@DF_PDB(2.0),I,USA: United States,A: Annual,GDPEMP: GDP per person employed,_T: Total - all activities,XDC_PS: National currency per person,L: Chain linked volume,"GY: Growth rate, over 1 year",_Z: Not applicable,_Z: Not applicable,2023,1.2249324202920242,A: Normal value,0: Units,,2: Two
DATAFLOW,OECD.SDD.TPS:DSD_PDB@DF_PDB(2.0),I,USA: United States,A: Annual,GDPEMP: GDP per person employed,_T: Total - all activities,XDC_PS: National currency per person,LR: Chain linked volume (rebased),"GY: Growth rate, over 1 year",_Z: Not applicable,_Z: Not applicable,2023,1.2249324202920242,A: Normal value,0: Units,2020,2: Two
DATAFLOW,OECD.SDD.TPS:DSD_PDB@DF_PDB(2.0),I,USA: United States,A: Annual,GDPEMP: GDP per person employed,_T: Total - all activities,XDC_PS: National currency per person,LR: Chain linked volume (rebased),"GY: Growth rate, over 1 year",_Z: Not applicable,_Z: Not applicable,2024,1.684484619445592,A: Normal value,0: Units,2020,2: Two
DATAFLOW,OECD.SDD.TPS:DSD_PDB@DF_PDB(2.0),I,USA: United States,A: Annual,GDPEMP: GDP per person employed,_T: Total - all activities,XDC_PS: National currency per person,L: Chain linked volume,"GY: Growth rate, over 1 year",_Z: Not applicable,_Z: Not applicable,2024,1.684484619445592,A: Normal value,0: Units,,2: Two
DATAFLOW,OECD.SDD.TPS:DSD_PDB@DF_PDB(2.0),I,USA: United States,A: Annual,GDPEMP: GDP per person employed,_T: Total - all activities,XDC_PS: National currency per person,L: Chain linked volume,N: Non transformed data,_Z: Not applicable,_Z: Not applicable,2025,144030.95653502498,A: Normal value,0: Units,,2: Two
DATAFLOW,OECD.SDD.TPS:DSD_PDB@DF_PDB(2.0),I,USA: United States,A: Annual,GDPEMP: GDP per person employed,_T: Total - all activities,XDC_PS: National currency per person,L: Chain linked volume,"GY: Growth rate, over 1 year",_Z: Not applicable,_Z: Not applicable,2025,1.680952373858724,A: Normal value,0: Units,,2: Two
DATAFLOW,OECD.SDD.TPS:DSD_PDB@DF_PDB(2.0),I,USA: United States,A: Annual,GDPEMP: GDP per person employed,_T: Total - all activities,XDC_PS: National currency per person,LR: Chain linked volume (rebased),"GY: Growth rate, over 1 year",_Z: Not applicable,_Z: Not applicable,2025,1.680952373858724,A: Normal value,0: Units,2020,2: Two
DATAFLOW,OECD.SDD.TPS:DSD_PDB@DF_PDB(2.0),I,USA: United States,A: Annual,GDPEMP: GDP per person employed,_T: Total - all activities,XDC_PS: National currency per person,LR: Chain linked volume (rebased),N: Non transformed data,_Z: Not applicable,_Z: Not applicable,2025,151776.09349890726,A: Normal value,0: Units,2020,2: Two
DATAFLOW,OECD.SDD.TPS:DSD_PDB@DF_PDB(2.0),I,USA: United States,A: Annual,GDPEMP: GDP per person employed,_T: Total - all activities,XDC_PS: National currency per person,V: Current prices,N: Non transformed data,_Z: Not applicable,_Z: Not applicable,2025,185715.69411170113,A: Normal value,0: Units,,2: Two
DATAFLOW,OECD.SDD.TPS:DSD_PDB@DF_PDB(2.0),I,USA: United States,A: Annual,GDPPOP: GDP per capita,_T: Total - all activities,XDC_PS: National currency per person,V: Current prices,N: Non transformed data,_Z: Not applicable,_Z: Not applicable,2018,62824.94735318199,A: Normal value,0: Units,,2: Two
DATAFLOW,OECD.SDD.TPS:DSD_PDB@DF_PDB(2.0),I,USA: United States,A: Annual,GDPPOP: GDP per capita,_T: Total - all activities,XDC_PS: National currency per person,V: Current prices,N: Non transformed data,_Z: Not applicable,_Z: Not applicable,2019,65171.459475814074,A: Normal value,0: Units,,2: Two
DATAFLOW,OECD.SDD.TPS:DSD_PDB@DF_PDB(2.0),I,USA: United States,A: Annual,GDPPOP: GDP per capita,_T: Total - all activities,XDC_PS: National currency per person,V: Current prices,N: Non transformed data,_Z: Not applicable,_Z: Not applicable,2020,64414.361365994424,A: Normal value,0: Units,,2: Two
DATAFLOW,OECD.SDD.TPS:DSD_PDB@DF_PDB(2.0),I,USA: United States,A: Annual,GDPPOP: GDP per capita,_T: Total - all activities,XDC_PS: National currency per person,V: Current prices,N: Non transformed data,_Z: Not applicable,_Z: Not applicable,2021,71354.78680611424,A: Normal value,0: Units,,2: Two
DATAFLOW,OECD.SDD.TPS:DSD_PDB@DF_PDB(2.0),I,USA: United States,A: Annual,GDPPOP: GDP per capita,_T: Total - all activities,XDC_PS: National currency per person,V: Current prices,N: Non transformed data,_Z: Not applicable,_Z: Not applicable,2022,77926.1671900703,A: Normal value,0: Units,,2: Two
DATAFLOW,OECD.SDD.TPS:DSD_PDB@DF_PDB(2.0),I,USA: United States,A: Annual,GDPPOP: GDP per capita,_T: Total - all activities,XDC_PS: National currency per person,V: Current prices,N: Non transformed data,_Z: Not applicable,_Z: Not applicable,2023,82505.45704818044,A: Normal value,0: Units,,2: Two
DATAFLOW,OECD.SDD.TPS:DSD_PDB@DF_PDB(2.0),I,USA: United States,A: Annual,GDPPOP: GDP per capita,_T: Total - all activities,XDC_PS: National currency per person,V: Current prices,N: Non transformed data,_Z: Not applicable,_Z: Not applicable,2024,86146.42945878436,A: Normal value,0: Units,,2: Two
DATAFLOW,OECD.SDD.TPS:DSD_PDB@DF_PDB(2.0),I,USA: United States,A: Annual,GDPPOP: GDP per capita,_T: Total - all activities,XDC_PS: National currency per person,V: Current prices,N: Non transformed data,_Z: Not applicable,_Z: Not applicable,2025,89984.4857864361,A: Normal value,0: Units,,2: Two
DATAFLOW,OECD.SDD.TPS:DSD_PDB@DF_PDB(2.0),I,USA: United States,A: Annual,GDPHRS: GDP per hour worked,_T: Total - all activities,XDC_H: National currency per hour,V: Current prices,N: Non transformed data,_Z: Not applicable,_Z: Not applicable,2018,73.07240269755518,A: Normal value,0: Units,,2: Two
DATAFLOW,OECD.SDD.TPS:DSD_PDB@DF_PDB(2.0),I,USA: United States,A: Annual,GDPHRS: GDP per hour worked,_T: Total - all activities,XDC_H: National currency per hour,L: Chain linked volume,N: Non transformed data,_Z: Not applicable,_Z: Not applicable,2018,71.43588495487568,A: Normal value,0: Units,,2: Two
DATAFLOW,OECD.SDD.TPS:DSD_PDB@DF_PDB(2.0),I,USA: United States,A: Annual,GDPHRS: GDP per hour worked,_T: Total - all activities,XDC_H: National currency per hour,L: Chain linked volume,N: Non transformed data,_Z: Not applicable,_Z: Not applicable,2019,72.66473999388255,A: Normal value,0: Units,,2: Two
DATAFLOW,OECD.SDD.TPS:DSD_PDB@DF_PDB(2.0),I,USA: United States,A: Annual,GDPHRS: GDP per hour worked,_T: Total - all activities,XDC_H: National currency per hour,V: Current prices,N: Non transformed data,_Z: Not applicable,_Z: Not applicable,2019,75.55619084232947,A: Normal value,0: Units,,2: Two
DATAFLOW,OECD.SDD.TPS:DSD_PDB@DF_PDB(2.0),I,USA: United States,A: Annual,GDPHRS: GDP per hour worked,_T: Total - all activities,XDC_H: National currency per hour,V: Current prices,N: Non transformed data,_Z: Not applicable,_Z: Not applicable,2020,80.05585297032337,A: Normal value,0: Units,,2: Two
DATAFLOW,OECD.SDD.TPS:DSD_PDB@DF_PDB(2.0),I,USA: United States,A: Annual,GDPHRS: GDP per hour worked,_T: Total - all activities,XDC_H: National currency per hour,L: Chain linked volume,N: Non transformed data,_Z: Not applicable,_Z: Not applicable,2020,75.9706012555589,A: Normal value,0: Units,,2: Two
DATAFLOW,OECD.SDD.TPS:DSD_PDB@DF_PDB(2.0),I,USA: United States,A: Annual,GDPHRS: GDP per hour worked,_T: Total - all activities,XDC_H: National currency per hour,L: Chain linked volume,N: Non transformed data,_Z: Not applicable,_Z: Not applicable,2021,77.36022734825636,A: Normal value,0: Units,,2: Two
DATAFLOW,OECD.SDD.TPS:DSD_PDB@DF_PDB(2.0),I,USA: United States,A: Annual,GDPHRS: GDP per hour worked,_T: Total - all activities,XDC_H: National currency per hour,V: Current prices,N: Non transformed data,_Z: Not applicable,_Z: Not applicable,2021,85.23994977356789,A: Normal value,0: Units,,2: Two
DATAFLOW,OECD.SDD.TPS:DSD_PDB@DF_PDB(2.0),I,USA: United States,A: Annual,GDPHRS: GDP per hour worked,_T: Total - all activities,XDC_H: National currency per hour,V: Current prices,N: Non transformed data,_Z: Not applicable,_Z: Not applicable,2022,90.8336142691943,A: Normal value,0: Units,,2: Two
DATAFLOW,OECD.SDD.TPS:DSD_PDB@DF_PDB(2.0),I,USA: United States,A: Annual,GDPHRS: GDP per hour worked,_T: Total - all activities,XDC_H: National currency per hour,L: Chain linked volume,N: Non transformed data,_Z: Not applicable,_Z: Not applicable,2022,76.96282129097553,A: Normal value,0: Units,,2: Two
DATAFLOW,OECD.SDD.TPS:DSD_PDB@DF_PDB(2.0),I,USA: United States,A: Annual,GDPHRS: GDP per hour worked,_T: Total - all activities,XDC_H: National currency per hour,L: Chain linked volume,N: Non transformed data,_Z: Not applicable,_Z: Not applicable,2023,78.07067469233782,A: Normal value,0: Units,,2: Two
DATAFLOW,OECD.SDD.TPS:DSD_PDB@DF_PDB(2.0),I,USA: United States,A: Annual,GDPHRS: GDP per hour worked,_T: Total - all activities,XDC_H: National currency per hour,V: Current prices,N: Non transformed data,_Z: Not applicable,_Z: Not applicable,2023,95.5505521084565,A: Normal value,0: Units,,2: Two
DATAFLOW,OECD.SDD.TPS:DSD_PDB@DF_PDB(2.0),I,USA: United States,A: Annual,GDPHRS: GDP per hour worked,_T: Total - all activities,XDC_H: National currency per hour,V: Current prices,N: Non transformed data,_Z: Not applicable,_Z: Not applicable,2024,100.11954674550107,A: Normal value,0: Units,,2: Two
DATAFLOW,OECD.SDD.TPS:DSD_PDB@DF_PDB(2.0),I,USA: United States,A: Annual,GDPHRS: GDP per hour worked,_T: Total - all activities,XDC_H: National currency per hour,L: Chain linked volume,N: Non transformed data,_Z: Not applicable,_Z: Not applicable,2024,79.82233897173327,A: Normal value,0: Units,,2: Two
DATAFLOW,OECD.SDD.TPS:DSD_PDB@DF_PDB(2.0),I,USA: United States,A: Annual,GDPHRS: GDP per hour worked,_T: Total - all activities,XDC_H: National currency per hour,LR: Chain linked volume (rebased),N: Non transformed data,_Z: Not applicable,_Z: Not applicable,2018,75.27728632091625,A: Normal value,0: Units,2020,2: Two
DATAFLOW,OECD.SDD.TPS:DSD_PDB@DF_PDB(2.0),I,USA: United States,A: Annual,GDPHRS: GDP per hour worked,_T: Total - all activities,XDC_H: National currency per hour,LR: Chain linked volume (rebased),N: Non transformed data,_Z: Not applicable,_Z: Not applicable,2019,76.57222195017918,A: Normal value,0: Units,2020,2: Two
DATAFLOW,OECD.SDD.TPS:DSD_PDB@DF_PDB(2.0),I,USA: United States,A: Annual,GDPHRS: GDP per hour worked,_T: Total - all activities,XDC_H: National currency per hour,LR: Chain linked volume (rebased),N: Non transformed data,_Z: Not applicable,_Z: Not applicable,2020,80.05585297032337,A: Normal value,0: Units,2020,2: Two
DATAFLOW,OECD.SDD.TPS:DSD_PDB@DF_PDB(2.0),I,USA: United States,A: Annual,GDPHRS: GDP per hour worked,_T: Total - all activities,XDC_H: National currency per hour,LR: Chain linked volume (rebased),N: Non transformed data,_Z: Not applicable,_Z: Not applicable,2021,81.52020497270419,A: Normal value,0: Units,2020,2: Two
DATAFLOW,OECD.SDD.TPS:DSD_PDB@DF_PDB(2.0),I,USA: United States,A: Annual,GDPHRS: GDP per hour worked,_T: Total - all activities,XDC_H: National currency per hour,LR: Chain linked volume (rebased),N: Non transformed data,_Z: Not applicable,_Z: Not applicable,2022,81.10142875669932,A: Normal value,0: Units,2020,2: Two
DATAFLOW,OECD.SDD.TPS:DSD_PDB@DF_PDB(2.0),I,USA: United States,A: Annual,GDPHRS: GDP per hour worked,_T: Total - all activities,XDC_H: National currency per hour,LR: Chain linked volume (rebased),N: Non transformed data,_Z: Not applicable,_Z: Not applicable,2023,82.26885599486027,A: Normal value,0: Units,2020,2: Two
DATAFLOW,OECD.SDD.TPS:DSD_PDB@DF_PDB(2.0),I,USA: United States,A: Annual,GDPHRS: GDP per hour worked,_T: Total - all activities,XDC_H: National currency per hour,LR: Chain linked volume (rebased),N: Non transformed data,_Z: Not applicable,_Z: Not applicable,2024,84.1147144673672,A: Normal value,0: Units,2020,2: Two
DATAFLOW,OECD.SDD.TPS:DSD_PDB@DF_PDB(2.0),I,USA: United States,A: Annual,HRSAV: Average hours worked per person employed,_T: Total - all activities,H_PS: Hours per person,_Z: Not applicable,"GY: Growth rate, over 1 year",_Z: Not applicable,_Z: Not applicable,2018,0.30766928768937163,A: Normal value,0: Units,,2: Two
DATAFLOW,OECD.SDD.TPS:DSD_PDB@DF_PDB(2.0),I,USA: United States,A: Annual,HRSAV: Average hours worked per person employed,_T: Total - all activities,H_PS: Hours per person,_Z: Not applicable,N: Non transformed data,_Z: Not applicable,_Z: Not applicable,2018,1730.7401724828294,A: Normal value,0: Units,,2: Two
DATAFLOW,OECD.SDD.TPS:DSD_PDB@DF_PDB(2.0),I,USA: United States,A: Annual,HRSAV: Average hours worked per person employed,_T: Total - all activities,H_PS: Hours per person,_Z: Not applicable,N: Non transformed data,_Z: Not applicable,_Z: Not applicable,2019,1725.3122936677053,A: Normal value,0: Units,,2: Two
DATAFLOW,OECD.SDD.TPS:DSD_PDB@DF_PDB(2.0),I,USA: United States,A: Annual,HRSAV: Average hours worked per person employed,_T: Total - all activities,H_PS: Hours per person,_Z: Not applicable,"GY: Growth rate, over 1 year",_Z: Not applicable,_Z: Not applicable,2019,-0.31361604135746735,A: Normal value,0: Units,,2: Two
DATAFLOW,OECD.SDD.TPS:DSD_PDB@DF_PDB(2.0),I,USA: United States,A: Annual,HRSAV: Average hours worked per person employed,_T: Total - all activities,H_PS: Hours per person,_Z: Not applicable,"GY: Growth rate, over 1 year",_Z: Not applicable,_Z: Not applicable,2020,-0.5101496500711455,A: Normal value,0: Units,,2: Two
DATAFLOW,OECD.SDD.TPS:DSD_PDB@DF_PDB(2.0),I,USA: United States,A: Annual,HRSAV: Average hours worked per person employed,_T: Total - all activities,H_PS: Hours per person,_Z: Not applicable,N: Non transformed data,_Z: Not applicable,_Z: Not applicable,2020,1716.510619038925,A: Normal value,0: Units,,2: Two
DATAFLOW,OECD.SDD.TPS:DSD_PDB@DF_PDB(2.0),I,USA: United States,A: Annual,HRSAV: Average hours worked per person employed,_T: Total - all activities,H_PS: Hours per person,_Z: Not applicable,N: Non transformed data,_Z: Not applicable,_Z: Not applicable,2021,1734.1743996670457,A: Normal value,0: Units,,2: Two
DATAFLOW,OECD.SDD.TPS:DSD_PDB@DF_PDB(2.0),I,USA: United States,A: Annual,HRSAV: Average hours worked per person employed,_T: Total - all activities,H_PS: Hours per person,_Z: Not applicable,"GY: Growth rate, over 1 year",_Z: Not applicable,_Z: Not applicable,2021,1.0290516372110092,A: Normal value,0: Units,,2: Two
DATAFLOW,OECD.SDD.TPS:DSD_PDB@DF_PDB(2.0),I,USA: United States,A: Annual,HRSAV: Average hours worked per person employed,_T: Total - all activities,H_PS: Hours per person,_Z: Not applicable,"GY: Growth rate, over 1 year",_Z: Not applicable,_Z: Not applicable,2022,-0.8545724999143745,A: Normal value,0: Units,,2: Two
DATAFLOW,OECD.SDD.TPS:DSD_PDB@DF_PDB(2.0),I,USA: United States,A: Annual,HRSAV: Average hours worked per person employed,_T: Total - all activities,H_PS: Hours per person,_Z: Not applicable,N: Non transformed data,_Z: Not applicable,_Z: Not applicable,2022,1719.354622146936,A: Normal value,0: Units,,2: Two
DATAFLOW,OECD.SDD.TPS:DSD_PDB@DF_PDB(2.0),I,USA: United States,A: Annual,HRSAV: Average hours worked per person employed,_T: Total - all activities,H_PS: Hours per person,_Z: Not applicable,N: Non transformed data,_Z: Not applicable,_Z: Not applicable,2023,1711.6646133309025,A: Normal value,0: Units,,2: Two
DATAFLOW,OECD.SDD.TPS:DSD_PDB@DF_PDB(2.0),I,USA: United States,A: Annual,HRSAV: Average hours worked per person employed,_T: Total - all activities,H_PS: Hours per person,_Z: Not applicable,"GY: Growth rate, over 1 year",_Z: Not applicable,_Z: Not applicable,2023,-0.4472613570800754,A: Normal value,0: Units,,2: Two
DATAFLOW,OECD.SDD.TPS:DSD_PDB@DF_PDB(2.0),I,USA: United States,A: Annual,HRSAV: Average hours worked per person employed,_T: Total - all activities,H_PS: Hours per person,_Z: Not applicable,"GY: Growth rate, over 1 year",_Z: Not applicable,_Z: Not applicable,2024,-0.5469343263171278,A: Normal value,0: Units,,2: Two
DATAFLOW,OECD.SDD.TPS:DSD_PDB@DF_PDB(2.0),I,USA: United States,A: Annual,HRSAV: Average hours worked per person employed,_T: Total - all activities,H_PS: Hours per person,_Z: Not applicable,N: Non transformed data,_Z: Not applicable,_Z: Not applicable,2024,1702.3029320091725,A: Normal value,0: Units,,2: Two
DATAFLOW,OECD.SDD.TPS:DSD_PDB@DF_PDB(2.0),I,USA: United States,A: Annual,GDPHRS: GDP per hour worked,_T: Total - all activities,XDC_H: National currency per hour,L: Chain linked volume,"GY: Growth rate, over 1 year",_Z: Not applicable,_Z: Not applicable,2018,1.0910496588067975,A: Normal value,0: Units,,2: Two
DATAFLOW,OECD.SDD.TPS:DSD_PDB@DF_PDB(2.0),I,USA: United States,A: Annual,GDPHRS: GDP per hour worked,_T: Total - all activities,XDC_H: National currency per hour,LR: Chain linked volume (rebased),"GY: Growth rate, over 1 year",_Z: Not applicable,_Z: Not applicable,2018,1.0910496588067975,A: Normal value,0: Units,2020,2: Two
DATAFLOW,OECD.SDD.TPS:DSD_PDB@DF_PDB(2.0),I,USA: United States,A: Annual,GDPHRS: GDP per hour worked,_T: Total - all activities,XDC_H: National currency per hour,LR: Chain linked volume (rebased),"GY: Growth rate, over 1 year",_Z: Not applicable,_Z: Not applicable,2019,1.7202209222761278,A: Normal value,0: Units,2020,2: Two
DATAFLOW,OECD.SDD.TPS:DSD_PDB@DF_PDB(2.0),I,USA: United States,A: Annual,GDPHRS: GDP per hour worked,_T: Total - all activities,XDC_H: National currency per hour,L: Chain linked volume,"GY: Growth rate, over 1 year",_Z: Not applicable,_Z: Not applicable,2019,1.7202209222761278,A: Normal value,0: Units,,2: Two
DATAFLOW,OECD.SDD.TPS:DSD_PDB@DF_PDB(2.0),I,USA: United States,A: Annual,GDPHRS: GDP per hour worked,_T: Total - all activities,XDC_H: National currency per hour,L: Chain linked volume,"GY: Growth rate, over 1 year",_Z: Not applicable,_Z: Not applicable,2020,4.549470984076542,A: Normal value,0: Units,,2: Two
DATAFLOW,OECD.SDD.TPS:DSD_PDB@DF_PDB(2.0),I,USA: United States,A: Annual,GDPHRS: GDP per hour worked,_T: Total - all activities,XDC_H: National currency per hour,LR: Chain linked volume (rebased),"GY: Growth rate, over 1 year",_Z: Not applicable,_Z: Not applicable,2020,4.549470984076542,A: Normal value,0: Units,2020,2: Two
DATAFLOW,OECD.SDD.TPS:DSD_PDB@DF_PDB(2.0),I,USA: United States,A: Annual,GDPHRS: GDP per hour worked,_T: Total - all activities,XDC_H: National currency per hour,LR: Chain linked volume (rebased),"GY: Growth rate, over 1 year",_Z: Not applicable,_Z: Not applicable,2021,1.8291629521568042,A: Normal value,0: Units,2020,2: Two
DATAFLOW,OECD.SDD.TPS:DSD_PDB@DF_PDB(2.0),I,USA: United States,A: Annual,GDPHRS: GDP per hour worked,_T: Total - all activities,XDC_H: National currency per hour,L: Chain linked volume,"GY: Growth rate, over 1 year",_Z: Not applicable,_Z: Not applicable,2021,1.8291629521568042,A: Normal value,0: Units,,2: Two
DATAFLOW,OECD.SDD.TPS:DSD_PDB@DF_PDB(2.0),I,USA: United States,A: Annual,GDPHRS: GDP per hour worked,_T: Total - all activities,XDC_H: National currency per hour,L: Chain linked volume,"GY: Growth rate, over 1 year",_Z: Not applicable,_Z: Not applicable,2022,-0.5137084919513146,A: Normal value,0: Units,,2: Two
DATAFLOW,OECD.SDD.TPS:DSD_PDB@DF_PDB(2.0),I,USA: United States,A: Annual,GDPHRS: GDP per hour worked,_T: Total - all activities,XDC_H: National currency per hour,LR: Chain linked volume (rebased),"GY: Growth rate, over 1 year",_Z: Not applicable,_Z: Not applicable,2022,-0.5137084919513146,A: Normal value,0: Units,2020,2: Two
DATAFLOW,OECD.SDD.TPS:DSD_PDB@DF_PDB(2.0),I,USA: United States,A: Annual,GDPHRS: GDP per hour worked,_T: Total - all activities,XDC_H: National currency per hour,LR: Chain linked volume (rebased),"GY: Growth rate, over 1 year",_Z: Not applicable,_Z: Not applicable,2023,1.4394656832729558,A: Normal value,0: Units,2020,2: Two
DATAFLOW,OECD.SDD.TPS:DSD_PDB@DF_PDB(2.0),I,USA: United States,A: Annual,GDPHRS: GDP per hour worked,_T: Total - all activities,XDC_H: National currency per hour,L: Chain linked volume,"GY: Growth rate, over 1 year",_Z: Not applicable,_Z: Not applicable,2023,1.4394656832729558,A: Normal value,0: Units,,2: Two
DATAFLOW,OECD.SDD.TPS:DSD_PDB@DF_PDB(2.0),I,USA: United States,A: Annual,GDPHRS: GDP per hour worked,_T: Total - all activities,XDC_H: National currency per hour,L: Chain linked volume,"GY: Growth rate, over 1 year",_Z: Not applicable,_Z: Not applicable,2024,2.2436904590596107,A: Normal value,0: Units,,2: Two
DATAFLOW,OECD.SDD.TPS:DSD_PDB@DF_PDB(2.0),I,USA: United States,A: Annual,GDPHRS: GDP per hour worked,_T: Total - all activities,XDC_H: National currency per hour,LR: Chain linked volume (rebased),"GY: Growth rate, over 1 year",_Z: Not applicable,_Z: Not applicable,2024,2.2436904590596107,A: Normal value,0: Units,2020,2: Two
DATAFLOW,OECD.SDD.TPS:DSD_PDB@DF_PDB(2.0),I,USA: United States,A: Annual,GDPHRS: GDP per hour worked,_T: Total - all activities,XDC_H: National currency per hour,LR: Chain linked volume (rebased),"GY: Growth rate, over 1 year",_Z: Not applicable,_Z: Not applicable,2025,1.7685964076408212,A: Normal value,0: Units,2020,2: Two
DATAFLOW,OECD.SDD.TPS:DSD_PDB@DF_PDB(2.0),I,USA: United States,A: Annual,GDPHRS: GDP per hour worked,_T: Total - all activities,XDC_H: National currency per hour,L: Chain linked volume,"GY: Growth rate, over 1 year",_Z: Not applicable,_Z: Not applicable,2025,1.7685964076408212,A: Normal value,0: Units,,2: Two
DATAFLOW,OECD.SDD.TPS:DSD_PDB@DF_PDB(2.0),I,USA: United States,A: Annual,GDPHRS: GDP per hour worked,_T: Total - all activities,XDC_H: National currency per hour,L: Chain linked volume,N: Non transformed data,_Z: Not applicable,_Z: Not applicable,2025,81.23407399128223,A: Normal value,0: Units,,2: Two
DATAFLOW,OECD.SDD.TPS:DSD_PDB@DF_PDB(2.0),I,USA: United States,A: Annual,GDPHRS: GDP per hour worked,_T: Total - all activities,XDC_H: National currency per hour,V: Current prices,N: Non transformed data,_Z: Not applicable,_Z: Not applicable,2025,104.74444383172305,A: Normal value,0: Units,,2: Two
DATAFLOW,OECD.SDD.TPS:DSD_PDB@DF_PDB(2.0),I,USA: United States,A: Annual,GDPHRS: GDP per hour worked,_T: Total - all activities,XDC_H: National currency per hour,LR: Chain linked volume (rebased),N: Non transformed data,_Z: Not applicable,_Z: Not applicable,2025,85.60236428340167,A: Normal value,0: Units,2020,2: Two
DATAFLOW,OECD.SDD.TPS:DSD_PDB@DF_PDB(2.0),I,USA: United States,A: Annual,POP: Population,_T: Total - all activities,PS: Persons,_Z: Not applicable,N: Non transformed data,_Z: Not applicable,_Z: Not applicable,2020,331840.3,A: Normal value,3: Thousands,,2: Two
DATAFLOW,OECD.SDD.TPS:DSD_PDB@DF_PDB(2.0),I,USA: United States,A: Annual,POP: Population,_T: Total - all activities,PS: Persons,_Z: Not applicable,N: Non transformed data,_Z: Not applicable,_Z: Not applicable,2021,332502.5,A: Normal value,3: Thousands,,2: Two
DATAFLOW,OECD.SDD.TPS:DSD_PDB@DF_PDB(2.0),I,USA: United States,A: Annual,POP: Population,_T: Total - all activities,PS: Persons,_Z: Not applicable,N: Non transformed data,_Z: Not applicable,_Z: Not applicable,2022,334350,A: Normal value,3: Thousands,,2: Two
DATAFLOW,OECD.SDD.TPS:DSD_PDB@DF_PDB(2.0),I,USA: United States,A: Annual,POP: Population,_T: Total - all activities,PS: Persons,_Z: Not applicable,N: Non transformed data,_Z: Not applicable,_Z: Not applicable,2023,337087,A: Normal value,3: Thousands,,2: Two
DATAFLOW,OECD.SDD.TPS:DSD_PDB@DF_PDB(2.0),I,USA: United States,A: Annual,POP: Population,_T: Total - all activities,PS: Persons,_Z: Not applicable,N: Non transformed data,_Z: Not applicable,_Z: Not applicable,2024,340095.5,A: Normal value,3: Thousands,,2: Two
DATAFLOW,OECD.SDD.TPS:DSD_PDB@DF_PDB(2.0),I,USA: United States,A: Annual,EMP: Employment,_T: Total - all activities,PS: Persons,_Z: Not applicable,N: Non transformed data,_Z: Not applicable,_Z: Not applicable,2025,165681.7435229419,A: Normal value,3: Thousands,,2: Two
DATAFLOW,OECD.SDD.TPS:DSD_PDB@DF_PDB(2.0),I,USA: United States,A: Annual,HRSTO: Hours worked for total employment,_T: Total - all activities,H: Hours,_Z: Not applicable,N: Non transformed data,_Z: Not applicable,_Z: Not applicable,2025,293759.73440112005,A: Normal value,6: Millions,,2: Two
DATAFLOW,OECD.SDD.TPS:DSD_PDB@DF_PDB(2.0),I,USA: United States,A: Annual,POP: Population,_T: Total - all activities,PS: Persons,_Z: Not applicable,N: Non transformed data,_Z: Not applicable,_Z: Not applicable,2025,341944.5,A: Normal value,3: Thousands,,2: Two
DATAFLOW,OECD.SDD.TPS:DSD_PDB@DF_PDB(2.0),I,USA: United States,A: Annual,GDPEMP: GDP per person employed,_T: Total - all activities,XDC_PS: National currency per person,V: Current prices,N: Non transformed data,_Z: Not applicable,_Z: Not applicable,2024,177668.59380086407,A: Normal value,0: Units,,2: Two
DATAFLOW,OECD.SDD.TPS:DSD_PDB@DF_PDB(2.0),I,USA: United States,A: Annual,GDPEMP: GDP per person employed,_T: Total - all activities,XDC_PS: National currency per person,LR: Chain linked volume (rebased),N: Non transformed data,_Z: Not applicable,_Z: Not applicable,2024,149266.9865492561,A: Normal value,0: Units,2020,2: Two
DATAFLOW,OECD.SDD.TPS:DSD_PDB@DF_PDB(2.0),I,USA: United States,A: Annual,GDPEMP: GDP per person employed,_T: Total - all activities,XDC_PS: National currency per person,L: Chain linked volume,N: Non transformed data,_Z: Not applicable,_Z: Not applicable,2024,141649.8893573051,A: Normal value,0: Units,,2: Two
DATAFLOW,OECD.SDD.TPS:DSD_PDB@DF_PDB(2.0),I,USA: United States,A: Annual,GDP: Gross domestic product,_T: Total - all activities,XDC: National currency,L: Chain linked volume,N: Non transformed data,_Z: Not applicable,_Z: Not applicable,2018,20193896,A: Normal value,6: Millions,,2: Two
DATAFLOW,OECD.SDD.TPS:DSD_PDB@DF_PDB(2.0),I,USA: United States,A: Annual,GDP: Gross domestic product,_T: Total - all activities,XDC: National currency,V: Current prices,N: Non transformed data,_Z: Not applicable,_Z: Not applicable,2018,20656516,A: Normal value,6: Millions,,2: Two
DATAFLOW,OECD.SDD.TPS:DSD_PDB@DF_PDB(2.0),I,USA: United States,A: Annual,GDP: Gross domestic product,_T: Total - all activities,XDC: National currency,V: Current prices,N: Non transformed data,_Z: Not applicable,_Z: Not applicable,2019,21539982,A: Normal value,6: Millions,,2: Two
DATAFLOW,OECD.SDD.TPS:DSD_PDB@DF_PDB(2.0),I,USA: United States,A: Annual,GDP: Gross domestic product,_T: Total - all activities,XDC: National currency,L: Chain linked volume,N: Non transformed data,_Z: Not applicable,_Z: Not applicable,2019,20715671,A: Normal value,6: Millions,,2: Two
DATAFLOW,OECD.SDD.TPS:DSD_PDB@DF_PDB(2.0),I,USA: United States,A: Annual,GDPPOP: GDP per capita,_T: Total - all activities,XDC: National currency,V: Current prices,N: Non transformed data,_Z: Not applicable,_Z: Not applicable,2018,62824.94735318199,A: Normal value,0: Units,,2: Two
DATAFLOW,OECD.SDD.TPS:DSD_PDB@DF_PDB(2.0),I,USA: United States,A: Annual,GDPPOP: GDP per capita,_T: Total - all activities,XDC: National currency,V: Current prices,N: Non transformed data,_Z: Not applicable,_Z: Not applicable,2019,65171.459475814074,A: Normal value,0: Units,,2: Two
DATAFLOW,OECD.SDD.TPS:DSD_PDB@DF_PDB(2.0),I,USA: United States,A: Annual,GDPPOP: GDP per capita,_T: Total - all activities,XDC: National currency,V: Current prices,N: Non transformed data,_Z: Not applicable,_Z: Not applicable,2025,89984.4857864361,A: Normal value,0: Units,,2: Two
DATAFLOW,OECD.SDD.TPS:DSD_PDB@DF_PDB(2.0),I,USA: United States,A: Annual,GDPPOP: GDP per capita,_T: Total - all activities,XDC: National currency,V: Current prices,N: Non transformed data,_Z: Not applicable,_Z: Not applicable,2020,64414.361365994424,A: Normal value,0: Units,,2: Two
DATAFLOW,OECD.SDD.TPS:DSD_PDB@DF_PDB(2.0),I,USA: United States,A: Annual,GDPPOP: GDP per capita,_T: Total - all activities,XDC: National currency,V: Current prices,N: Non transformed data,_Z: Not applicable,_Z: Not applicable,2021,71354.78680611424,A: Normal value,0: Units,,2: Two
DATAFLOW,OECD.SDD.TPS:DSD_PDB@DF_PDB(2.0),I,USA: United States,A: Annual,GDPPOP: GDP per capita,_T: Total - all activities,XDC: National currency,V: Current prices,N: Non transformed data,_Z: Not applicable,_Z: Not applicable,2022,77926.1671900703,A: Normal value,0: Units,,2: Two
DATAFLOW,OECD.SDD.TPS:DSD_PDB@DF_PDB(2.0),I,USA: United States,A: Annual,GDPPOP: GDP per capita,_T: Total - all activities,XDC: National currency,V: Current prices,N: Non transformed data,_Z: Not applicable,_Z: Not applicable,2023,82505.45704818044,A: Normal value,0: Units,,2: Two
DATAFLOW,OECD.SDD.TPS:DSD_PDB@DF_PDB(2.0),I,USA: United States,A: Annual,GDPPOP: GDP per capita,_T: Total - all activities,XDC: National currency,V: Current prices,N: Non transformed data,_Z: Not applicable,_Z: Not applicable,2024,86146.42945878436,A: Normal value,0: Units,,2: Two
DATAFLOW,OECD.SDD.TPS:DSD_PDB@DF_PDB(2.0),I,USA: United States,A: Annual,GDP: Gross domestic product,_T: Total - all activities,XDC: National currency,V: Current prices,N: Non transformed data,_Z: Not applicable,_Z: Not applicable,2025,30769700,A: Normal value,6: Millions,,2: Two
DATAFLOW,OECD.SDD.TPS:DSD_PDB@DF_PDB(2.0),I,USA: United States,A: Annual,GDP: Gross domestic product,_T: Total - all activities,XDC: National currency,LR: Chain linked volume (rebased),N: Non transformed data,_Z: Not applicable,_Z: Not applicable,2025,25146527.796,A: Normal value,6: Millions,2020,2: Two
DATAFLOW,OECD.SDD.TPS:DSD_PDB@DF_PDB(2.0),I,USA: United States,A: Annual,GDP: Gross domestic product,_T: Total - all activities,XDC: National currency,L: Chain linked volume,N: Non transformed data,_Z: Not applicable,_Z: Not applicable,2025,23863300,A: Normal value,6: Millions,,2: Two
DATAFLOW,OECD.SDD.TPS:DSD_PDB@DF_PDB(2.0),I,USA: United States,A: Annual,HRSTO: Hours worked for total employment,_T: Total - all activities,H: Hours,_Z: Not applicable,N: Non transformed data,_Z: Not applicable,_Z: Not applicable,2018,282685.6,A: Normal value,6: Millions,,2: Two
DATAFLOW,OECD.SDD.TPS:DSD_PDB@DF_PDB(2.0),I,USA: United States,A: Annual,HRSTO: Hours worked for total employment,_T: Total - all activities,H: Hours,_Z: Not applicable,N: Non transformed data,_Z: Not applicable,_Z: Not applicable,2019,285085.6,A: Normal value,6: Millions,,2: Two
DATAFLOW,OECD.SDD.TPS:DSD_PDB@DF_PDB(2.0),I,USA: United States,A: Annual,HRSTO: Hours worked for total employment,_T: Total - all activities,H: Hours,_Z: Not applicable,N: Non transformed data,_Z: Not applicable,_Z: Not applicable,2020,267004.6,A: Normal value,6: Millions,,2: Two
DATAFLOW,OECD.SDD.TPS:DSD_PDB@DF_PDB(2.0),I,USA: United States,A: Annual,HRSTO: Hours worked for total employment,_T: Total - all activities,H: Hours,_Z: Not applicable,N: Non transformed data,_Z: Not applicable,_Z: Not applicable,2021,278339.5,A: Normal value,6: Millions,,2: Two
DATAFLOW,OECD.SDD.TPS:DSD_PDB@DF_PDB(2.0),I,USA: United States,A: Annual,HRSTO: Hours worked for total employment,_T: Total - all activities,H: Hours,_Z: Not applicable,N: Non transformed data,_Z: Not applicable,_Z: Not applicable,2022,286838.9,A: Normal value,6: Millions,,2: Two
DATAFLOW,OECD.SDD.TPS:DSD_PDB@DF_PDB(2.0),I,USA: United States,A: Annual,HRSTO: Hours worked for total employment,_T: Total - all activities,H: Hours,_Z: Not applicable,N: Non transformed data,_Z: Not applicable,_Z: Not applicable,2023,291066,A: Normal value,6: Millions,,2: Two
DATAFLOW,OECD.SDD.TPS:DSD_PDB@DF_PDB(2.0),I,USA: United States,A: Annual,HRSTO: Hours worked for total employment,_T: Total - all activities,H: Hours,_Z: Not applicable,N: Non transformed data,_Z: Not applicable,_Z: Not applicable,2024,292630.3,A: Normal value,6: Millions,,2: Two
DATAFLOW,OECD.SDD.TPS:DSD_PDB@DF_PDB(2.0),I,USA: United States,A: Annual,GDPEMP: GDP per person employed,_T: Total - all activities,XDC_PS: National currency per person,LR: Chain linked volume (rebased),N: Non transformed data,_Z: Not applicable,_Z: Not applicable,2018,134753.9505179969,A: Normal value,0: Units,2020,2: Two
DATAFLOW,OECD.SDD.TPS:DSD_PDB@DF_PDB(2.0),I,USA: United States,A: Annual,GDPEMP: GDP per person employed,_T: Total - all activities,XDC_PS: National currency per person,LR: Chain linked volume (rebased),N: Non transformed data,_Z: Not applicable,_Z: Not applicable,2019,136674.41671675432,A: Normal value,0: Units,2020,2: Two
DATAFLOW,OECD.SDD.TPS:DSD_PDB@DF_PDB(2.0),I,USA: United States,A: Annual,GDPEMP: GDP per person employed,_T: Total - all activities,XDC_PS: National currency per person,V: Current prices,N: Non transformed data,_Z: Not applicable,_Z: Not applicable,2020,142522.7766739122,A: Normal value,0: Units,,2: Two
DATAFLOW,OECD.SDD.TPS:DSD_PDB@DF_PDB(2.0),I,USA: United States,A: Annual,GDPEMP: GDP per person employed,_T: Total - all activities,XDC_PS: National currency per person,LR: Chain linked volume (rebased),N: Non transformed data,_Z: Not applicable,_Z: Not applicable,2020,142522.7766739122,A: Normal value,0: Units,2020,2: Two
DATAFLOW,OECD.SDD.TPS:DSD_PDB@DF_PDB(2.0),I,USA: United States,A: Annual,GDPEMP: GDP per person employed,_T: Total - all activities,XDC_PS: National currency per person,L: Chain linked volume,N: Non transformed data,_Z: Not applicable,_Z: Not applicable,2020,135249.8366427076,A: Normal value,0: Units,,2: Two
DATAFLOW,OECD.SDD.TPS:DSD_PDB@DF_PDB(2.0),I,USA: United States,A: Annual,GDPEMP: GDP per person employed,_T: Total - all activities,XDC_PS: National currency per person,L: Chain linked volume,N: Non transformed data,_Z: Not applicable,_Z: Not applicable,2021,139130.59238582617,A: Normal value,0: Units,,2: Two
DATAFLOW,OECD.SDD.TPS:DSD_PDB@DF_PDB(2.0),I,USA: United States,A: Annual,GDPEMP: GDP per person employed,_T: Total - all activities,XDC_PS: National currency per person,LR: Chain linked volume (rebased),N: Non transformed data,_Z: Not applicable,_Z: Not applicable,2021,146612.21661368277,A: Normal value,0: Units,2020,2: Two
DATAFLOW,OECD.SDD.TPS:DSD_PDB@DF_PDB(2.0),I,USA: United States,A: Annual,GDPEMP: GDP per person employed,_T: Total - all activities,XDC_PS: National currency per person,V: Current prices,N: Non transformed data,_Z: Not applicable,_Z: Not applicable,2021,153302.09221782844,A: Normal value,0: Units,,2: Two
DATAFLOW,OECD.SDD.TPS:DSD_PDB@DF_PDB(2.0),I,USA: United States,A: Annual,GDPEMP: GDP per person employed,_T: Total - all activities,XDC_PS: National currency per person,V: Current prices,N: Non transformed data,_Z: Not applicable,_Z: Not applicable,2022,162420.0604681607,A: Normal value,0: Units,,2: Two
DATAFLOW,OECD.SDD.TPS:DSD_PDB@DF_PDB(2.0),I,USA: United States,A: Annual,GDPEMP: GDP per person employed,_T: Total - all activities,XDC_PS: National currency per person,LR: Chain linked volume (rebased),N: Non transformed data,_Z: Not applicable,_Z: Not applicable,2022,145017.88868247982,A: Normal value,0: Units,2020,2: Two
DATAFLOW,OECD.SDD.TPS:DSD_PDB@DF_PDB(2.0),I,USA: United States,A: Annual,GDPEMP: GDP per person employed,_T: Total - all activities,XDC_PS: National currency per person,L: Chain linked volume,N: Non transformed data,_Z: Not applicable,_Z: Not applicable,2022,137617.62304023938,A: Normal value,0: Units,,2: Two
DATAFLOW,OECD.SDD.TPS:DSD_PDB@DF_PDB(2.0),I,USA: United States,A: Annual,GDPEMP: GDP per person employed,_T: Total - all activities,XDC_PS: National currency per person,L: Chain linked volume,N: Non transformed data,_Z: Not applicable,_Z: Not applicable,2023,139303.34592089456,A: Normal value,0: Units,,2: Two
DATAFLOW,OECD.SDD.TPS:DSD_PDB@DF_PDB(2.0),I,USA: United States,A: Annual,GDPEMP: GDP per person employed,_T: Total - all activities,XDC_PS: National currency per person,LR: Chain linked volume (rebased),N: Non transformed data,_Z: Not applicable,_Z: Not applicable,2023,146794.25982074987,A: Normal value,0: Units,2020,2: Two
DATAFLOW,OECD.SDD.TPS:DSD_PDB@DF_PDB(2.0),I,USA: United States,A: Annual,GDPEMP: GDP per person employed,_T: Total - all activities,XDC_PS: National currency per person,V: Current prices,N: Non transformed data,_Z: Not applicable,_Z: Not applicable,2023,170493.10340599788,A: Normal value,0: Units,,2: Two
DATAFLOW,OECD.SDD.TPS:DSD_PDB@DF_PDB(2.0),I,USA: United States,A: Annual,GDPHRS: GDP per hour worked,_T: Total - all activities,"USD_PPP_H: US dollars per hour, PPP converted",LR: Chain linked volume (rebased),"GY: Growth rate, over 1 year",_Z: Not applicable,PPP: PPP converted,2024,2.2436904590596107,A: Normal value,0: Units,2020,2: Two
DATAFLOW,OECD.SDD.TPS:DSD_PDB@DF_PDB(2.0),I,USA: United States,A: Annual,GDPHRS: GDP per hour worked,_T: Total - all activities,"USD_PPP_H: US dollars per hour, PPP converted",LR: Chain linked volume (rebased),"GY: Growth rate, over 1 year",_Z: Not applicable,PPP: PPP converted,2025,1.7685964076408212,A: Normal value,0: Units,2020,2: Two
DATAFLOW,OECD.SDD.TPS:DSD_PDB@DF_PDB(2.0),I,USA: United States,A: Annual,GDPHRS: GDP per hour worked,_T: Total - all activities,"USD_PPP_H: US dollars per hour, PPP converted",L: Chain linked volume,"GY: Growth rate, over 1 year",_Z: Not applicable,PPP: PPP converted,2025,104.77073100093475,A: Normal value,0: Units,,2: Two
DATAFLOW,OECD.SDD.TPS:DSD_PDB@DF_PDB(2.0),I,USA: United States,A: Annual,GDPHRS: GDP per hour worked,_T: Total - all activities,"USD_PPP_H: US dollars per hour, PPP converted",L: Chain linked volume,N: Non transformed data,_Z: Not applicable,PPP: PPP converted,2025,163.45278701446225,A: Normal value,0: Units,,2: Two
DATAFLOW,OECD.SDD.TPS:DSD_PDB@DF_PDB(2.0),I,USA: United States,A: Annual,GDPHRS: GDP per hour worked,_T: Total - all activities,"USD_PPP_H: US dollars per hour, PPP converted",LR: Chain linked volume (rebased),N: Non transformed data,_Z: Not applicable,PPP: PPP converted,2025,85.60236428340167,A: Normal value,0: Units,2020,2: Two
DATAFLOW,OECD.SDD.TPS:DSD_PDB@DF_PDB(2.0),I,USA: United States,A: Annual,GDPHRS: GDP per hour worked,_T: Total - all activities,"USD_PPP_H: US dollars per hour, PPP converted",V: Current prices,N: Non transformed data,_Z: Not applicable,PPP: PPP converted,2025,104.74444383172305,A: Normal value,0: Units,,2: Two
DATAFLOW,OECD.SDD.TPS:DSD_PDB@DF_PDB(2.0),I,USA: United States,A: Annual,GDP: Gross domestic product,_T: Total - all activities,"USD_PPP: US dollars, PPP converted",V: Current prices,N: Non transformed data,_Z: Not applicable,PPP: PPP converted,2025,30769700,A: Normal value,6: Millions,,2: Two
DATAFLOW,OECD.SDD.TPS:DSD_PDB@DF_PDB(2.0),I,USA: United States,A: Annual,GDP: Gross domestic product,_T: Total - all activities,"USD_PPP: US dollars, PPP converted",LR: Chain linked volume (rebased),N: Non transformed data,_Z: Not applicable,PPP: PPP converted,2025,25146527.796,A: Normal value,6: Millions,2020,2: Two
DATAFLOW,OECD.SDD.TPS:DSD_PDB@DF_PDB(2.0),I,USA: United States,A: Annual,GDP: Gross domestic product,_T: Total - all activities,"USD_PPP: US dollars, PPP converted",L: Chain linked volume,N: Non transformed data,_Z: Not applicable,PPP: PPP converted,2025,23863300,A: Normal value,6: Millions,,2: Two
DATAFLOW,OECD.SDD.TPS:DSD_PDB@DF_PDB(2.0),I,USA: United States,A: Annual,GDPEMP: GDP per person employed,_T: Total - all activities,"USD_PPP_PS: US dollars per person, PPP converted",LR: Chain linked volume (rebased),N: Non transformed data,_Z: Not applicable,PPP: PPP converted,2024,149266.9865492561,A: Normal value,0: Units,2020,2: Two
DATAFLOW,OECD.SDD.TPS:DSD_PDB@DF_PDB(2.0),I,USA: United States,A: Annual,GDPEMP: GDP per person employed,_T: Total - all activities,"USD_PPP_PS: US dollars per person, PPP converted",V: Current prices,N: Non transformed data,_Z: Not applicable,PPP: PPP converted,2024,177668.59380086407,A: Normal value,0: Units,,2: Two
DATAFLOW,OECD.SDD.TPS:DSD_PDB@DF_PDB(2.0),I,USA: United States,A: Annual,GDPEMP: GDP per person employed,_T: Total - all activities,"USD_PPP_PS: US dollars per person, PPP converted",V: Current prices,N: Non transformed data,_Z: Not applicable,PPP: PPP converted,2018,130806.98599255299,A: Normal value,0: Units,,2: Two
DATAFLOW,OECD.SDD.TPS:DSD_PDB@DF_PDB(2.0),I,USA: United States,A: Annual,GDPEMP: GDP per person employed,_T: Total - all activities,"USD_PPP_PS: US dollars per person, PPP converted",V: Current prices,N: Non transformed data,_Z: Not applicable,PPP: PPP converted,2019,134860.89406461306,A: Normal value,0: Units,,2: Two
DATAFLOW,OECD.SDD.TPS:DSD_PDB@DF_PDB(2.0),I,USA: United States,A: Annual,GDPEMP: GDP per person employed,_T: Total - all activities,"USD_PPP_PS: US dollars per person, PPP converted",V: Current prices,N: Non transformed data,_Z: Not applicable,PPP: PPP converted,2025,185715.69411170113,A: Normal value,0: Units,,2: Two
DATAFLOW,OECD.SDD.TPS:DSD_PDB@DF_PDB(2.0),I,USA: United States,A: Annual,GDPEMP: GDP per person employed,_T: Total - all activities,"USD_PPP_PS: US dollars per person, PPP converted",LR: Chain linked volume (rebased),"GY: Growth rate, over 1 year",_Z: Not applicable,PPP: PPP converted,2025,103.36190474771745,A: Normal value,0: Units,2020,2: Two
DATAFLOW,OECD.SDD.TPS:DSD_PDB@DF_PDB(2.0),I,USA: United States,A: Annual,GDPEMP: GDP per person employed,_T: Total - all activities,"USD_PPP_PS: US dollars per person, PPP converted",L: Chain linked volume,"GY: Growth rate, over 1 year",_Z: Not applicable,PPP: PPP converted,2025,103.36190474771745,A: Normal value,0: Units,,2: Two
DATAFLOW,OECD.SDD.TPS:DSD_PDB@DF_PDB(2.0),I,USA: United States,A: Annual,GDPEMP: GDP per person employed,_T: Total - all activities,"USD_PPP_PS: US dollars per person, PPP converted",L: Chain linked volume,N: Non transformed data,_Z: Not applicable,PPP: PPP converted,2025,288061.91307004995,A: Normal value,0: Units,,2: Two
DATAFLOW,OECD.SDD.TPS:DSD_PDB@DF_PDB(2.0),I,USA: United States,A: Annual,GDPEMP: GDP per person employed,_T: Total - all activities,"USD_PPP_PS: US dollars per person, PPP converted",LR: Chain linked volume (rebased),N: Non transformed data,_Z: Not applicable,PPP: PPP converted,2025,151776.09349890726,A: Normal value,0: Units,2020,2: Two
DATAFLOW,OECD.SDD.TPS:DSD_PDB@DF_PDB(2.0),I,USA: United States,A: Annual,GDPPOP: GDP per capita,_T: Total - all activities,"USD_PPP: US dollars, PPP converted",V: Current prices,N: Non transformed data,_Z: Not applicable,PPP: PPP converted,2020,64414.361365994424,A: Normal value,0: Units,,2: Two
DATAFLOW,OECD.SDD.TPS:DSD_PDB@DF_PDB(2.0),I,USA: United States,A: Annual,GDPPOP: GDP per capita,_T: Total - all activities,"USD_PPP: US dollars, PPP converted",LR: Chain linked volume (rebased),N: Non transformed data,_Z: Not applicable,PPP: PPP converted,2020,64414.361365994424,A: Normal value,0: Units,2020,2: Two
DATAFLOW,OECD.SDD.TPS:DSD_PDB@DF_PDB(2.0),I,USA: United States,A: Annual,GDPPOP: GDP per capita,_T: Total - all activities,"USD_PPP: US dollars, PPP converted",LR: Chain linked volume (rebased),N: Non transformed data,_Z: Not applicable,PPP: PPP converted,2021,68240.96989345945,A: Normal value,0: Units,2020,2: Two
DATAFLOW,OECD.SDD.TPS:DSD_PDB@DF_PDB(2.0),I,USA: United States,A: Annual,GDPPOP: GDP per capita,_T: Total - all activities,"USD_PPP: US dollars, PPP converted",V: Current prices,N: Non transformed data,_Z: Not applicable,PPP: PPP converted,2021,71354.78680611424,A: Normal value,0: Units,,2: Two
DATAFLOW,OECD.SDD.TPS:DSD_PDB@DF_PDB(2.0),I,USA: United States,A: Annual,GDPPOP: GDP per capita,_T: Total - all activities,"USD_PPP: US dollars, PPP converted",V: Current prices,N: Non transformed data,_Z: Not applicable,PPP: PPP converted,2022,77926.1671900703,A: Normal value,0: Units,,2: Two
DATAFLOW,OECD.SDD.TPS:DSD_PDB@DF_PDB(2.0),I,USA: United States,A: Annual,GDPPOP: GDP per capita,_T: Total - all activities,"USD_PPP: US dollars, PPP converted",LR: Chain linked volume (rebased),N: Non transformed data,_Z: Not applicable,PPP: PPP converted,2022,69576.92422012861,A: Normal value,0: Units,2020,2: Two
DATAFLOW,OECD.SDD.TPS:DSD_PDB@DF_PDB(2.0),I,USA: United States,A: Annual,GDPPOP: GDP per capita,_T: Total - all activities,"USD_PPP: US dollars, PPP converted",LR: Chain linked volume (rebased),N: Non transformed data,_Z: Not applicable,PPP: PPP converted,2023,71037.05227137209,A: Normal value,0: Units,2020,2: Two
DATAFLOW,OECD.SDD.TPS:DSD_PDB@DF_PDB(2.0),I,USA: United States,A: Annual,GDPPOP: GDP per capita,_T: Total - all activities,"USD_PPP: US dollars, PPP converted",V: Current prices,N: Non transformed data,_Z: Not applicable,PPP: PPP converted,2023,82505.45704818044,A: Normal value,0: Units,,2: Two
DATAFLOW,OECD.SDD.TPS:DSD_PDB@DF_PDB(2.0),I,USA: United States,A: Annual,GDPPOP: GDP per capita,_T: Total - all activities,"USD_PPP: US dollars, PPP converted",V: Current prices,N: Non transformed data,_Z: Not applicable,PPP: PPP converted,2024,86146.42945878436,A: Normal value,0: Units,,2: Two
DATAFLOW,OECD.SDD.TPS:DSD_PDB@DF_PDB(2.0),I,USA: United States,A: Annual,GDPPOP: GDP per capita,_T: Total - all activities,"USD_PPP: US dollars, PPP converted",LR: Chain linked volume (rebased),N: Non transformed data,_Z: Not applicable,PPP: PPP converted,2024,72375.30084637992,A: Normal value,0: Units,2020,2: Two
DATAFLOW,OECD.SDD.TPS:DSD_PDB@DF_PDB(2.0),I,USA: United States,A: Annual,GDPPOP: GDP per capita,_T: Total - all activities,"USD_PPP: US dollars, PPP converted",LR: Chain linked volume (rebased),N: Non transformed data,_Z: Not applicable,PPP: PPP converted,2025,73539.79314186951,A: Normal value,0: Units,2020,2: Two
DATAFLOW,OECD.SDD.TPS:DSD_PDB@DF_PDB(2.0),I,USA: United States,A: Annual,GDPPOP: GDP per capita,_T: Total - all activities,"USD_PPP: US dollars, PPP converted",V: Current prices,N: Non transformed data,_Z: Not applicable,PPP: PPP converted,2025,89984.4857864361,A: Normal value,0: Units,,2: Two
DATAFLOW,OECD.SDD.TPS:DSD_PDB@DF_PDB(2.0),I,USA: United States,A: Annual,GDPPOP: GDP per capita,_T: Total - all activities,"USD_PPP: US dollars, PPP converted",L: Chain linked volume,N: Non transformed data,_Z: Not applicable,PPP: PPP converted,2025,69787.05608658715,A: Normal value,0: Units,,2: Two
DATAFLOW,OECD.SDD.TPS:DSD_PDB@DF_PDB(2.0),I,USA: United States,A: Annual,GDPHRS: GDP per hour worked,_T: Total - all activities,"USD_PPP_H: US dollars per hour, PPP converted",V: Current prices,N: Non transformed data,_Z: Not applicable,PPP: PPP converted,2024,100.11954674550107,A: Normal value,0: Units,,2: Two
DATAFLOW,OECD.SDD.TPS:DSD_PDB@DF_PDB(2.0),I,USA: United States,A: Annual,GDPHRS: GDP per hour worked,_T: Total - all activities,"USD_PPP_H: US dollars per hour, PPP converted",LR: Chain linked volume (rebased),N: Non transformed data,_Z: Not applicable,PPP: PPP converted,2024,84.1147144673672,A: Normal value,0: Units,2020,2: Two
DATAFLOW,OECD.SDD.TPS:DSD_PDB@DF_PDB(2.0),I,USA: United States,A: Annual,GDPPOP: GDP per capita,_T: Total - all activities,"USD_PPP_PS: US dollars per person, PPP converted",V: Current prices,N: Non transformed data,_Z: Not applicable,PPP: PPP converted,2018,62824.94735318199,A: Normal value,0: Units,,2: Two
DATAFLOW,OECD.SDD.TPS:DSD_PDB@DF_PDB(2.0),I,USA: United States,A: Annual,GDPPOP: GDP per capita,_T: Total - all activities,"USD_PPP_PS: US dollars per person, PPP converted",LR: Chain linked volume (rebased),N: Non transformed data,_Z: Not applicable,PPP: PPP converted,2018,64720.62468749506,A: Normal value,0: Units,2020,2: Two
DATAFLOW,OECD.SDD.TPS:DSD_PDB@DF_PDB(2.0),I,USA: United States,A: Annual,GDPPOP: GDP per capita,_T: Total - all activities,"USD_PPP_PS: US dollars per person, PPP converted",LR: Chain linked volume (rebased),N: Non transformed data,_Z: Not applicable,PPP: PPP converted,2019,66047.84338867667,A: Normal value,0: Units,2020,2: Two
DATAFLOW,OECD.SDD.TPS:DSD_PDB@DF_PDB(2.0),I,USA: United States,A: Annual,GDPPOP: GDP per capita,_T: Total - all activities,"USD_PPP_PS: US dollars per person, PPP converted",V: Current prices,N: Non transformed data,_Z: Not applicable,PPP: PPP converted,2019,65171.459475814074,A: Normal value,0: Units,,2: Two
DATAFLOW,OECD.SDD.TPS:DSD_PDB@DF_PDB(2.0),I,USA: United States,A: Annual,GDPPOP: GDP per capita,_T: Total - all activities,"USD_PPP_PS: US dollars per person, PPP converted",V: Current prices,N: Non transformed data,_Z: Not applicable,PPP: PPP converted,2020,64414.361365994424,A: Normal value,0: Units,,2: Two
DATAFLOW,OECD.SDD.TPS:DSD_PDB@DF_PDB(2.0),I,USA: United States,A: Annual,GDPPOP: GDP per capita,_T: Total - all activities,"USD_PPP_PS: US dollars per person, PPP converted",LR: Chain linked volume (rebased),N: Non transformed data,_Z: Not applicable,PPP: PPP converted,2020,64414.361365994424,A: Normal value,0: Units,2020,2: Two
DATAFLOW,OECD.SDD.TPS:DSD_PDB@DF_PDB(2.0),I,USA: United States,A: Annual,GDPPOP: GDP per capita,_T: Total - all activities,"USD_PPP_PS: US dollars per person, PPP converted",LR: Chain linked volume (rebased),N: Non transformed data,_Z: Not applicable,PPP: PPP converted,2021,68240.96989345945,A: Normal value,0: Units,2020,2: Two
DATAFLOW,OECD.SDD.TPS:DSD_PDB@DF_PDB(2.0),I,USA: United States,A: Annual,GDPPOP: GDP per capita,_T: Total - all activities,"USD_PPP_PS: US dollars per person, PPP converted",V: Current prices,N: Non transformed data,_Z: Not applicable,PPP: PPP converted,2021,71354.78680611424,A: Normal value,0: Units,,2: Two
DATAFLOW,OECD.SDD.TPS:DSD_PDB@DF_PDB(2.0),I,USA: United States,A: Annual,GDPPOP: GDP per capita,_T: Total - all activities,"USD_PPP_PS: US dollars per person, PPP converted",V: Current prices,N: Non transformed data,_Z: Not applicable,PPP: PPP converted,2022,77926.1671900703,A: Normal value,0: Units,,2: Two
DATAFLOW,OECD.SDD.TPS:DSD_PDB@DF_PDB(2.0),I,USA: United States,A: Annual,GDPPOP: GDP per capita,_T: Total - all activities,"USD_PPP_PS: US dollars per person, PPP converted",LR: Chain linked volume (rebased),N: Non transformed data,_Z: Not applicable,PPP: PPP converted,2022,69576.92422012861,A: Normal value,0: Units,2020,2: Two
DATAFLOW,OECD.SDD.TPS:DSD_PDB@DF_PDB(2.0),I,USA: United States,A: Annual,GDPPOP: GDP per capita,_T: Total - all activities,"USD_PPP_PS: US dollars per person, PPP converted",LR: Chain linked volume (rebased),N: Non transformed data,_Z: Not applicable,PPP: PPP converted,2023,71037.05227137209,A: Normal value,0: Units,2020,2: Two
DATAFLOW,OECD.SDD.TPS:DSD_PDB@DF_PDB(2.0),I,USA: United States,A: Annual,GDPPOP: GDP per capita,_T: Total - all activities,"USD_PPP_PS: US dollars per person, PPP converted",V: Current prices,N: Non transformed data,_Z: Not applicable,PPP: PPP converted,2023,82505.45704818044,A: Normal value,0: Units,,2: Two
DATAFLOW,OECD.SDD.TPS:DSD_PDB@DF_PDB(2.0),I,USA: United States,A: Annual,GDPPOP: GDP per capita,_T: Total - all activities,"USD_PPP_PS: US dollars per person, PPP converted",V: Current prices,N: Non transformed data,_Z: Not applicable,PPP: PPP converted,2024,86146.42945878436,A: Normal value,0: Units,,2: Two
DATAFLOW,OECD.SDD.TPS:DSD_PDB@DF_PDB(2.0),I,USA: United States,A: Annual,GDPPOP: GDP per capita,_T: Total - all activities,"USD_PPP_PS: US dollars per person, PPP converted",LR: Chain linked volume (rebased),N: Non transformed data,_Z: Not applicable,PPP: PPP converted,2024,72375.30084637992,A: Normal value,0: Units,2020,2: Two
DATAFLOW,OECD.SDD.TPS:DSD_PDB@DF_PDB(2.0),I,USA: United States,A: Annual,GDPPOP: GDP per capita,_T: Total - all activities,"USD_PPP_PS: US dollars per person, PPP converted",LR: Chain linked volume (rebased),N: Non transformed data,_Z: Not applicable,PPP: PPP converted,2025,73539.79314186951,A: Normal value,0: Units,2020,2: Two
DATAFLOW,OECD.SDD.TPS:DSD_PDB@DF_PDB(2.0),I,USA: United States,A: Annual,GDPPOP: GDP per capita,_T: Total - all activities,"USD_PPP_PS: US dollars per person, PPP converted",L: Chain linked volume,N: Non transformed data,_Z: Not applicable,PPP: PPP converted,2025,69787.05608658715,A: Normal value,0: Units,,2: Two
DATAFLOW,OECD.SDD.TPS:DSD_PDB@DF_PDB(2.0),I,USA: United States,A: Annual,GDPPOP: GDP per capita,_T: Total - all activities,"USD_PPP_PS: US dollars per person, PPP converted",V: Current prices,N: Non transformed data,_Z: Not applicable,PPP: PPP converted,2025,89984.4857864361,A: Normal value,0: Units,,2: Two
DATAFLOW,OECD.SDD.TPS:DSD_PDB@DF_PDB(2.0),I,USA: United States,A: Annual,GDPHRS: GDP per hour worked,_T: Total - all activities,"USD_PPP_H: US dollars per hour, PPP converted",LR: Chain linked volume (rebased),"GY: Growth rate, over 1 year",_Z: Not applicable,PPP: PPP converted,2018,1.0910496588067975,A: Normal value,0: Units,2020,2: Two
DATAFLOW,OECD.SDD.TPS:DSD_PDB@DF_PDB(2.0),I,USA: United States,A: Annual,GDPHRS: GDP per hour worked,_T: Total - all activities,"USD_PPP_H: US dollars per hour, PPP converted",LR: Chain linked volume (rebased),"GY: Growth rate, over 1 year",_Z: Not applicable,PPP: PPP converted,2019,1.7202209222761278,A: Normal value,0: Units,2020,2: Two
DATAFLOW,OECD.SDD.TPS:DSD_PDB@DF_PDB(2.0),I,USA: United States,A: Annual,GDPHRS: GDP per hour worked,_T: Total - all activities,"USD_PPP_H: US dollars per hour, PPP converted",LR: Chain linked volume (rebased),"GY: Growth rate, over 1 year",_Z: Not applicable,PPP: PPP converted,2020,4.549470984076542,A: Normal value,0: Units,2020,2: Two
DATAFLOW,OECD.SDD.TPS:DSD_PDB@DF_PDB(2.0),I,USA: United States,A: Annual,GDPHRS: GDP per hour worked,_T: Total - all activities,"USD_PPP_H: US dollars per hour, PPP converted",LR: Chain linked volume (rebased),"GY: Growth rate, over 1 year",_Z: Not applicable,PPP: PPP converted,2021,1.8291629521568042,A: Normal value,0: Units,2020,2: Two
DATAFLOW,OECD.SDD.TPS:DSD_PDB@DF_PDB(2.0),I,USA: United States,A: Annual,GDPHRS: GDP per hour worked,_T: Total - all activities,"USD_PPP_H: US dollars per hour, PPP converted",LR: Chain linked volume (rebased),"GY: Growth rate, over 1 year",_Z: Not applicable,PPP: PPP converted,2022,-0.5137084919513146,A: Normal value,0: Units,2020,2: Two
DATAFLOW,OECD.SDD.TPS:DSD_PDB@DF_PDB(2.0),I,USA: United States,A: Annual,GDPHRS: GDP per hour worked,_T: Total - all activities,"USD_PPP_H: US dollars per hour, PPP converted",LR: Chain linked volume (rebased),"GY: Growth rate, over 1 year",_Z: Not applicable,PPP: PPP converted,2023,1.4394656832729558,A: Normal value,0: Units,2020,2: Two
DATAFLOW,OECD.SDD.TPS:DSD_PDB@DF_PDB(2.0),I,USA: United States,A: Annual,GDP: Gross domestic product,_T: Total - all activities,"USD_PPP: US dollars, PPP converted",V: Current prices,N: Non transformed data,_Z: Not applicable,PPP: PPP converted,2018,20656516,A: Normal value,6: Millions,,2: Two
DATAFLOW,OECD.SDD.TPS:DSD_PDB@DF_PDB(2.0),I,USA: United States,A: Annual,GDP: Gross domestic product,_T: Total - all activities,"USD_PPP: US dollars, PPP converted",V: Current prices,N: Non transformed data,_Z: Not applicable,PPP: PPP converted,2019,21539982,A: Normal value,6: Millions,,2: Two
DATAFLOW,OECD.SDD.TPS:DSD_PDB@DF_PDB(2.0),I,USA: United States,A: Annual,GDPPOP: GDP per capita,_T: Total - all activities,"USD_PPP: US dollars, PPP converted",V: Current prices,N: Non transformed data,_Z: Not applicable,PPP: PPP converted,2018,62824.94735318199,A: Normal value,0: Units,,2: Two
DATAFLOW,OECD.SDD.TPS:DSD_PDB@DF_PDB(2.0),I,USA: United States,A: Annual,GDPPOP: GDP per capita,_T: Total - all activities,"USD_PPP: US dollars, PPP converted",V: Current prices,N: Non transformed data,_Z: Not applicable,PPP: PPP converted,2019,65171.459475814074,A: Normal value,0: Units,,2: Two
DATAFLOW,OECD.SDD.TPS:DSD_PDB@DF_PDB(2.0),I,USA: United States,A: Annual,GDPHRS: GDP per hour worked,_T: Total - all activities,"USD_PPP_H: US dollars per hour, PPP converted",V: Current prices,N: Non transformed data,_Z: Not applicable,PPP: PPP converted,2018,73.07240269755518,A: Normal value,0: Units,,2: Two
DATAFLOW,OECD.SDD.TPS:DSD_PDB@DF_PDB(2.0),I,USA: United States,A: Annual,GDPHRS: GDP per hour worked,_T: Total - all activities,"USD_PPP_H: US dollars per hour, PPP converted",LR: Chain linked volume (rebased),N: Non transformed data,_Z: Not applicable,PPP: PPP converted,2018,75.27728632091625,A: Normal value,0: Units,2020,2: Two
DATAFLOW,OECD.SDD.TPS:DSD_PDB@DF_PDB(2.0),I,USA: United States,A: Annual,GDPHRS: GDP per hour worked,_T: Total - all activities,"USD_PPP_H: US dollars per hour, PPP converted",LR: Chain linked volume (rebased),N: Non transformed data,_Z: Not applicable,PPP: PPP converted,2019,76.57222195017918,A: Normal value,0: Units,2020,2: Two
DATAFLOW,OECD.SDD.TPS:DSD_PDB@DF_PDB(2.0),I,USA: United States,A: Annual,GDPHRS: GDP per hour worked,_T: Total - all activities,"USD_PPP_H: US dollars per hour, PPP converted",V: Current prices,N: Non transformed data,_Z: Not applicable,PPP: PPP converted,2019,75.55619084232947,A: Normal value,0: Units,,2: Two
DATAFLOW,OECD.SDD.TPS:DSD_PDB@DF_PDB(2.0),I,USA: United States,A: Annual,GDPHRS: GDP per hour worked,_T: Total - all activities,"USD_PPP_H: US dollars per hour, PPP converted",V: Current prices,N: Non transformed data,_Z: Not applicable,PPP: PPP converted,2020,80.05585297032337,A: Normal value,0: Units,,2: Two
DATAFLOW,OECD.SDD.TPS:DSD_PDB@DF_PDB(2.0),I,USA: United States,A: Annual,GDPHRS: GDP per hour worked,_T: Total - all activities,"USD_PPP_H: US dollars per hour, PPP converted",LR: Chain linked volume (rebased),N: Non transformed data,_Z: Not applicable,PPP: PPP converted,2020,80.05585297032337,A: Normal value,0: Units,2020,2: Two
DATAFLOW,OECD.SDD.TPS:DSD_PDB@DF_PDB(2.0),I,USA: United States,A: Annual,GDPHRS: GDP per hour worked,_T: Total - all activities,"USD_PPP_H: US dollars per hour, PPP converted",LR: Chain linked volume (rebased),N: Non transformed data,_Z: Not applicable,PPP: PPP converted,2021,81.52020497270419,A: Normal value,0: Units,2020,2: Two
DATAFLOW,OECD.SDD.TPS:DSD_PDB@DF_PDB(2.0),I,USA: United States,A: Annual,GDPHRS: GDP per hour worked,_T: Total - all activities,"USD_PPP_H: US dollars per hour, PPP converted",V: Current prices,N: Non transformed data,_Z: Not applicable,PPP: PPP converted,2021,85.23994977356789,A: Normal value,0: Units,,2: Two
DATAFLOW,OECD.SDD.TPS:DSD_PDB@DF_PDB(2.0),I,USA: United States,A: Annual,GDPHRS: GDP per hour worked,_T: Total - all activities,"USD_PPP_H: US dollars per hour, PPP converted",V: Current prices,N: Non transformed data,_Z: Not applicable,PPP: PPP converted,2022,90.8336142691943,A: Normal value,0: Units,,2: Two
DATAFLOW,OECD.SDD.TPS:DSD_PDB@DF_PDB(2.0),I,USA: United States,A: Annual,GDPHRS: GDP per hour worked,_T: Total - all activities,"USD_PPP_H: US dollars per hour, PPP converted",LR: Chain linked volume (rebased),N: Non transformed data,_Z: Not applicable,PPP: PPP converted,2022,81.10142875669932,A: Normal value,0: Units,2020,2: Two
DATAFLOW,OECD.SDD.TPS:DSD_PDB@DF_PDB(2.0),I,USA: United States,A: Annual,GDPHRS: GDP per hour worked,_T: Total - all activities,"USD_PPP_H: US dollars per hour, PPP converted",LR: Chain linked volume (rebased),N: Non transformed data,_Z: Not applicable,PPP: PPP converted,2023,82.26885599486027,A: Normal value,0: Units,2020,2: Two
DATAFLOW,OECD.SDD.TPS:DSD_PDB@DF_PDB(2.0),I,USA: United States,A: Annual,GDPHRS: GDP per hour worked,_T: Total - all activities,"USD_PPP_H: US dollars per hour, PPP converted",V: Current prices,N: Non transformed data,_Z: Not applicable,PPP: PPP converted,2023,95.5505521084565,A: Normal value,0: Units,,2: Two
DATAFLOW,OECD.SDD.TPS:DSD_PDB@DF_PDB(2.0),I,USA: United States,A: Annual,GDPPOP: GDP per capita,_T: Total - all activities,"USD_PPP: US dollars, PPP converted",LR: Chain linked volume (rebased),N: Non transformed data,_Z: Not applicable,PPP: PPP converted,2018,64720.62468749506,A: Normal value,0: Units,2020,2: Two
DATAFLOW,OECD.SDD.TPS:DSD_PDB@DF_PDB(2.0),I,USA: United States,A: Annual,GDPPOP: GDP per capita,_T: Total - all activities,"USD_PPP: US dollars, PPP converted",LR: Chain linked volume (rebased),N: Non transformed data,_Z: Not applicable,PPP: PPP converted,2019,66047.84338867667,A: Normal value,0: Units,2020,2: Two
DATAFLOW,OECD.SDD.TPS:DSD_PDB@DF_PDB(2.0),I,USA: United States,A: Annual,GDP: Gross domestic product,_T: Total - all activities,"USD_PPP: US dollars, PPP converted",LR: Chain linked volume (rebased),N: Non transformed data,_Z: Not applicable,PPP: PPP converted,2018,21279804.85,A: Normal value,6: Millions,2020,2: Two
DATAFLOW,OECD.SDD.TPS:DSD_PDB@DF_PDB(2.0),I,USA: United States,A: Annual,GDP: Gross domestic product,_T: Total - all activities,"USD_PPP: US dollars, PPP converted",LR: Chain linked volume (rebased),N: Non transformed data,_Z: Not applicable,PPP: PPP converted,2019,21829637.838,A: Normal value,6: Millions,2020,2: Two
DATAFLOW,OECD.SDD.TPS:DSD_PDB@DF_PDB(2.0),I,USA: United States,A: Annual,GDP: Gross domestic product,_T: Total - all activities,"USD_PPP: US dollars, PPP converted",LR: Chain linked volume (rebased),N: Non transformed data,_Z: Not applicable,PPP: PPP converted,2020,21375281,A: Normal value,6: Millions,2020,2: Two
DATAFLOW,OECD.SDD.TPS:DSD_PDB@DF_PDB(2.0),I,USA: United States,A: Annual,GDP: Gross domestic product,_T: Total - all activities,"USD_PPP: US dollars, PPP converted",V: Current prices,N: Non transformed data,_Z: Not applicable,PPP: PPP converted,2020,21375281,A: Normal value,6: Millions,,2: Two
DATAFLOW,OECD.SDD.TPS:DSD_PDB@DF_PDB(2.0),I,USA: United States,A: Annual,GDP: Gross domestic product,_T: Total - all activities,"USD_PPP: US dollars, PPP converted",V: Current prices,N: Non transformed data,_Z: Not applicable,PPP: PPP converted,2021,23725645,A: Normal value,6: Millions,,2: Two
DATAFLOW,OECD.SDD.TPS:DSD_PDB@DF_PDB(2.0),I,USA: United States,A: Annual,GDP: Gross domestic product,_T: Total - all activities,"USD_PPP: US dollars, PPP converted",LR: Chain linked volume (rebased),N: Non transformed data,_Z: Not applicable,PPP: PPP converted,2021,22690293.092,A: Normal value,6: Millions,2020,2: Two
DATAFLOW,OECD.SDD.TPS:DSD_PDB@DF_PDB(2.0),I,USA: United States,A: Annual,GDP: Gross domestic product,_T: Total - all activities,"USD_PPP: US dollars, PPP converted",LR: Chain linked volume (rebased),N: Non transformed data,_Z: Not applicable,PPP: PPP converted,2022,23263044.613,A: Normal value,6: Millions,2020,2: Two
DATAFLOW,OECD.SDD.TPS:DSD_PDB@DF_PDB(2.0),I,USA: United States,A: Annual,GDP: Gross domestic product,_T: Total - all activities,"USD_PPP: US dollars, PPP converted",V: Current prices,N: Non transformed data,_Z: Not applicable,PPP: PPP converted,2022,26054614,A: Normal value,6: Millions,,2: Two
DATAFLOW,OECD.SDD.TPS:DSD_PDB@DF_PDB(2.0),I,USA: United States,A: Annual,GDP: Gross domestic product,_T: Total - all activities,"USD_PPP: US dollars, PPP converted",V: Current prices,N: Non transformed data,_Z: Not applicable,PPP: PPP converted,2023,27811517,A: Normal value,6: Millions,,2: Two
DATAFLOW,OECD.SDD.TPS:DSD_PDB@DF_PDB(2.0),I,USA: United States,A: Annual,GDP: Gross domestic product,_T: Total - all activities,"USD_PPP: US dollars, PPP converted",LR: Chain linked volume (rebased),N: Non transformed data,_Z: Not applicable,PPP: PPP converted,2023,23945666.839,A: Normal value,6: Millions,2020,2: Two
DATAFLOW,OECD.SDD.TPS:DSD_PDB@DF_PDB(2.0),I,USA: United States,A: Annual,GDP: Gross domestic product,_T: Total - all activities,"USD_PPP: US dollars, PPP converted",LR: Chain linked volume (rebased),N: Non transformed data,_Z: Not applicable,PPP: PPP converted,2024,24614514.129,A: Normal value,6: Millions,2020,2: Two
DATAFLOW,OECD.SDD.TPS:DSD_PDB@DF_PDB(2.0),I,USA: United States,A: Annual,GDP: Gross domestic product,_T: Total - all activities,"USD_PPP: US dollars, PPP converted",V: Current prices,N: Non transformed data,_Z: Not applicable,PPP: PPP converted,2024,29298013,A: Normal value,6: Millions,,2: Two
DATAFLOW,OECD.SDD.TPS:DSD_PDB@DF_PDB(2.0),I,USA: United States,A: Annual,POP: Population,_T: Total - all activities,PS: Persons,_Z: Not applicable,N: Non transformed data,_Z: Not applicable,_Z: Not applicable,2018,328794.8,A: Normal value,3: Thousands,,2: Two
DATAFLOW,OECD.SDD.TPS:DSD_PDB@DF_PDB(2.0),I,USA: United States,A: Annual,POP: Population,_T: Total - all activities,PS: Persons,_Z: Not applicable,N: Non transformed data,_Z: Not applicable,_Z: Not applicable,2019,330512.5,A: Normal value,3: Thousands,,2: Two
DATAFLOW,OECD.SDD.TPS:DSD_PDB@DF_PDB(2.0),I,USA: United States,A: Annual,EMP: Employment,_T: Total - all activities,PS: Persons,_Z: Not applicable,N: Non transformed data,_Z: Not applicable,_Z: Not applicable,2018,157916,A: Normal value,3: Thousands,,2: Two
DATAFLOW,OECD.SDD.TPS:DSD_PDB@DF_PDB(2.0),I,USA: United States,A: Annual,EMP: Employment,_T: Total - all activities,PS: Persons,_Z: Not applicable,N: Non transformed data,_Z: Not applicable,_Z: Not applicable,2019,159720,A: Normal value,3: Thousands,,2: Two
DATAFLOW,OECD.SDD.TPS:DSD_PDB@DF_PDB(2.0),I,USA: United States,A: Annual,EMP: Employment,_T: Total - all activities,PS: Persons,_Z: Not applicable,N: Non transformed data,_Z: Not applicable,_Z: Not applicable,2020,149978,A: Normal value,3: Thousands,,2: Two
DATAFLOW,OECD.SDD.TPS:DSD_PDB@DF_PDB(2.0),I,USA: United States,A: Annual,EMP: Employment,_T: Total - all activities,PS: Persons,_Z: Not applicable,N: Non transformed data,_Z: Not applicable,_Z: Not applicable,2021,154764,A: Normal value,3: Thousands,,2: Two
DATAFLOW,OECD.SDD.TPS:DSD_PDB@DF_PDB(2.0),I,USA: United States,A: Annual,EMP: Employment,_T: Total - all activities,PS: Persons,_Z: Not applicable,N: Non transformed data,_Z: Not applicable,_Z: Not applicable,2022,160415,A: Normal value,3: Thousands,,2: Two
DATAFLOW,OECD.SDD.TPS:DSD_PDB@DF_PDB(2.0),I,USA: United States,A: Annual,EMP: Employment,_T: Total - all activities,PS: Persons,_Z: Not applicable,N: Non transformed data,_Z: Not applicable,_Z: Not applicable,2023,163124,A: Normal value,3: Thousands,,2: Two
DATAFLOW,OECD.SDD.TPS:DSD_PDB@DF_PDB(2.0),I,USA: United States,A: Annual,GDPEMP: GDP per person employed,_T: Total - all activities,"USD_PPP_PS: US dollars per person, PPP converted",LR: Chain linked volume (rebased),N: Non transformed data,_Z: Not applicable,PPP: PPP converted,2018,134753.9505179969,A: Normal value,0: Units,2020,2: Two
DATAFLOW,OECD.SDD.TPS:DSD_PDB@DF_PDB(2.0),I,USA: United States,A: Annual,GDPEMP: GDP per person employed,_T: Total - all activities,"USD_PPP_PS: US dollars per person, PPP converted",LR: Chain linked volume (rebased),N: Non transformed data,_Z: Not applicable,PPP: PPP converted,2019,136674.41671675432,A: Normal value,0: Units,2020,2: Two
DATAFLOW,OECD.SDD.TPS:DSD_PDB@DF_PDB(2.0),I,USA: United States,A: Annual,GDPEMP: GDP per person employed,_T: Total - all activities,"USD_PPP_PS: US dollars per person, PPP converted",LR: Chain linked volume (rebased),N: Non transformed data,_Z: Not applicable,PPP: PPP converted,2020,142522.7766739122,A: Normal value,0: Units,2020,2: Two
DATAFLOW,OECD.SDD.TPS:DSD_PDB@DF_PDB(2.0),I,USA: United States,A: Annual,GDPEMP: GDP per person employed,_T: Total - all activities,"USD_PPP_PS: US dollars per person, PPP converted",V: Current prices,N: Non transformed data,_Z: Not applicable,PPP: PPP converted,2020,142522.7766739122,A: Normal value,0: Units,,2: Two
DATAFLOW,OECD.SDD.TPS:DSD_PDB@DF_PDB(2.0),I,USA: United States,A: Annual,GDPEMP: GDP per person employed,_T: Total - all activities,"USD_PPP_PS: US dollars per person, PPP converted",V: Current prices,N: Non transformed data,_Z: Not applicable,PPP: PPP converted,2021,153302.09221782844,A: Normal value,0: Units,,2: Two
DATAFLOW,OECD.SDD.TPS:DSD_PDB@DF_PDB(2.0),I,USA: United States,A: Annual,GDPEMP: GDP per person employed,_T: Total - all activities,"USD_PPP_PS: US dollars per person, PPP converted",LR: Chain linked volume (rebased),N: Non transformed data,_Z: Not applicable,PPP: PPP converted,2021,146612.21661368277,A: Normal value,0: Units,2020,2: Two
DATAFLOW,OECD.SDD.TPS:DSD_PDB@DF_PDB(2.0),I,USA: United States,A: Annual,GDPEMP: GDP per person employed,_T: Total - all activities,"USD_PPP_PS: US dollars per person, PPP converted",LR: Chain linked volume (rebased),N: Non transformed data,_Z: Not applicable,PPP: PPP converted,2022,145017.88868247982,A: Normal value,0: Units,2020,2: Two
DATAFLOW,OECD.SDD.TPS:DSD_PDB@DF_PDB(2.0),I,USA: United States,A: Annual,GDPEMP: GDP per person employed,_T: Total - all activities,"USD_PPP_PS: US dollars per person, PPP converted",V: Current prices,N: Non transformed data,_Z: Not applicable,PPP: PPP converted,2022,162420.0604681607,A: Normal value,0: Units,,2: Two
DATAFLOW,OECD.SDD.TPS:DSD_PDB@DF_PDB(2.0),I,USA: United States,A: Annual,GDPEMP: GDP per person employed,_T: Total - all activities,"USD_PPP_PS: US dollars per person, PPP converted",V: Current prices,N: Non transformed data,_Z: Not applicable,PPP: PPP converted,2023,170493.10340599788,A: Normal value,0: Units,,2: Two
DATAFLOW,OECD.SDD.TPS:DSD_PDB@DF_PDB(2.0),I,USA: United States,A: Annual,GDPEMP: GDP per person employed,_T: Total - all activities,"USD_PPP_PS: US dollars per person, PPP converted",LR: Chain linked volume (rebased),N: Non transformed data,_Z: Not applicable,PPP: PPP converted,2023,146794.25982074987,A: Normal value,0: Units,2020,2: Two
DATAFLOW,OECD.SDD.TPS:DSD_PDB@DF_PDB(2.0),I,USA: United States,A: Annual,EMP: Employment,_T: Total - all activities,PS: Persons,_Z: Not applicable,N: Non transformed data,_Z: Not applicable,_Z: Not applicable,2024,164902.59968420773,E: Estimated value,3: Thousands,,2: Two
DATAFLOW,OECD.SDD.TPS:DSD_PDB@DF_PDB(2.0),I,FRA: France,A: Annual,GDPPOP: GDP per capita,_T: Total - all activities,"USD_PPP_PS: US dollars per person, PPP converted",V: Current prices,N: Non transformed data,_Z: Not applicable,PPP: PPP converted,2018,46397.18908170105,A: Normal value,0: Units,,2: Two
DATAFLOW,OECD.SDD.TPS:DSD_PDB@DF_PDB(2.0),I,FRA: France,A: Annual,GDPPOP: GDP per capita,_T: Total - all activities,"USD_PPP_PS: US dollars per person, PPP converted",V: Current prices,N: Non transformed data,_Z: Not applicable,PPP: PPP converted,2019,51119.87450293786,A: Normal value,0: Units,,2: Two
DATAFLOW,OECD.SDD.TPS:DSD_PDB@DF_PDB(2.0),I,FRA: France,A: Annual,GDPPOP: GDP per capita,_T: Total - all activities,"USD_PPP: US dollars, PPP converted",V: Current prices,N: Non transformed data,_Z: Not applicable,PPP: PPP converted,,,,0: Units,,2: Two
DATAFLOW,OECD.SDD.TPS:DSD_PDB@DF_PDB(2.0),I,FRA: France,A: Annual,GDPEMP: GDP per person employed,_T: Total - all activities,"USD_PPP_PS: US dollars per person, PPP converted",V: Current prices,N: Non transformed data,_Z: Not applicable,PPP: PPP converted,2022,129302.05764369348,A: Normal value,0: Units,,2: Two
DATAFLOW,OECD.SDD.TPS:DSD_PDB@DF_PDB(2.0),I,FRA: France,A: Annual,GDPHRS: GDP per hour worked,_T: Total - all activities,"USD_PPP_H: US dollars per hour, PPP converted",V: Current prices,N: Non transformed data,_Z: Not applicable,PPP: PPP converted,2022,86.31641437754453,A: Normal value,0: Units,,2: Two
DATAFLOW,OECD.SDD.TPS:DSD_PDB@DF_PDB(2.0),I,FRA: France,A: Annual,GDPEMP: GDP per person employed,_T: Total - all activities,"USD_PPP_PS: US dollars per person, PPP converted",LR: Chain linked volume (rebased),N: Non transformed data,_Z: Not applicable,PPP: PPP converted,2018,125039.23962157583,A: Normal value,0: Units,2020,2: Two
DATAFLOW,OECD.SDD.TPS:DSD_PDB@DF_PDB(2.0),I,FRA: France,A: Annual,GDPEMP: GDP per person employed,_T: Total - all activities,"USD_PPP_PS: US dollars per person, PPP converted",LR: Chain linked volume (rebased),N: Non transformed data,_Z: Not applicable,PPP: PPP converted,2019,126087.71181355104,A: Normal value,0: Units,2020,2: Two
DATAFLOW,OECD.SDD.TPS:DSD_PDB@DF_PDB(2.0),I,FRA: France,A: Annual,GDPEMP: GDP per person employed,_T: Total - all activities,"USD_PPP_PS: US dollars per person, PPP converted",LR: Chain linked volume (rebased),N: Non transformed data,_Z: Not applicable,PPP: PPP converted,2020,116775.2333740618,A: Normal value,0: Units,2020,2: Two
DATAFLOW,OECD.SDD.TPS:DSD_PDB@DF_PDB(2.0),I,FRA: France,A: Annual,GDPEMP: GDP per person employed,_T: Total - all activities,"USD_PPP_PS: US dollars per person, PPP converted",LR: Chain linked volume (rebased),N: Non transformed data,_Z: Not applicable,PPP: PPP converted,2021,121627.5757101548,A: Normal value,0: Units,2020,2: Two
DATAFLOW,OECD.SDD.TPS:DSD_PDB@DF_PDB(2.0),I,FRA: France,A: Annual,GDPPOP: GDP per capita,_T: Total - all activities,"USD_PPP_PS: US dollars per person, PPP converted",LR: Chain linked volume (rebased),N: Non transformed data,_Z: Not applicable,PPP: PPP converted,2018,52761.02748193938,A: Normal value,0: Units,2020,2: Two
DATAFLOW,OECD.SDD.TPS:DSD_PDB@DF_PDB(2.0),I,FRA: France,A: Annual,GDPPOP: GDP per capita,_T: Total - all activities,"USD_PPP_PS: US dollars per person, PPP converted",LR: Chain linked volume (rebased),N: Non transformed data,_Z: Not applicable,PPP: PPP converted,2019,53622.26238945931,A: Normal value,0: Units,2020,2: Two
DATAFLOW,OECD.SDD.TPS:DSD_PDB@DF_PDB(2.0),I,FRA: France,A: Annual,GDPPOP: GDP per capita,_T: Total - all activities,"USD_PPP: US dollars, PPP converted",LR: Chain linked volume (rebased),N: Non transformed data,_Z: Not applicable,PPP: PPP converted,2021,52624.30397856901,A: Normal value,0: Units,,2: Two
DATAFLOW,OECD.SDD.TPS:DSD_PDB@DF_PDB(2.0),I,FRA: France,A: Annual,GDPPOP: GDP per capita,_T: Total - all activities,"USD_PPP: US dollars, PPP converted",LR: Chain linked volume (rebased),N: Non transformed data,_Z: Not applicable,PPP: PPP converted,2022,53849.48667829963,A: Normal value,0: Units,,2: Two
DATAFLOW,OECD.SDD.TPS:DSD_PDB@DF_PDB(2.0),I,FRA: France,A: Annual,GDPPOP: GDP per capita,_T: Total - all activities,"USD_PPP: US dollars, PPP converted",LR: Chain linked volume (rebased),N: Non transformed data,_Z: Not applicable,PPP: PPP converted,2023,54484.6836570526,A: Normal value,0: Units,,2: Two
DATAFLOW,OECD.SDD.TPS:DSD_PDB@DF_PDB(2.0),I,FRA: France,A: Annual,GDPPOP: GDP per capita,_T: Total - all activities,"USD_PPP: US dollars, PPP converted",LR: Chain linked volume (rebased),N: Non transformed data,_Z: Not applicable,PPP: PPP converted,2024,54988.54042186953,A: Normal value,0: Units,,2: Two
DATAFLOW,OECD.SDD.TPS:DSD_PDB@DF_PDB(2.0),I,FRA: France,A: Annual,GDPPOP: GDP per capita,_T: Total - all activities,"USD_PPP: US dollars, PPP converted",LR: Chain linked volume (rebased),N: Non transformed data,_Z: Not applicable,PPP: PPP converted,2025,55312.99065814938,A: Normal value,0: Units,,2: Two
DATAFLOW,OECD.SDD.TPS:DSD_PDB@DF_PDB(2.0),I,FRA: France,A: Annual,GDPHRS: GDP per hour worked,_T: Total - all activities,"USD_PPP_H: US dollars per hour, PPP converted",V: Current prices,N: Non transformed data,_Z: Not applicable,PPP: PPP converted,2019,79.902305302441,A: Normal value,0: Units,,2: Two
DATAFLOW,OECD.SDD.TPS:DSD_PDB@DF_PDB(2.0),I,FRA: France,A: Annual,GDPHRS: GDP per hour worked,_T: Total - all activities,"USD_PPP_H: US dollars per hour, PPP converted",V: Current prices,N: Non transformed data,_Z: Not applicable,PPP: PPP converted,2020,83.95951431576162,A: Normal value,0: Units,,2: Two
DATAFLOW,OECD.SDD.TPS:DSD_PDB@DF_PDB(2.0),I,FRA: France,A: Annual,GDPHRS: GDP per hour worked,_T: Total - all activities,"USD_PPP_H: US dollars per hour, PPP converted",V: Current prices,N: Non transformed data,_Z: Not applicable,PPP: PPP converted,2021,82.53267756823122,A: Normal value,0: Units,,2: Two
DATAFLOW,OECD.SDD.TPS:DSD_PDB@DF_PDB(2.0),I,FRA: France,A: Annual,GDPEMP: GDP per person employed,_T: Total - all activities,"USD_PPP_PS: US dollars per person, PPP converted",V: Current prices,N: Non transformed data,_Z: Not applicable,PPP: PPP converted,2019,120203.5818156444,A: Normal value,0: Units,,2: Two
DATAFLOW,OECD.SDD.TPS:DSD_PDB@DF_PDB(2.0),I,FRA: France,A: Annual,GDPEMP: GDP per person employed,_T: Total - all activities,"USD_PPP_PS: US dollars per person, PPP converted",V: Current prices,N: Non transformed data,_Z: Not applicable,PPP: PPP converted,2020,116775.2333740618,A: Normal value,0: Units,,2: Two
DATAFLOW,OECD.SDD.TPS:DSD_PDB@DF_PDB(2.0),I,FRA: France,A: Annual,GDPEMP: GDP per person employed,_T: Total - all activities,"USD_PPP_PS: US dollars per person, PPP converted",V: Current prices,N: Non transformed data,_Z: Not applicable,PPP: PPP converted,2021,121208.41962918863,A: Normal value,0: Units,,2: Two
DATAFLOW,OECD.SDD.TPS:DSD_PDB@DF_PDB(2.0),I,FRA: France,A: Annual,GDPHRS: GDP per hour worked,_T: Total - all activities,"USD_PPP_H: US dollars per hour, PPP converted",LR: Chain linked volume (rebased),N: Non transformed data,_Z: Not applicable,PPP: PPP converted,2018,83.41902032227742,A: Normal value,0: Units,2020,2: Two
DATAFLOW,OECD.SDD.TPS:DSD_PDB@DF_PDB(2.0),I,FRA: France,A: Annual,GDPHRS: GDP per hour worked,_T: Total - all activities,"USD_PPP_H: US dollars per hour, PPP converted",LR: Chain linked volume (rebased),N: Non transformed data,_Z: Not applicable,PPP: PPP converted,2023,81.85086254594643,A: Normal value,0: Units,2020,2: Two
DATAFLOW,OECD.SDD.TPS:DSD_PDB@DF_PDB(2.0),I,FRA: France,A: Annual,GDPHRS: GDP per hour worked,_T: Total - all activities,"USD_PPP_H: US dollars per hour, PPP converted",LR: Chain linked volume (rebased),N: Non transformed data,_Z: Not applicable,PPP: PPP converted,2024,81.8754364544778,A: Normal value,0: Units,2020,2: Two
DATAFLOW,OECD.SDD.TPS:DSD_PDB@DF_PDB(2.0),I,FRA: France,A: Annual,GDPHRS: GDP per hour worked,_T: Total - all activities,"USD_PPP_H: US dollars per hour, PPP converted",LR: Chain linked volume (rebased),N: Non transformed data,_Z: Not applicable,PPP: PPP converted,2025,83.10261007795228,A: Normal value,0: Units,2020,2: Two
DATAFLOW,OECD.SDD.TPS:DSD_PDB@DF_PDB(2.0),I,FRA: France,A: Annual,GDPHRS: GDP per hour worked,_T: Total - all activities,"USD_PPP_H: US dollars per hour, PPP converted",LR: Chain linked volume (rebased),N: Non transformed data,_Z: Not applicable,PPP: PPP converted,2019,83.81363260592403,A: Normal value,0: Units,2020,2: Two
DATAFLOW,OECD.SDD.TPS:DSD_PDB@DF_PDB(2.0),I,FRA: France,A: Annual,GDPHRS: GDP per hour worked,_T: Total - all activities,"USD_PPP_H: US dollars per hour, PPP converted",LR: Chain linked volume (rebased),N: Non transformed data,_Z: Not applicable,PPP: PPP converted,2020,83.95951431576162,A: Normal value,0: Units,2020,2: Two
DATAFLOW,OECD.SDD.TPS:DSD_PDB@DF_PDB(2.0),I,FRA: France,A: Annual,GDPHRS: GDP per hour worked,_T: Total - all activities,"USD_PPP_H: US dollars per hour, PPP converted",LR: Chain linked volume (rebased),N: Non transformed data,_Z: Not applicable,PPP: PPP converted,2021,82.81808739196273,A: Normal value,0: Units,2020,2: Two
DATAFLOW,OECD.SDD.TPS:DSD_PDB@DF_PDB(2.0),I,FRA: France,A: Annual,GDPHRS: GDP per hour worked,_T: Total - all activities,"USD_PPP_H: US dollars per hour, PPP converted",LR: Chain linked volume (rebased),N: Non transformed data,_Z: Not applicable,PPP: PPP converted,2022,81.543252586781,A: Normal value,0: Units,2020,2: Two
DATAFLOW,OECD.SDD.TPS:DSD_PDB@DF_PDB(2.0),I,FRA: France,A: Annual,GDP: Gross domestic product,_T: Total - all activities,"USD_PPP: US dollars, PPP converted",LR: Chain linked volume (rebased),N: Non transformed data,_Z: Not applicable,PPP: PPP converted,2022,3672373.443,A: Normal value,6: Millions,2020,2: Two
DATAFLOW,OECD.SDD.TPS:DSD_PDB@DF_PDB(2.0),I,FRA: France,A: Annual,GDP: Gross domestic product,_T: Total - all activities,"USD_PPP: US dollars, PPP converted",LR: Chain linked volume (rebased),N: Non transformed data,_Z: Not applicable,PPP: PPP converted,2018,3542111.58,A: Normal value,6: Millions,2020,2: Two
DATAFLOW,OECD.SDD.TPS:DSD_PDB@DF_PDB(2.0),I,FRA: France,A: Annual,GDP: Gross domestic product,_T: Total - all activities,"USD_PPP: US dollars, PPP converted",LR: Chain linked volume (rebased),N: Non transformed data,_Z: Not applicable,PPP: PPP converted,2019,3613925.996,A: Normal value,6: Millions,2020,2: Two
DATAFLOW,OECD.SDD.TPS:DSD_PDB@DF_PDB(2.0),I,FRA: France,A: Annual,GDP: Gross domestic product,_T: Total - all activities,"USD_PPP: US dollars, PPP converted",LR: Chain linked volume (rebased),N: Non transformed data,_Z: Not applicable,PPP: PPP converted,2020,3345026.56,A: Normal value,6: Millions,2020,2: Two
DATAFLOW,OECD.SDD.TPS:DSD_PDB@DF_PDB(2.0),I,FRA: France,A: Annual,GDP: Gross domestic product,_T: Total - all activities,"USD_PPP: US dollars, PPP converted",LR: Chain linked volume (rebased),N: Non transformed data,_Z: Not applicable,PPP: PPP converted,2021,3575242.588,A: Normal value,6: Millions,2020,2: Two
DATAFLOW,OECD.SDD.TPS:DSD_PDB@DF_PDB(2.0),I,FRA: France,A: Annual,GDPPOP: GDP per capita,_T: Total - all activities,"USD_PPP: US dollars, PPP converted",LR: Chain linked volume (rebased),N: Non transformed data,_Z: Not applicable,PPP: PPP converted,2018,52761.02748193938,A: Normal value,0: Units,,2: Two
DATAFLOW,OECD.SDD.TPS:DSD_PDB@DF_PDB(2.0),I,FRA: France,A: Annual,GDPPOP: GDP per capita,_T: Total - all activities,"USD_PPP: US dollars, PPP converted",LR: Chain linked volume (rebased),N: Non transformed data,_Z: Not applicable,PPP: PPP converted,2019,53622.26238945931,A: Normal value,0: Units,,2: Two
DATAFLOW,OECD.SDD.TPS:DSD_PDB@DF_PDB(2.0),I,FRA: France,A: Annual,GDPPOP: GDP per capita,_T: Total - all activities,"USD_PPP: US dollars, PPP converted",LR: Chain linked volume (rebased),N: Non transformed data,_Z: Not applicable,PPP: PPP converted,2020,49462.88553388439,A: Normal value,0: Units,,2: Two
DATAFLOW,OECD.SDD.TPS:DSD_PDB@DF_PDB(2.0),I,FRA: France,A: Annual,GDP: Gross domestic product,_T: Total - all activities,"USD_PPP: US dollars, PPP converted",V: Current prices,N: Non transformed data,_Z: Not applicable,PPP: PPP converted,2018,3114875.289,A: Normal value,6: Millions,,2: Two
DATAFLOW,OECD.SDD.TPS:DSD_PDB@DF_PDB(2.0),I,FRA: France,A: Annual,GDP: Gross domestic product,_T: Total - all activities,"USD_PPP: US dollars, PPP converted",V: Current prices,N: Non transformed data,_Z: Not applicable,PPP: PPP converted,2019,3445275.062,A: Normal value,6: Millions,,2: Two
DATAFLOW,OECD.SDD.TPS:DSD_PDB@DF_PDB(2.0),I,FRA: France,A: Annual,GDP: Gross domestic product,_T: Total - all activities,"USD_PPP: US dollars, PPP converted",V: Current prices,N: Non transformed data,_Z: Not applicable,PPP: PPP converted,2020,3345026.56,A: Normal value,6: Millions,,2: Two
DATAFLOW,OECD.SDD.TPS:DSD_PDB@DF_PDB(2.0),I,FRA: France,A: Annual,GDP: Gross domestic product,_T: Total - all activities,"USD_PPP: US dollars, PPP converted",V: Current prices,N: Non transformed data,_Z: Not applicable,PPP: PPP converted,2021,3562921.495,A: Normal value,6: Millions,,2: Two
DATAFLOW,OECD.SDD.TPS:DSD_PDB@DF_PDB(2.0),I,FRA: France,A: Annual,GDPPOP: GDP per capita,_T: Total - all activities,"USD_PPP_PS: US dollars per person, PPP converted",LR: Chain linked volume (rebased),N: Non transformed data,_Z: Not applicable,PPP: PPP converted,2020,49396.41690540181,A: Normal value,0: Units,2020,2: Two
DATAFLOW,OECD.SDD.TPS:DSD_PDB@DF_PDB(2.0),I,FRA: France,A: Annual,GDPPOP: GDP per capita,_T: Total - all activities,"USD_PPP_PS: US dollars per person, PPP converted",LR: Chain linked volume (rebased),N: Non transformed data,_Z: Not applicable,PPP: PPP converted,2021,52609.59104152565,A: Normal value,0: Units,2020,2: Two
DATAFLOW,OECD.SDD.TPS:DSD_PDB@DF_PDB(2.0),I,FRA: France,A: Annual,GDPPOP: GDP per capita,_T: Total - all activities,"USD_PPP_PS: US dollars per person, PPP converted",LR: Chain linked volume (rebased),N: Non transformed data,_Z: Not applicable,PPP: PPP converted,2022,53784.81587310886,A: Normal value,0: Units,2020,2: Two
DATAFLOW,OECD.SDD.TPS:DSD_PDB@DF_PDB(2.0),I,FRA: France,A: Annual,GDPPOP: GDP per capita,_T: Total - all activities,"USD_PPP_PS: US dollars per person, PPP converted",LR: Chain linked volume (rebased),N: Non transformed data,_Z: Not applicable,PPP: PPP converted,2023,54444.63196359021,A: Normal value,0: Units,2020,2: Two
DATAFLOW,OECD.SDD.TPS:DSD_PDB@DF_PDB(2.0),I,FRA: France,A: Annual,GDPPOP: GDP per capita,_T: Total - all activities,"USD_PPP_PS: US dollars per person, PPP converted",LR: Chain linked volume (rebased),N: Non transformed data,_Z: Not applicable,PPP: PPP converted,2024,55084.534372455506,A: Normal value,0: Units,2020,2: Two
DATAFLOW,OECD.SDD.TPS:DSD_PDB@DF_PDB(2.0),I,FRA: France,A: Annual,GDPPOP: GDP per capita,_T: Total - all activities,"USD_PPP_PS: US dollars per person, PPP converted",LR: Chain linked volume (rebased),N: Non transformed data,_Z: Not applicable,PPP: PPP converted,2025,55349.03982724137,A: Normal value,0: Units,2020,2: Two
DATAFLOW,OECD.SDD.TPS:DSD_PDB@DF_PDB(2.0),I,FRA: France,A: Annual,GDPEMP: GDP per person employed,_T: Total - all activities,"USD_PPP_PS: US dollars per person, PPP converted",LR: Chain linked volume (rebased),N: Non transformed data,_Z: Not applicable,PPP: PPP converted,2022,122151.85747072913,A: Normal value,0: Units,2020,2: Two
DATAFLOW,OECD.SDD.TPS:DSD_PDB@DF_PDB(2.0),I,FRA: France,A: Annual,GDPEMP: GDP per person employed,_T: Total - all activities,"USD_PPP_PS: US dollars per person, PPP converted",LR: Chain linked volume (rebased),N: Non transformed data,_Z: Not applicable,PPP: PPP converted,2023,122871.43978799052,A: Normal value,0: Units,2020,2: Two
DATAFLOW,OECD.SDD.TPS:DSD_PDB@DF_PDB(2.0),I,FRA: France,A: Annual,GDPEMP: GDP per person employed,_T: Total - all activities,"USD_PPP_PS: US dollars per person, PPP converted",LR: Chain linked volume (rebased),N: Non transformed data,_Z: Not applicable,PPP: PPP converted,2024,123839.36767782428,A: Normal value,0: Units,2020,2: Two
DATAFLOW,OECD.SDD.TPS:DSD_PDB@DF_PDB(2.0),I,FRA: France,A: Annual,GDPEMP: GDP per person employed,_T: Total - all activities,"USD_PPP_PS: US dollars per person, PPP converted",LR: Chain linked volume (rebased),N: Non transformed data,_Z: Not applicable,PPP: PPP converted,2025,124648.24890658658,A: Normal value,0: Units,2020,2: Two
DATAFLOW,OECD.SDD.TPS:DSD_PDB@DF_PDB(2.0),I,FRA: France,A: Annual,GDP: Gross domestic product,_T: Total - all activities,"USD_PPP: US dollars, PPP converted",LR: Chain linked volume (rebased),N: Non transformed data,_Z: Not applicable,PPP: PPP converted,2023,3732342.855,A: Normal value,6: Millions,2020,2: Two
DATAFLOW,OECD.SDD.TPS:DSD_PDB@DF_PDB(2.0),I,FRA: France,A: Annual,GDP: Gross domestic product,_T: Total - all activities,"USD_PPP: US dollars, PPP converted",V: Current prices,N: Non transformed data,_Z: Not applicable,PPP: PPP converted,2023,4176455.933,A: Normal value,6: Millions,,2: Two
DATAFLOW,OECD.SDD.TPS:DSD_PDB@DF_PDB(2.0),I,FRA: France,A: Annual,GDP: Gross domestic product,_T: Total - all activities,"USD_PPP: US dollars, PPP converted",V: Current prices,N: Non transformed data,_Z: Not applicable,PPP: PPP converted,2024,4308672.921,A: Normal value,6: Millions,,2: Two
DATAFLOW,OECD.SDD.TPS:DSD_PDB@DF_PDB(2.0),I,FRA: France,A: Annual,GDP: Gross domestic product,_T: Total - all activities,"USD_PPP: US dollars, PPP converted",LR: Chain linked volume (rebased),N: Non transformed data,_Z: Not applicable,PPP: PPP converted,2024,3788493.936,A: Normal value,6: Millions,2020,2: Two
DATAFLOW,OECD.SDD.TPS:DSD_PDB@DF_PDB(2.0),I,FRA: France,A: Annual,GDP: Gross domestic product,_T: Total - all activities,"USD_PPP: US dollars, PPP converted",LR: Chain linked volume (rebased),N: Non transformed data,_Z: Not applicable,PPP: PPP converted,2025,3818973.05,A: Normal value,6: Millions,2020,2: Two
DATAFLOW,OECD.SDD.TPS:DSD_PDB@DF_PDB(2.0),I,FRA: France,A: Annual,GDP: Gross domestic product,_T: Total - all activities,"USD_PPP: US dollars, PPP converted",V: Current prices,N: Non transformed data,_Z: Not applicable,PPP: PPP converted,2025,4414073.611,A: Normal value,6: Millions,,2: Two
DATAFLOW,OECD.SDD.TPS:DSD_PDB@DF_PDB(2.0),I,FRA: France,A: Annual,GDP: Gross domestic product,_T: Total - all activities,XDC: National currency,V: Current prices,N: Non transformed data,_Z: Not applicable,_Z: Not applicable,2025,2991055.9,A: Normal value,6: Millions,,2: Two
DATAFLOW,OECD.SDD.TPS:DSD_PDB@DF_PDB(2.0),I,FRA: France,A: Annual,GDPPOP: GDP per capita,_T: Total - all activities,XDC_PS: National currency per person,V: Current prices,N: Non transformed data,_Z: Not applicable,_Z: Not applicable,2018,35083.977061145444,A: Normal value,0: Units,,2: Two
DATAFLOW,OECD.SDD.TPS:DSD_PDB@DF_PDB(2.0),I,FRA: France,A: Annual,GDPPOP: GDP per capita,_T: Total - all activities,XDC_PS: National currency per person,V: Current prices,N: Non transformed data,_Z: Not applicable,_Z: Not applicable,2019,36088.29604130809,A: Normal value,0: Units,,2: Two
DATAFLOW,OECD.SDD.TPS:DSD_PDB@DF_PDB(2.0),I,FRA: France,A: Annual,GDPPOP: GDP per capita,_T: Total - all activities,XDC: National currency,LR: Chain linked volume (rebased),N: Non transformed data,_Z: Not applicable,_Z: Not applicable,2025,38334.75983295258,A: Normal value,0: Units,,2: Two
DATAFLOW,OECD.SDD.TPS:DSD_PDB@DF_PDB(2.0),I,FRA: France,A: Annual,GDPPOP: GDP per capita,_T: Total - all activities,XDC: National currency,LR: Chain linked volume (rebased),N: Non transformed data,_Z: Not applicable,_Z: Not applicable,2021,36471.36107390453,A: Normal value,0: Units,,2: Two
DATAFLOW,OECD.SDD.TPS:DSD_PDB@DF_PDB(2.0),I,FRA: France,A: Annual,GDPPOP: GDP per capita,_T: Total - all activities,XDC: National currency,LR: Chain linked volume (rebased),N: Non transformed data,_Z: Not applicable,_Z: Not applicable,2022,37320.47597401645,A: Normal value,0: Units,,2: Two
DATAFLOW,OECD.SDD.TPS:DSD_PDB@DF_PDB(2.0),I,FRA: France,A: Annual,GDPPOP: GDP per capita,_T: Total - all activities,XDC: National currency,LR: Chain linked volume (rebased),N: Non transformed data,_Z: Not applicable,_Z: Not applicable,2023,37760.70028666706,A: Normal value,0: Units,,2: Two
DATAFLOW,OECD.SDD.TPS:DSD_PDB@DF_PDB(2.0),I,FRA: France,A: Annual,GDPPOP: GDP per capita,_T: Total - all activities,XDC: National currency,LR: Chain linked volume (rebased),N: Non transformed data,_Z: Not applicable,_Z: Not applicable,2024,38109.899054732174,A: Normal value,0: Units,,2: Two
DATAFLOW,OECD.SDD.TPS:DSD_PDB@DF_PDB(2.0),I,FRA: France,A: Annual,GDPPOP: GDP per capita,_T: Total - all activities,XDC: National currency,V: Current prices,N: Non transformed data,_Z: Not applicable,_Z: Not applicable,,,,0: Units,,2: Two
DATAFLOW,OECD.SDD.TPS:DSD_PDB@DF_PDB(2.0),I,FRA: France,A: Annual,GDPPOP: GDP per capita,_T: Total - all activities,XDC: National currency,L: Chain linked volume,N: Non transformed data,_Z: Not applicable,_Z: Not applicable,,,,0: Units,,2: Two
DATAFLOW,OECD.SDD.TPS:DSD_PDB@DF_PDB(2.0),I,FRA: France,A: Annual,HRSTO: Hours worked for total employment,_T: Total - all activities,H: Hours,_Z: Not applicable,N: Non transformed data,_Z: Not applicable,_Z: Not applicable,2025,45954.911,E: Estimated value,6: Millions,,2: Two
DATAFLOW,OECD.SDD.TPS:DSD_PDB@DF_PDB(2.0),I,FRA: France,A: Annual,EMP: Employment,_T: Total - all activities,PS: Persons,_Z: Not applicable,N: Non transformed data,_Z: Not applicable,_Z: Not applicable,2025,30638,E: Estimated value,3: Thousands,,2: Two
DATAFLOW,OECD.SDD.TPS:DSD_PDB@DF_PDB(2.0),I,FRA: France,A: Annual,HRSTO: Hours worked for total employment,_T: Total - all activities,H: Hours,_Z: Not applicable,N: Non transformed data,_Z: Not applicable,_Z: Not applicable,2024,46271.435,E: Estimated value,6: Millions,,2: Two
DATAFLOW,OECD.SDD.TPS:DSD_PDB@DF_PDB(2.0),I,FRA: France,A: Annual,HRSTO: Hours worked for total employment,_T: Total - all activities,H: Hours,_Z: Not applicable,N: Non transformed data,_Z: Not applicable,_Z: Not applicable,2023,45599.31,E: Estimated value,6: Millions,,2: Two
DATAFLOW,OECD.SDD.TPS:DSD_PDB@DF_PDB(2.0),I,FRA: France,A: Annual,GDP: Gross domestic product,_T: Total - all activities,"USD_PPP: US dollars, PPP converted",V: Current prices,N: Non transformed data,_Z: Not applicable,PPP: PPP converted,2022,3887337.061,A: Normal value,6: Millions,,2: Two
DATAFLOW,OECD.SDD.TPS:DSD_PDB@DF_PDB(2.0),I,FRA: France,A: Annual,GDPHRS: GDP per hour worked,_T: Total - all activities,"USD_PPP_H: US dollars per hour, PPP converted",V: Current prices,N: Non transformed data,_Z: Not applicable,PPP: PPP converted,2018,73.35732914276257,A: Normal value,0: Units,,2: Two
DATAFLOW,OECD.SDD.TPS:DSD_PDB@DF_PDB(2.0),I,FRA: France,A: Annual,GDPEMP: GDP per person employed,_T: Total - all activities,"USD_PPP_PS: US dollars per person, PPP converted",V: Current prices,N: Non transformed data,_Z: Not applicable,PPP: PPP converted,2018,109957.47278311213,A: Normal value,0: Units,,2: Two
DATAFLOW,OECD.SDD.TPS:DSD_PDB@DF_PDB(2.0),I,FRA: France,A: Annual,GDPPOP: GDP per capita,_T: Total - all activities,"USD_PPP_PS: US dollars per person, PPP converted",V: Current prices,N: Non transformed data,_Z: Not applicable,PPP: PPP converted,2020,49396.41690540181,A: Normal value,0: Units,,2: Two
DATAFLOW,OECD.SDD.TPS:DSD_PDB@DF_PDB(2.0),I,FRA: France,A: Annual,GDPPOP: GDP per capita,_T: Total - all activities,"USD_PPP_PS: US dollars per person, PPP converted",V: Current prices,N: Non transformed data,_Z: Not applicable,PPP: PPP converted,2021,52428.28651520057,A: Normal value,0: Units,,2: Two
DATAFLOW,OECD.SDD.TPS:DSD_PDB@DF_PDB(2.0),I,FRA: France,A: Annual,GDPPOP: GDP per capita,_T: Total - all activities,"USD_PPP_PS: US dollars per person, PPP converted",V: Current prices,N: Non transformed data,_Z: Not applicable,PPP: PPP converted,2022,56933.12820925908,A: Normal value,0: Units,,2: Two
DATAFLOW,OECD.SDD.TPS:DSD_PDB@DF_PDB(2.0),I,FRA: France,A: Annual,GDPPOP: GDP per capita,_T: Total - all activities,"USD_PPP_PS: US dollars per person, PPP converted",V: Current prices,N: Non transformed data,_Z: Not applicable,PPP: PPP converted,2023,60923.02208510204,A: Normal value,0: Units,,2: Two
DATAFLOW,OECD.SDD.TPS:DSD_PDB@DF_PDB(2.0),I,FRA: France,A: Annual,GDPEMP: GDP per person employed,_T: Total - all activities,"USD_PPP_PS: US dollars per person, PPP converted",V: Current prices,N: Non transformed data,_Z: Not applicable,PPP: PPP converted,2023,137491.96513695022,A: Normal value,0: Units,,2: Two
DATAFLOW,OECD.SDD.TPS:DSD_PDB@DF_PDB(2.0),I,FRA: France,A: Annual,GDPHRS: GDP per hour worked,_T: Total - all activities,"USD_PPP_H: US dollars per hour, PPP converted",V: Current prices,N: Non transformed data,_Z: Not applicable,PPP: PPP converted,2023,91.59033180545934,A: Normal value,0: Units,,2: Two
DATAFLOW,OECD.SDD.TPS:DSD_PDB@DF_PDB(2.0),I,FRA: France,A: Annual,GDPHRS: GDP per hour worked,_T: Total - all activities,"USD_PPP_H: US dollars per hour, PPP converted",V: Current prices,N: Non transformed data,_Z: Not applicable,PPP: PPP converted,2024,93.11733947736872,A: Normal value,0: Units,,2: Two
DATAFLOW,OECD.SDD.TPS:DSD_PDB@DF_PDB(2.0),I,FRA: France,A: Annual,GDPEMP: GDP per person employed,_T: Total - all activities,"USD_PPP_PS: US dollars per person, PPP converted",V: Current prices,N: Non transformed data,_Z: Not applicable,PPP: PPP converted,2024,140843.12634021966,A: Normal value,0: Units,,2: Two
DATAFLOW,OECD.SDD.TPS:DSD_PDB@DF_PDB(2.0),I,FRA: France,A: Annual,GDPPOP: GDP per capita,_T: Total - all activities,"USD_PPP_PS: US dollars per person, PPP converted",V: Current prices,N: Non transformed data,_Z: Not applicable,PPP: PPP converted,2024,62647.913821681985,A: Normal value,0: Units,,2: Two
DATAFLOW,OECD.SDD.TPS:DSD_PDB@DF_PDB(2.0),I,FRA: France,A: Annual,GDPPOP: GDP per capita,_T: Total - all activities,"USD_PPP_PS: US dollars per person, PPP converted",V: Current prices,N: Non transformed data,_Z: Not applicable,PPP: PPP converted,2025,63973.93563581552,A: Normal value,0: Units,,2: Two
DATAFLOW,OECD.SDD.TPS:DSD_PDB@DF_PDB(2.0),I,FRA: France,A: Annual,GDPEMP: GDP per person employed,_T: Total - all activities,"USD_PPP_PS: US dollars per person, PPP converted",V: Current prices,N: Non transformed data,_Z: Not applicable,PPP: PPP converted,2025,144071.85883543312,A: Normal value,0: Units,,2: Two
DATAFLOW,OECD.SDD.TPS:DSD_PDB@DF_PDB(2.0),I,FRA: France,A: Annual,GDPHRS: GDP per hour worked,_T: Total - all activities,"USD_PPP_H: US dollars per hour, PPP converted",V: Current prices,N: Non transformed data,_Z: Not applicable,PPP: PPP converted,2025,96.0522719976544,A: Normal value,0: Units,,2: Two
DATAFLOW,OECD.SDD.TPS:DSD_PDB@DF_PDB(2.0),I,FRA: France,A: Annual,GDPEMP: GDP per person employed,_T: Total - all activities,XDC_PS: National currency per person,L: Chain linked volume,N: Non transformed data,_Z: Not applicable,_Z: Not applicable,2020,80931.2689823704,A: Normal value,0: Units,,2: Two
DATAFLOW,OECD.SDD.TPS:DSD_PDB@DF_PDB(2.0),I,FRA: France,A: Annual,GDPEMP: GDP per person employed,_T: Total - all activities,XDC_PS: National currency per person,L: Chain linked volume,N: Non transformed data,_Z: Not applicable,_Z: Not applicable,2021,84294.19288994727,A: Normal value,0: Units,,2: Two
DATAFLOW,OECD.SDD.TPS:DSD_PDB@DF_PDB(2.0),I,FRA: France,A: Annual,GDPEMP: GDP per person employed,_T: Total - all activities,XDC_PS: National currency per person,L: Chain linked volume,N: Non transformed data,_Z: Not applicable,_Z: Not applicable,2022,84657.54723257052,A: Normal value,0: Units,,2: Two
DATAFLOW,OECD.SDD.TPS:DSD_PDB@DF_PDB(2.0),I,FRA: France,A: Annual,GDPEMP: GDP per person employed,_T: Total - all activities,XDC_PS: National currency per person,V: Current prices,N: Non transformed data,_Z: Not applicable,_Z: Not applicable,2018,83146.10279582038,A: Normal value,0: Units,,2: Two
DATAFLOW,OECD.SDD.TPS:DSD_PDB@DF_PDB(2.0),I,FRA: France,A: Annual,GDPEMP: GDP per person employed,_T: Total - all activities,XDC_PS: National currency per person,V: Current prices,N: Non transformed data,_Z: Not applicable,_Z: Not applicable,2019,84858.23738748168,A: Normal value,0: Units,,2: Two
DATAFLOW,OECD.SDD.TPS:DSD_PDB@DF_PDB(2.0),I,FRA: France,A: Annual,GDPEMP: GDP per person employed,_T: Total - all activities,XDC_PS: National currency per person,V: Current prices,N: Non transformed data,_Z: Not applicable,_Z: Not applicable,2020,80931.2689823704,A: Normal value,0: Units,,2: Two
DATAFLOW,OECD.SDD.TPS:DSD_PDB@DF_PDB(2.0),I,FRA: France,A: Annual,GDPEMP: GDP per person employed,_T: Total - all activities,XDC_PS: National currency per person,V: Current prices,N: Non transformed data,_Z: Not applicable,_Z: Not applicable,2021,85324.11294437828,A: Normal value,0: Units,,2: Two
DATAFLOW,OECD.SDD.TPS:DSD_PDB@DF_PDB(2.0),I,FRA: France,A: Annual,GDPEMP: GDP per person employed,_T: Total - all activities,XDC_PS: National currency per person,V: Current prices,N: Non transformed data,_Z: Not applicable,_Z: Not applicable,2022,88278.24640766365,A: Normal value,0: Units,,2: Two
DATAFLOW,OECD.SDD.TPS:DSD_PDB@DF_PDB(2.0),I,FRA: France,A: Annual,GDPPOP: GDP per capita,_T: Total - all activities,XDC_PS: National currency per person,L: Chain linked volume,N: Non transformed data,_Z: Not applicable,_Z: Not applicable,2018,36566.11752439115,A: Normal value,0: Units,,2: Two
DATAFLOW,OECD.SDD.TPS:DSD_PDB@DF_PDB(2.0),I,FRA: France,A: Annual,GDPPOP: GDP per capita,_T: Total - all activities,XDC_PS: National currency per person,L: Chain linked volume,N: Non transformed data,_Z: Not applicable,_Z: Not applicable,2019,37162.99780402397,A: Normal value,0: Units,,2: Two
DATAFLOW,OECD.SDD.TPS:DSD_PDB@DF_PDB(2.0),I,FRA: France,A: Annual,GDP: Gross domestic product,_T: Total - all activities,XDC: National currency,V: Current prices,N: Non transformed data,_Z: Not applicable,_Z: Not applicable,2022,2653997.2,A: Normal value,6: Millions,,2: Two
DATAFLOW,OECD.SDD.TPS:DSD_PDB@DF_PDB(2.0),I,FRA: France,A: Annual,GDP: Gross domestic product,_T: Total - all activities,XDC: National currency,L: Chain linked volume,N: Non transformed data,_Z: Not applicable,_Z: Not applicable,2022,2545144.5,A: Normal value,6: Millions,,2: Two
DATAFLOW,OECD.SDD.TPS:DSD_PDB@DF_PDB(2.0),I,FRA: France,A: Annual,GDP: Gross domestic product,_T: Total - all activities,XDC: National currency,LR: Chain linked volume (rebased),N: Non transformed data,_Z: Not applicable,_Z: Not applicable,2022,2545144.5,A: Normal value,6: Millions,2020,2: Two
DATAFLOW,OECD.SDD.TPS:DSD_PDB@DF_PDB(2.0),I,FRA: France,A: Annual,GDP: Gross domestic product,_T: Total - all activities,XDC: National currency,LR: Chain linked volume (rebased),N: Non transformed data,_Z: Not applicable,_Z: Not applicable,2023,2586706.4,A: Normal value,6: Millions,2020,2: Two
DATAFLOW,OECD.SDD.TPS:DSD_PDB@DF_PDB(2.0),I,FRA: France,A: Annual,GDP: Gross domestic product,_T: Total - all activities,XDC: National currency,L: Chain linked volume,N: Non transformed data,_Z: Not applicable,_Z: Not applicable,2023,2586706.4,A: Normal value,6: Millions,,2: Two
DATAFLOW,OECD.SDD.TPS:DSD_PDB@DF_PDB(2.0),I,FRA: France,A: Annual,GDP: Gross domestic product,_T: Total - all activities,XDC: National currency,V: Current prices,N: Non transformed data,_Z: Not applicable,_Z: Not applicable,2023,2833826.4,A: Normal value,6: Millions,,2: Two
DATAFLOW,OECD.SDD.TPS:DSD_PDB@DF_PDB(2.0),I,FRA: France,A: Annual,GDP: Gross domestic product,_T: Total - all activities,XDC: National currency,V: Current prices,N: Non transformed data,_Z: Not applicable,_Z: Not applicable,2024,2935236.2,A: Normal value,6: Millions,,2: Two
DATAFLOW,OECD.SDD.TPS:DSD_PDB@DF_PDB(2.0),I,FRA: France,A: Annual,GDP: Gross domestic product,_T: Total - all activities,XDC: National currency,L: Chain linked volume,N: Non transformed data,_Z: Not applicable,_Z: Not applicable,2024,2625622,A: Normal value,6: Millions,,2: Two
DATAFLOW,OECD.SDD.TPS:DSD_PDB@DF_PDB(2.0),I,FRA: France,A: Annual,GDP: Gross domestic product,_T: Total - all activities,XDC: National currency,LR: Chain linked volume (rebased),N: Non transformed data,_Z: Not applicable,_Z: Not applicable,2024,2625622,A: Normal value,6: Millions,2020,2: Two
DATAFLOW,OECD.SDD.TPS:DSD_PDB@DF_PDB(2.0),I,FRA: France,A: Annual,GDP: Gross domestic product,_T: Total - all activities,XDC: National currency,LR: Chain linked volume (rebased),N: Non transformed data,_Z: Not applicable,_Z: Not applicable,2025,2646745.6,A: Normal value,6: Millions,2020,2: Two
DATAFLOW,OECD.SDD.TPS:DSD_PDB@DF_PDB(2.0),I,FRA: France,A: Annual,GDP: Gross domestic product,_T: Total - all activities,XDC: National currency,L: Chain linked volume,N: Non transformed data,_Z: Not applicable,_Z: Not applicable,2025,2646745.6,A: Normal value,6: Millions,,2: Two
DATAFLOW,OECD.SDD.TPS:DSD_PDB@DF_PDB(2.0),I,FRA: France,A: Annual,HRSAV: Average hours worked per person employed,_T: Total - all activities,H_PS: Hours per person,_Z: Not applicable,"GY: Growth rate, over 1 year",_Z: Not applicable,_Z: Not applicable,2018,0.4834018309173071,A: Normal value,0: Units,,2: Two
DATAFLOW,OECD.SDD.TPS:DSD_PDB@DF_PDB(2.0),I,FRA: France,A: Annual,HRSAV: Average hours worked per person employed,_T: Total - all activities,H_PS: Hours per person,_Z: Not applicable,"GY: Growth rate, over 1 year",_Z: Not applicable,_Z: Not applicable,2019,0.3637455062596162,A: Normal value,0: Units,,2: Two
DATAFLOW,OECD.SDD.TPS:DSD_PDB@DF_PDB(2.0),I,FRA: France,A: Annual,HRSAV: Average hours worked per person employed,_T: Total - all activities,H_PS: Hours per person,_Z: Not applicable,"GY: Growth rate, over 1 year",_Z: Not applicable,_Z: Not applicable,2022,2.001178846344565,A: Normal value,0: Units,,2: Two
DATAFLOW,OECD.SDD.TPS:DSD_PDB@DF_PDB(2.0),I,FRA: France,A: Annual,HRSAV: Average hours worked per person employed,_T: Total - all activities,H_PS: Hours per person,_Z: Not applicable,"GY: Growth rate, over 1 year",_Z: Not applicable,_Z: Not applicable,2023,0.2110568013782954,A: Normal value,0: Units,,2: Two
DATAFLOW,OECD.SDD.TPS:DSD_PDB@DF_PDB(2.0),I,FRA: France,A: Annual,HRSAV: Average hours worked per person employed,_T: Total - all activities,H_PS: Hours per person,_Z: Not applicable,"GY: Growth rate, over 1 year",_Z: Not applicable,_Z: Not applicable,2024,0.7575064013185973,A: Normal value,0: Units,,2: Two
DATAFLOW,OECD.SDD.TPS:DSD_PDB@DF_PDB(2.0),I,FRA: France,A: Annual,HRSAV: Average hours worked per person employed,_T: Total - all activities,H_PS: Hours per person,_Z: Not applicable,"GY: Growth rate, over 1 year",_Z: Not applicable,_Z: Not applicable,2025,-0.8331724822628006,A: Normal value,0: Units,,2: Two
DATAFLOW,OECD.SDD.TPS:DSD_PDB@DF_PDB(2.0),I,FRA: France,A: Annual,GDPPOP: GDP per capita,_T: Total - all activities,XDC_PS: National currency per person,V: Current prices,N: Non transformed data,_Z: Not applicable,_Z: Not applicable,2020,34234.26858442364,A: Normal value,0: Units,,2: Two
DATAFLOW,OECD.SDD.TPS:DSD_PDB@DF_PDB(2.0),I,FRA: France,A: Annual,GDPPOP: GDP per capita,_T: Total - all activities,XDC_PS: National currency per person,L: Chain linked volume,N: Non transformed data,_Z: Not applicable,_Z: Not applicable,2020,34234.26858442364,A: Normal value,0: Units,,2: Two
DATAFLOW,OECD.SDD.TPS:DSD_PDB@DF_PDB(2.0),I,FRA: France,A: Annual,GDPEMP: GDP per person employed,_T: Total - all activities,XDC_PS: National currency per person,L: Chain linked volume,"GY: Growth rate, over 1 year",_Z: Not applicable,_Z: Not applicable,2020,-7.385714532063592,A: Normal value,0: Units,,2: Two
DATAFLOW,OECD.SDD.TPS:DSD_PDB@DF_PDB(2.0),I,FRA: France,A: Annual,GDPPOP: GDP per capita,_T: Total - all activities,XDC_PS: National currency per person,L: Chain linked volume,N: Non transformed data,_Z: Not applicable,_Z: Not applicable,2021,36461.16424850643,A: Normal value,0: Units,,2: Two
DATAFLOW,OECD.SDD.TPS:DSD_PDB@DF_PDB(2.0),I,FRA: France,A: Annual,GDPPOP: GDP per capita,_T: Total - all activities,XDC_PS: National currency per person,V: Current prices,N: Non transformed data,_Z: Not applicable,_Z: Not applicable,2021,36906.6526383943,A: Normal value,0: Units,,2: Two
DATAFLOW,OECD.SDD.TPS:DSD_PDB@DF_PDB(2.0),I,FRA: France,A: Annual,GDPPOP: GDP per capita,_T: Total - all activities,XDC_PS: National currency per person,V: Current prices,N: Non transformed data,_Z: Not applicable,_Z: Not applicable,2022,38869.88971718977,A: Normal value,0: Units,,2: Two
DATAFLOW,OECD.SDD.TPS:DSD_PDB@DF_PDB(2.0),I,FRA: France,A: Annual,GDPPOP: GDP per capita,_T: Total - all activities,XDC_PS: National currency per person,L: Chain linked volume,N: Non transformed data,_Z: Not applicable,_Z: Not applicable,2022,37275.65576531584,A: Normal value,0: Units,,2: Two
DATAFLOW,OECD.SDD.TPS:DSD_PDB@DF_PDB(2.0),I,FRA: France,A: Annual,GDPEMP: GDP per person employed,_T: Total - all activities,XDC_PS: National currency per person,L: Chain linked volume,"GY: Growth rate, over 1 year",_Z: Not applicable,_Z: Not applicable,2023,0.589088299674545,A: Normal value,0: Units,,2: Two
DATAFLOW,OECD.SDD.TPS:DSD_PDB@DF_PDB(2.0),I,FRA: France,A: Annual,GDPPOP: GDP per capita,_T: Total - all activities,XDC_PS: National currency per person,L: Chain linked volume,N: Non transformed data,_Z: Not applicable,_Z: Not applicable,2023,37732.94239493531,A: Normal value,0: Units,,2: Two
DATAFLOW,OECD.SDD.TPS:DSD_PDB@DF_PDB(2.0),I,FRA: France,A: Annual,GDPPOP: GDP per capita,_T: Total - all activities,XDC_PS: National currency per person,V: Current prices,N: Non transformed data,_Z: Not applicable,_Z: Not applicable,2023,41337.744518839434,A: Normal value,0: Units,,2: Two
DATAFLOW,OECD.SDD.TPS:DSD_PDB@DF_PDB(2.0),I,FRA: France,A: Annual,GDPEMP: GDP per person employed,_T: Total - all activities,XDC_PS: National currency per person,V: Current prices,N: Non transformed data,_Z: Not applicable,_Z: Not applicable,2023,93291.62496707927,A: Normal value,0: Units,,2: Two
DATAFLOW,OECD.SDD.TPS:DSD_PDB@DF_PDB(2.0),I,FRA: France,A: Annual,GDPEMP: GDP per person employed,_T: Total - all activities,XDC_PS: National currency per person,L: Chain linked volume,N: Non transformed data,_Z: Not applicable,_Z: Not applicable,2023,85156.25493810904,A: Normal value,0: Units,,2: Two
DATAFLOW,OECD.SDD.TPS:DSD_PDB@DF_PDB(2.0),I,FRA: France,A: Annual,GDPEMP: GDP per person employed,_T: Total - all activities,XDC_PS: National currency per person,L: Chain linked volume,N: Non transformed data,_Z: Not applicable,_Z: Not applicable,2024,85827.0789748954,A: Normal value,0: Units,,2: Two
DATAFLOW,OECD.SDD.TPS:DSD_PDB@DF_PDB(2.0),I,FRA: France,A: Annual,GDPEMP: GDP per person employed,_T: Total - all activities,XDC_PS: National currency per person,V: Current prices,N: Non transformed data,_Z: Not applicable,_Z: Not applicable,2024,95947.83603556486,A: Normal value,0: Units,,2: Two
DATAFLOW,OECD.SDD.TPS:DSD_PDB@DF_PDB(2.0),I,FRA: France,A: Annual,GDPPOP: GDP per capita,_T: Total - all activities,XDC_PS: National currency per person,V: Current prices,N: Non transformed data,_Z: Not applicable,_Z: Not applicable,2024,42678.204606258,A: Normal value,0: Units,,2: Two
DATAFLOW,OECD.SDD.TPS:DSD_PDB@DF_PDB(2.0),I,FRA: France,A: Annual,GDPPOP: GDP per capita,_T: Total - all activities,XDC_PS: National currency per person,L: Chain linked volume,N: Non transformed data,_Z: Not applicable,_Z: Not applicable,2024,38176.42782365942,A: Normal value,0: Units,,2: Two
DATAFLOW,OECD.SDD.TPS:DSD_PDB@DF_PDB(2.0),I,FRA: France,A: Annual,GDPEMP: GDP per person employed,_T: Total - all activities,XDC_PS: National currency per person,L: Chain linked volume,"GY: Growth rate, over 1 year",_Z: Not applicable,_Z: Not applicable,2024,0.7877566213708054,A: Normal value,0: Units,,2: Two
DATAFLOW,OECD.SDD.TPS:DSD_PDB@DF_PDB(2.0),I,FRA: France,A: Annual,GDPEMP: GDP per person employed,_T: Total - all activities,XDC_PS: National currency per person,L: Chain linked volume,"GY: Growth rate, over 1 year",_Z: Not applicable,_Z: Not applicable,2025,0.6531696843626422,A: Normal value,0: Units,,2: Two
DATAFLOW,OECD.SDD.TPS:DSD_PDB@DF_PDB(2.0),I,FRA: France,A: Annual,GDPPOP: GDP per capita,_T: Total - all activities,XDC_PS: National currency per person,L: Chain linked volume,N: Non transformed data,_Z: Not applicable,_Z: Not applicable,2025,38359.74376068872,A: Normal value,0: Units,,2: Two
DATAFLOW,OECD.SDD.TPS:DSD_PDB@DF_PDB(2.0),I,FRA: France,A: Annual,GDPPOP: GDP per capita,_T: Total - all activities,XDC_PS: National currency per person,V: Current prices,N: Non transformed data,_Z: Not applicable,_Z: Not applicable,2025,43349.892750514504,A: Normal value,0: Units,,2: Two
DATAFLOW,OECD.SDD.TPS:DSD_PDB@DF_PDB(2.0),I,FRA: France,A: Annual,GDPEMP: GDP per person employed,_T: Total - all activities,XDC_PS: National currency per person,V: Current prices,N: Non transformed data,_Z: Not applicable,_Z: Not applicable,2025,97625.69031921144,A: Normal value,0: Units,,2: Two
DATAFLOW,OECD.SDD.TPS:DSD_PDB@DF_PDB(2.0),I,FRA: France,A: Annual,GDPEMP: GDP per person employed,_T: Total - all activities,XDC_PS: National currency per person,L: Chain linked volume,N: Non transformed data,_Z: Not applicable,_Z: Not applicable,2025,86387.6754357334,A: Normal value,0: Units,,2: Two
DATAFLOW,OECD.SDD.TPS:DSD_PDB@DF_PDB(2.0),I,FRA: France,A: Annual,HRSTO: Hours worked for total employment,_T: Total - all activities,H: Hours,_Z: Not applicable,N: Non transformed data,_Z: Not applicable,_Z: Not applicable,2022,45035.896,A: Normal value,6: Millions,,2: Two
DATAFLOW,OECD.SDD.TPS:DSD_PDB@DF_PDB(2.0),I,FRA: France,A: Annual,EMP: Employment,_T: Total - all activities,PS: Persons,_Z: Not applicable,N: Non transformed data,_Z: Not applicable,_Z: Not applicable,2022,30064,A: Normal value,3: Thousands,,2: Two
DATAFLOW,OECD.SDD.TPS:DSD_PDB@DF_PDB(2.0),I,FRA: France,A: Annual,GDPHRS: GDP per hour worked,_T: Total - all activities,XDC_H: National currency per hour,LR: Chain linked volume (rebased),"GY: Growth rate, over 1 year",_Z: Not applicable,_Z: Not applicable,2020,0.17405485774366625,A: Normal value,0: Units,2020,2: Two
DATAFLOW,OECD.SDD.TPS:DSD_PDB@DF_PDB(2.0),I,FRA: France,A: Annual,GDPHRS: GDP per hour worked,_T: Total - all activities,XDC_H: National currency per hour,LR: Chain linked volume (rebased),"GY: Growth rate, over 1 year",_Z: Not applicable,_Z: Not applicable,2021,-1.3594968026129917,A: Normal value,0: Units,2020,2: Two
DATAFLOW,OECD.SDD.TPS:DSD_PDB@DF_PDB(2.0),I,FRA: France,A: Annual,GDPHRS: GDP per hour worked,_T: Total - all activities,XDC_H: National currency per hour,LR: Chain linked volume (rebased),"GY: Growth rate, over 1 year",_Z: Not applicable,_Z: Not applicable,2022,-1.539319302853781,A: Normal value,0: Units,2020,2: Two
DATAFLOW,OECD.SDD.TPS:DSD_PDB@DF_PDB(2.0),I,FRA: France,A: Annual,GDPEMP: GDP per person employed,_T: Total - all activities,XDC_PS: National currency per person,L: Chain linked volume,N: Non transformed data,_Z: Not applicable,_Z: Not applicable,2018,86658.65221688787,A: Normal value,0: Units,,2: Two
DATAFLOW,OECD.SDD.TPS:DSD_PDB@DF_PDB(2.0),I,FRA: France,A: Annual,GDPEMP: GDP per person employed,_T: Total - all activities,XDC_PS: National currency per person,L: Chain linked volume,N: Non transformed data,_Z: Not applicable,_Z: Not applicable,2019,87385.29760658712,A: Normal value,0: Units,,2: Two
DATAFLOW,OECD.SDD.TPS:DSD_PDB@DF_PDB(2.0),I,FRA: France,A: Annual,GDPHRS: GDP per hour worked,_T: Total - all activities,XDC_H: National currency per hour,V: Current prices,N: Non transformed data,_Z: Not applicable,_Z: Not applicable,2018,55.47031843630861,A: Normal value,0: Units,,2: Two
DATAFLOW,OECD.SDD.TPS:DSD_PDB@DF_PDB(2.0),I,FRA: France,A: Annual,GDPHRS: GDP per hour worked,_T: Total - all activities,XDC_H: National currency per hour,L: Chain linked volume,N: Non transformed data,_Z: Not applicable,_Z: Not applicable,2018,57.8136902644309,A: Normal value,0: Units,,2: Two
DATAFLOW,OECD.SDD.TPS:DSD_PDB@DF_PDB(2.0),I,FRA: France,A: Annual,GDPHRS: GDP per hour worked,_T: Total - all activities,XDC_H: National currency per hour,L: Chain linked volume,"GY: Growth rate, over 1 year",_Z: Not applicable,_Z: Not applicable,2018,0.15348689337746357,A: Normal value,0: Units,,2: Two
DATAFLOW,OECD.SDD.TPS:DSD_PDB@DF_PDB(2.0),I,FRA: France,A: Annual,GDPHRS: GDP per hour worked,_T: Total - all activities,XDC_H: National currency per hour,L: Chain linked volume,"GY: Growth rate, over 1 year",_Z: Not applicable,_Z: Not applicable,2019,0.47304833095380694,A: Normal value,0: Units,,2: Two
DATAFLOW,OECD.SDD.TPS:DSD_PDB@DF_PDB(2.0),I,FRA: France,A: Annual,GDPHRS: GDP per hour worked,_T: Total - all activities,XDC_H: National currency per hour,L: Chain linked volume,"GY: Growth rate, over 1 year",_Z: Not applicable,_Z: Not applicable,2023,0.37723531750144534,A: Normal value,0: Units,,2: Two
DATAFLOW,OECD.SDD.TPS:DSD_PDB@DF_PDB(2.0),I,FRA: France,A: Annual,GDPHRS: GDP per hour worked,_T: Total - all activities,XDC_H: National currency per hour,L: Chain linked volume,N: Non transformed data,_Z: Not applicable,_Z: Not applicable,2023,56.72687591106094,A: Normal value,0: Units,,2: Two
DATAFLOW,OECD.SDD.TPS:DSD_PDB@DF_PDB(2.0),I,FRA: France,A: Annual,GDPHRS: GDP per hour worked,_T: Total - all activities,XDC_H: National currency per hour,V: Current prices,N: Non transformed data,_Z: Not applicable,_Z: Not applicable,2023,62.14625616045506,A: Normal value,0: Units,,2: Two
DATAFLOW,OECD.SDD.TPS:DSD_PDB@DF_PDB(2.0),I,FRA: France,A: Annual,GDPHRS: GDP per hour worked,_T: Total - all activities,XDC_H: National currency per hour,V: Current prices,N: Non transformed data,_Z: Not applicable,_Z: Not applicable,2024,63.43516685834361,A: Normal value,0: Units,,2: Two
DATAFLOW,OECD.SDD.TPS:DSD_PDB@DF_PDB(2.0),I,FRA: France,A: Annual,GDPHRS: GDP per hour worked,_T: Total - all activities,XDC_H: National currency per hour,L: Chain linked volume,N: Non transformed data,_Z: Not applicable,_Z: Not applicable,2024,56.7439069049836,A: Normal value,0: Units,,2: Two
DATAFLOW,OECD.SDD.TPS:DSD_PDB@DF_PDB(2.0),I,FRA: France,A: Annual,GDPHRS: GDP per hour worked,_T: Total - all activities,XDC_H: National currency per hour,L: Chain linked volume,"GY: Growth rate, over 1 year",_Z: Not applicable,_Z: Not applicable,2024,0.03002279545478714,A: Normal value,0: Units,,2: Two
DATAFLOW,OECD.SDD.TPS:DSD_PDB@DF_PDB(2.0),I,FRA: France,A: Annual,GDPHRS: GDP per hour worked,_T: Total - all activities,XDC_H: National currency per hour,L: Chain linked volume,"GY: Growth rate, over 1 year",_Z: Not applicable,_Z: Not applicable,2025,1.4988300057895865,A: Normal value,0: Units,,2: Two
DATAFLOW,OECD.SDD.TPS:DSD_PDB@DF_PDB(2.0),I,FRA: France,A: Annual,GDPHRS: GDP per hour worked,_T: Total - all activities,XDC_H: National currency per hour,L: Chain linked volume,N: Non transformed data,_Z: Not applicable,_Z: Not applicable,2025,57.594401608132806,A: Normal value,0: Units,,2: Two
DATAFLOW,OECD.SDD.TPS:DSD_PDB@DF_PDB(2.0),I,FRA: France,A: Annual,GDPHRS: GDP per hour worked,_T: Total - all activities,XDC_H: National currency per hour,V: Current prices,N: Non transformed data,_Z: Not applicable,_Z: Not applicable,2025,65.08675209924789,A: Normal value,0: Units,,2: Two
DATAFLOW,OECD.SDD.TPS:DSD_PDB@DF_PDB(2.0),I,FRA: France,A: Annual,HRSAV: Average hours worked per person employed,_T: Total - all activities,H_PS: Hours per person,_Z: Not applicable,N: Non transformed data,_Z: Not applicable,_Z: Not applicable,2018,1498.929610279582,A: Normal value,0: Units,,2: Two
DATAFLOW,OECD.SDD.TPS:DSD_PDB@DF_PDB(2.0),I,FRA: France,A: Annual,HRSAV: Average hours worked per person employed,_T: Total - all activities,H_PS: Hours per person,_Z: Not applicable,N: Non transformed data,_Z: Not applicable,_Z: Not applicable,2019,1504.381899378969,A: Normal value,0: Units,,2: Two
DATAFLOW,OECD.SDD.TPS:DSD_PDB@DF_PDB(2.0),I,FRA: France,A: Annual,HRSAV: Average hours worked per person employed,_T: Total - all activities,H_PS: Hours per person,_Z: Not applicable,N: Non transformed data,_Z: Not applicable,_Z: Not applicable,2023,1501.1624308664734,A: Normal value,0: Units,,2: Two
DATAFLOW,OECD.SDD.TPS:DSD_PDB@DF_PDB(2.0),I,FRA: France,A: Annual,HRSAV: Average hours worked per person employed,_T: Total - all activities,H_PS: Hours per person,_Z: Not applicable,N: Non transformed data,_Z: Not applicable,_Z: Not applicable,2024,1512.5338323744768,A: Normal value,0: Units,,2: Two
DATAFLOW,OECD.SDD.TPS:DSD_PDB@DF_PDB(2.0),I,FRA: France,A: Annual,HRSAV: Average hours worked per person employed,_T: Total - all activities,H_PS: Hours per person,_Z: Not applicable,N: Non transformed data,_Z: Not applicable,_Z: Not applicable,2025,1499.9318166982175,A: Normal value,0: Units,,2: Two
DATAFLOW,OECD.SDD.TPS:DSD_PDB@DF_PDB(2.0),I,FRA: France,A: Annual,GDPPOP: GDP per capita,_T: Total - all activities,XDC_PS: National currency per person,LR: Chain linked volume (rebased),N: Non transformed data,_Z: Not applicable,_Z: Not applicable,2018,36566.11752439115,A: Normal value,0: Units,2020,2: Two
DATAFLOW,OECD.SDD.TPS:DSD_PDB@DF_PDB(2.0),I,FRA: France,A: Annual,GDPPOP: GDP per capita,_T: Total - all activities,XDC_PS: National currency per person,LR: Chain linked volume (rebased),N: Non transformed data,_Z: Not applicable,_Z: Not applicable,2019,37162.99780402397,A: Normal value,0: Units,2020,2: Two
DATAFLOW,OECD.SDD.TPS:DSD_PDB@DF_PDB(2.0),I,FRA: France,A: Annual,GDPHRS: GDP per hour worked,_T: Total - all activities,XDC_H: National currency per hour,LR: Chain linked volume (rebased),"GY: Growth rate, over 1 year",_Z: Not applicable,_Z: Not applicable,2018,0.15348689337746357,A: Normal value,0: Units,2020,2: Two
DATAFLOW,OECD.SDD.TPS:DSD_PDB@DF_PDB(2.0),I,FRA: France,A: Annual,GDPHRS: GDP per hour worked,_T: Total - all activities,XDC_H: National currency per hour,LR: Chain linked volume (rebased),"GY: Growth rate, over 1 year",_Z: Not applicable,_Z: Not applicable,2019,0.47304833095380694,A: Normal value,0: Units,2020,2: Two
DATAFLOW,OECD.SDD.TPS:DSD_PDB@DF_PDB(2.0),I,FRA: France,A: Annual,GDPHRS: GDP per hour worked,_T: Total - all activities,XDC_H: National currency per hour,LR: Chain linked volume (rebased),"GY: Growth rate, over 1 year",_Z: Not applicable,_Z: Not applicable,2023,0.37723531750144534,A: Normal value,0: Units,2020,2: Two
DATAFLOW,OECD.SDD.TPS:DSD_PDB@DF_PDB(2.0),I,FRA: France,A: Annual,GDPHRS: GDP per hour worked,_T: Total - all activities,XDC_H: National currency per hour,LR: Chain linked volume (rebased),"GY: Growth rate, over 1 year",_Z: Not applicable,_Z: Not applicable,2024,0.03002279545478714,A: Normal value,0: Units,2020,2: Two
DATAFLOW,OECD.SDD.TPS:DSD_PDB@DF_PDB(2.0),I,FRA: France,A: Annual,GDPHRS: GDP per hour worked,_T: Total - all activities,XDC_H: National currency per hour,LR: Chain linked volume (rebased),"GY: Growth rate, over 1 year",_Z: Not applicable,_Z: Not applicable,2025,1.4988300057895865,A: Normal value,0: Units,2020,2: Two
DATAFLOW,OECD.SDD.TPS:DSD_PDB@DF_PDB(2.0),I,FRA: France,A: Annual,GDPPOP: GDP per capita,_T: Total - all activities,XDC_PS: National currency per person,LR: Chain linked volume (rebased),N: Non transformed data,_Z: Not applicable,_Z: Not applicable,2020,34234.26858442364,A: Normal value,0: Units,2020,2: Two
DATAFLOW,OECD.SDD.TPS:DSD_PDB@DF_PDB(2.0),I,FRA: France,A: Annual,GDPPOP: GDP per capita,_T: Total - all activities,XDC_PS: National currency per person,LR: Chain linked volume (rebased),N: Non transformed data,_Z: Not applicable,_Z: Not applicable,2021,36461.16424850643,A: Normal value,0: Units,2020,2: Two
DATAFLOW,OECD.SDD.TPS:DSD_PDB@DF_PDB(2.0),I,FRA: France,A: Annual,GDPPOP: GDP per capita,_T: Total - all activities,XDC_PS: National currency per person,LR: Chain linked volume (rebased),N: Non transformed data,_Z: Not applicable,_Z: Not applicable,2022,37275.65576531584,A: Normal value,0: Units,2020,2: Two
DATAFLOW,OECD.SDD.TPS:DSD_PDB@DF_PDB(2.0),I,FRA: France,A: Annual,GDPPOP: GDP per capita,_T: Total - all activities,XDC_PS: National currency per person,LR: Chain linked volume (rebased),N: Non transformed data,_Z: Not applicable,_Z: Not applicable,2023,37732.94239493531,A: Normal value,0: Units,2020,2: Two
DATAFLOW,OECD.SDD.TPS:DSD_PDB@DF_PDB(2.0),I,FRA: France,A: Annual,GDPPOP: GDP per capita,_T: Total - all activities,XDC_PS: National currency per person,LR: Chain linked volume (rebased),N: Non transformed data,_Z: Not applicable,_Z: Not applicable,2024,38176.42782365942,A: Normal value,0: Units,2020,2: Two
DATAFLOW,OECD.SDD.TPS:DSD_PDB@DF_PDB(2.0),I,FRA: France,A: Annual,GDPPOP: GDP per capita,_T: Total - all activities,XDC_PS: National currency per person,LR: Chain linked volume (rebased),N: Non transformed data,_Z: Not applicable,_Z: Not applicable,2025,38359.74376068872,A: Normal value,0: Units,2020,2: Two
DATAFLOW,OECD.SDD.TPS:DSD_PDB@DF_PDB(2.0),I,FRA: France,A: Annual,GDPEMP: GDP per person employed,_T: Total - all activities,XDC_PS: National currency per person,LR: Chain linked volume (rebased),N: Non transformed data,_Z: Not applicable,_Z: Not applicable,2023,85156.25493810904,A: Normal value,0: Units,2020,2: Two
DATAFLOW,OECD.SDD.TPS:DSD_PDB@DF_PDB(2.0),I,FRA: France,A: Annual,GDPEMP: GDP per person employed,_T: Total - all activities,XDC_PS: National currency per person,LR: Chain linked volume (rebased),N: Non transformed data,_Z: Not applicable,_Z: Not applicable,2024,85827.0789748954,A: Normal value,0: Units,2020,2: Two
DATAFLOW,OECD.SDD.TPS:DSD_PDB@DF_PDB(2.0),I,FRA: France,A: Annual,GDPEMP: GDP per person employed,_T: Total - all activities,XDC_PS: National currency per person,LR: Chain linked volume (rebased),N: Non transformed data,_Z: Not applicable,_Z: Not applicable,2025,86387.6754357334,A: Normal value,0: Units,2020,2: Two
DATAFLOW,OECD.SDD.TPS:DSD_PDB@DF_PDB(2.0),I,FRA: France,A: Annual,GDPEMP: GDP per person employed,_T: Total - all activities,XDC_PS: National currency per person,LR: Chain linked volume (rebased),"GY: Growth rate, over 1 year",_Z: Not applicable,_Z: Not applicable,2018,0.6376306827475808,A: Normal value,0: Units,2020,2: Two
DATAFLOW,OECD.SDD.TPS:DSD_PDB@DF_PDB(2.0),I,FRA: France,A: Annual,GDPEMP: GDP per person employed,_T: Total - all activities,XDC_PS: National currency per person,LR: Chain linked volume (rebased),"GY: Growth rate, over 1 year",_Z: Not applicable,_Z: Not applicable,2019,0.8385145292597151,A: Normal value,0: Units,2020,2: Two
DATAFLOW,OECD.SDD.TPS:DSD_PDB@DF_PDB(2.0),I,FRA: France,A: Annual,GDPEMP: GDP per person employed,_T: Total - all activities,XDC_PS: National currency per person,LR: Chain linked volume (rebased),"GY: Growth rate, over 1 year",_Z: Not applicable,_Z: Not applicable,2021,4.155283798045262,A: Normal value,0: Units,2020,2: Two
DATAFLOW,OECD.SDD.TPS:DSD_PDB@DF_PDB(2.0),I,FRA: France,A: Annual,GDPEMP: GDP per person employed,_T: Total - all activities,XDC_PS: National currency per person,LR: Chain linked volume (rebased),"GY: Growth rate, over 1 year",_Z: Not applicable,_Z: Not applicable,2022,0.4310550112243572,A: Normal value,0: Units,2020,2: Two
DATAFLOW,OECD.SDD.TPS:DSD_PDB@DF_PDB(2.0),I,FRA: France,A: Annual,GDPEMP: GDP per person employed,_T: Total - all activities,XDC_PS: National currency per person,LR: Chain linked volume (rebased),N: Non transformed data,_Z: Not applicable,_Z: Not applicable,2018,86658.65221688787,A: Normal value,0: Units,2020,2: Two
DATAFLOW,OECD.SDD.TPS:DSD_PDB@DF_PDB(2.0),I,FRA: France,A: Annual,GDPEMP: GDP per person employed,_T: Total - all activities,XDC_PS: National currency per person,LR: Chain linked volume (rebased),N: Non transformed data,_Z: Not applicable,_Z: Not applicable,2019,87385.29760658712,A: Normal value,0: Units,2020,2: Two
DATAFLOW,OECD.SDD.TPS:DSD_PDB@DF_PDB(2.0),I,FRA: France,A: Annual,GDPEMP: GDP per person employed,_T: Total - all activities,XDC_PS: National currency per person,LR: Chain linked volume (rebased),N: Non transformed data,_Z: Not applicable,_Z: Not applicable,2020,80931.2689823704,A: Normal value,0: Units,2020,2: Two
DATAFLOW,OECD.SDD.TPS:DSD_PDB@DF_PDB(2.0),I,FRA: France,A: Annual,GDPEMP: GDP per person employed,_T: Total - all activities,XDC_PS: National currency per person,LR: Chain linked volume (rebased),N: Non transformed data,_Z: Not applicable,_Z: Not applicable,2021,84294.19288994727,A: Normal value,0: Units,2020,2: Two
DATAFLOW,OECD.SDD.TPS:DSD_PDB@DF_PDB(2.0),I,FRA: France,A: Annual,GDPEMP: GDP per person employed,_T: Total - all activities,XDC_PS: National currency per person,LR: Chain linked volume (rebased),N: Non transformed data,_Z: Not applicable,_Z: Not applicable,2022,84657.54723257052,A: Normal value,0: Units,2020,2: Two
DATAFLOW,OECD.SDD.TPS:DSD_PDB@DF_PDB(2.0),I,FRA: France,A: Annual,GDPHRS: GDP per hour worked,_T: Total - all activities,XDC_H: National currency per hour,LR: Chain linked volume (rebased),N: Non transformed data,_Z: Not applicable,_Z: Not applicable,2019,58.0871769612896,A: Normal value,0: Units,2020,2: Two
DATAFLOW,OECD.SDD.TPS:DSD_PDB@DF_PDB(2.0),I,FRA: France,A: Annual,GDPHRS: GDP per hour worked,_T: Total - all activities,XDC_H: National currency per hour,LR: Chain linked volume (rebased),N: Non transformed data,_Z: Not applicable,_Z: Not applicable,2020,58.18828051451689,A: Normal value,0: Units,2020,2: Two
DATAFLOW,OECD.SDD.TPS:DSD_PDB@DF_PDB(2.0),I,FRA: France,A: Annual,GDPHRS: GDP per hour worked,_T: Total - all activities,XDC_H: National currency per hour,LR: Chain linked volume (rebased),N: Non transformed data,_Z: Not applicable,_Z: Not applicable,2021,57.397212701426554,A: Normal value,0: Units,2020,2: Two
DATAFLOW,OECD.SDD.TPS:DSD_PDB@DF_PDB(2.0),I,FRA: France,A: Annual,GDPHRS: GDP per hour worked,_T: Total - all activities,XDC_H: National currency per hour,LR: Chain linked volume (rebased),N: Non transformed data,_Z: Not applicable,_Z: Not applicable,2022,56.51368632701345,A: Normal value,0: Units,2020,2: Two
DATAFLOW,OECD.SDD.TPS:DSD_PDB@DF_PDB(2.0),I,FRA: France,A: Annual,GDP: Gross domestic product,_T: Total - all activities,XDC: National currency,LR: Chain linked volume (rebased),N: Non transformed data,_Z: Not applicable,_Z: Not applicable,2018,2454866.3,A: Normal value,6: Millions,2020,2: Two
DATAFLOW,OECD.SDD.TPS:DSD_PDB@DF_PDB(2.0),I,FRA: France,A: Annual,GDP: Gross domestic product,_T: Total - all activities,XDC: National currency,LR: Chain linked volume (rebased),N: Non transformed data,_Z: Not applicable,_Z: Not applicable,2019,2504637.4,A: Normal value,6: Millions,2020,2: Two
DATAFLOW,OECD.SDD.TPS:DSD_PDB@DF_PDB(2.0),I,FRA: France,A: Annual,GDP: Gross domestic product,_T: Total - all activities,XDC: National currency,LR: Chain linked volume (rebased),N: Non transformed data,_Z: Not applicable,_Z: Not applicable,2020,2318276.2,A: Normal value,6: Millions,2020,2: Two
DATAFLOW,OECD.SDD.TPS:DSD_PDB@DF_PDB(2.0),I,FRA: France,A: Annual,GDP: Gross domestic product,_T: Total - all activities,XDC: National currency,LR: Chain linked volume (rebased),N: Non transformed data,_Z: Not applicable,_Z: Not applicable,2021,2477827.8,A: Normal value,6: Millions,2020,2: Two
DATAFLOW,OECD.SDD.TPS:DSD_PDB@DF_PDB(2.0),I,FRA: France,A: Annual,GDPHRS: GDP per hour worked,_T: Total - all activities,XDC_H: National currency per hour,LR: Chain linked volume (rebased),N: Non transformed data,_Z: Not applicable,_Z: Not applicable,2018,57.8136902644309,A: Normal value,0: Units,2020,2: Two
DATAFLOW,OECD.SDD.TPS:DSD_PDB@DF_PDB(2.0),I,FRA: France,A: Annual,GDPHRS: GDP per hour worked,_T: Total - all activities,XDC_H: National currency per hour,LR: Chain linked volume (rebased),N: Non transformed data,_Z: Not applicable,_Z: Not applicable,2023,56.72687591106094,A: Normal value,0: Units,2020,2: Two
DATAFLOW,OECD.SDD.TPS:DSD_PDB@DF_PDB(2.0),I,FRA: France,A: Annual,GDPHRS: GDP per hour worked,_T: Total - all activities,XDC_H: National currency per hour,LR: Chain linked volume (rebased),N: Non transformed data,_Z: Not applicable,_Z: Not applicable,2024,56.7439069049836,A: Normal value,0: Units,2020,2: Two
DATAFLOW,OECD.SDD.TPS:DSD_PDB@DF_PDB(2.0),I,FRA: France,A: Annual,GDPHRS: GDP per hour worked,_T: Total - all activities,XDC_H: National currency per hour,LR: Chain linked volume (rebased),N: Non transformed data,_Z: Not applicable,_Z: Not applicable,2025,57.594401608132806,A: Normal value,0: Units,2020,2: Two
DATAFLOW,OECD.SDD.TPS:DSD_PDB@DF_PDB(2.0),I,FRA: France,A: Annual,GDPPOP: GDP per capita,_T: Total - all activities,XDC: National currency,LR: Chain linked volume (rebased),N: Non transformed data,_Z: Not applicable,_Z: Not applicable,2018,36566.11752439115,A: Normal value,0: Units,,2: Two
DATAFLOW,OECD.SDD.TPS:DSD_PDB@DF_PDB(2.0),I,FRA: France,A: Annual,GDPPOP: GDP per capita,_T: Total - all activities,XDC: National currency,LR: Chain linked volume (rebased),N: Non transformed data,_Z: Not applicable,_Z: Not applicable,2019,37162.99780402397,A: Normal value,0: Units,,2: Two
DATAFLOW,OECD.SDD.TPS:DSD_PDB@DF_PDB(2.0),I,FRA: France,A: Annual,GDPPOP: GDP per capita,_T: Total - all activities,XDC: National currency,LR: Chain linked volume (rebased),N: Non transformed data,_Z: Not applicable,_Z: Not applicable,2020,34280.334777529686,A: Normal value,0: Units,,2: Two
DATAFLOW,OECD.SDD.TPS:DSD_PDB@DF_PDB(2.0),I,FRA: France,A: Annual,EMP: Employment,_T: Total - all activities,PS: Persons,_Z: Not applicable,N: Non transformed data,_Z: Not applicable,_Z: Not applicable,2018,28328,A: Normal value,3: Thousands,,2: Two
DATAFLOW,OECD.SDD.TPS:DSD_PDB@DF_PDB(2.0),I,FRA: France,A: Annual,EMP: Employment,_T: Total - all activities,PS: Persons,_Z: Not applicable,N: Non transformed data,_Z: Not applicable,_Z: Not applicable,2019,28662,A: Normal value,3: Thousands,,2: Two
DATAFLOW,OECD.SDD.TPS:DSD_PDB@DF_PDB(2.0),I,FRA: France,A: Annual,EMP: Employment,_T: Total - all activities,PS: Persons,_Z: Not applicable,N: Non transformed data,_Z: Not applicable,_Z: Not applicable,2020,28645,A: Normal value,3: Thousands,,2: Two
DATAFLOW,OECD.SDD.TPS:DSD_PDB@DF_PDB(2.0),I,FRA: France,A: Annual,EMP: Employment,_T: Total - all activities,PS: Persons,_Z: Not applicable,N: Non transformed data,_Z: Not applicable,_Z: Not applicable,2021,29395,A: Normal value,3: Thousands,,2: Two
DATAFLOW,OECD.SDD.TPS:DSD_PDB@DF_PDB(2.0),I,FRA: France,A: Annual,HRSAV: Average hours worked per person employed,_T: Total - all activities,H_PS: Hours per person,_Z: Not applicable,"GY: Growth rate, over 1 year",_Z: Not applicable,_Z: Not applicable,2020,-7.546634106548666,A: Normal value,0: Units,,2: Two
DATAFLOW,OECD.SDD.TPS:DSD_PDB@DF_PDB(2.0),I,FRA: France,A: Annual,HRSAV: Average hours worked per person employed,_T: Total - all activities,H_PS: Hours per person,_Z: Not applicable,"GY: Growth rate, over 1 year",_Z: Not applicable,_Z: Not applicable,2021,5.590787173523171,A: Normal value,0: Units,,2: Two
DATAFLOW,OECD.SDD.TPS:DSD_PDB@DF_PDB(2.0),I,FRA: France,A: Annual,HRSAV: Average hours worked per person employed,_T: Total - all activities,H_PS: Hours per person,_Z: Not applicable,N: Non transformed data,_Z: Not applicable,_Z: Not applicable,2020,1390.8517018676907,A: Normal value,0: Units,,2: Two
DATAFLOW,OECD.SDD.TPS:DSD_PDB@DF_PDB(2.0),I,FRA: France,A: Annual,HRSAV: Average hours worked per person employed,_T: Total - all activities,H_PS: Hours per person,_Z: Not applicable,N: Non transformed data,_Z: Not applicable,_Z: Not applicable,2021,1468.6112604184384,A: Normal value,0: Units,,2: Two
DATAFLOW,OECD.SDD.TPS:DSD_PDB@DF_PDB(2.0),I,FRA: France,A: Annual,HRSTO: Hours worked for total employment,_T: Total - all activities,H: Hours,_Z: Not applicable,N: Non transformed data,_Z: Not applicable,_Z: Not applicable,2019,43118.594,A: Normal value,6: Millions,,2: Two
DATAFLOW,OECD.SDD.TPS:DSD_PDB@DF_PDB(2.0),I,FRA: France,A: Annual,HRSTO: Hours worked for total employment,_T: Total - all activities,H: Hours,_Z: Not applicable,N: Non transformed data,_Z: Not applicable,_Z: Not applicable,2020,39840.947,A: Normal value,6: Millions,,2: Two
DATAFLOW,OECD.SDD.TPS:DSD_PDB@DF_PDB(2.0),I,FRA: France,A: Annual,HRSTO: Hours worked for total employment,_T: Total - all activities,H: Hours,_Z: Not applicable,N: Non transformed data,_Z: Not applicable,_Z: Not applicable,2021,43169.828,A: Normal value,6: Millions,,2: Two
DATAFLOW,OECD.SDD.TPS:DSD_PDB@DF_PDB(2.0),I,FRA: France,A: Annual,GDPEMP: GDP per person employed,_T: Total - all activities,XDC_PS: National currency per person,LR: Chain linked volume (rebased),"GY: Growth rate, over 1 year",_Z: Not applicable,_Z: Not applicable,2020,-7.385714532063592,A: Normal value,0: Units,2020,2: Two
DATAFLOW,OECD.SDD.TPS:DSD_PDB@DF_PDB(2.0),I,FRA: France,A: Annual,GDPEMP: GDP per person employed,_T: Total - all activities,XDC_PS: National currency per person,LR: Chain linked volume (rebased),"GY: Growth rate, over 1 year",_Z: Not applicable,_Z: Not applicable,2023,0.589088299674545,A: Normal value,0: Units,2020,2: Two
DATAFLOW,OECD.SDD.TPS:DSD_PDB@DF_PDB(2.0),I,FRA: France,A: Annual,GDPEMP: GDP per person employed,_T: Total - all activities,XDC_PS: National currency per person,LR: Chain linked volume (rebased),"GY: Growth rate, over 1 year",_Z: Not applicable,_Z: Not applicable,2024,0.7877566213708054,A: Normal value,0: Units,2020,2: Two
DATAFLOW,OECD.SDD.TPS:DSD_PDB@DF_PDB(2.0),I,FRA: France,A: Annual,GDPEMP: GDP per person employed,_T: Total - all activities,XDC_PS: National currency per person,LR: Chain linked volume (rebased),"GY: Growth rate, over 1 year",_Z: Not applicable,_Z: Not applicable,2025,0.6531696843626422,A: Normal value,0: Units,2020,2: Two
DATAFLOW,OECD.SDD.TPS:DSD_PDB@DF_PDB(2.0),I,FRA: France,A: Annual,EMP: Employment,_T: Total - all activities,PS: Persons,_Z: Not applicable,N: Non transformed data,_Z: Not applicable,_Z: Not applicable,2023,30376,A: Normal value,3: Thousands,,2: Two
DATAFLOW,OECD.SDD.TPS:DSD_PDB@DF_PDB(2.0),I,FRA: France,A: Annual,EMP: Employment,_T: Total - all activities,PS: Persons,_Z: Not applicable,N: Non transformed data,_Z: Not applicable,_Z: Not applicable,2024,30592,A: Normal value,3: Thousands,,2: Two
DATAFLOW,OECD.SDD.TPS:DSD_PDB@DF_PDB(2.0),I,FRA: France,A: Annual,POP: Population,_T: Total - all activities,PS: Persons,_Z: Not applicable,N: Non transformed data,_Z: Not applicable,_Z: Not applicable,2020,67718,A: Normal value,3: Thousands,,2: Two
DATAFLOW,OECD.SDD.TPS:DSD_PDB@DF_PDB(2.0),I,FRA: France,A: Annual,POP: Population,_T: Total - all activities,PS: Persons,_Z: Not applicable,N: Non transformed data,_Z: Not applicable,_Z: Not applicable,2021,67958,A: Normal value,3: Thousands,,2: Two
DATAFLOW,OECD.SDD.TPS:DSD_PDB@DF_PDB(2.0),I,FRA: France,A: Annual,POP: Population,_T: Total - all activities,PS: Persons,_Z: Not applicable,N: Non transformed data,_Z: Not applicable,_Z: Not applicable,2022,68279,A: Normal value,3: Thousands,,2: Two
DATAFLOW,OECD.SDD.TPS:DSD_PDB@DF_PDB(2.0),I,FRA: France,A: Annual,POP: Population,_T: Total - all activities,PS: Persons,_Z: Not applicable,N: Non transformed data,_Z: Not applicable,_Z: Not applicable,2023,68553,A: Normal value,3: Thousands,,2: Two
DATAFLOW,OECD.SDD.TPS:DSD_PDB@DF_PDB(2.0),I,FRA: France,A: Annual,POP: Population,_T: Total - all activities,PS: Persons,_Z: Not applicable,N: Non transformed data,_Z: Not applicable,_Z: Not applicable,2024,68776,A: Normal value,3: Thousands,,2: Two
DATAFLOW,OECD.SDD.TPS:DSD_PDB@DF_PDB(2.0),I,FRA: France,A: Annual,POP: Population,_T: Total - all activities,PS: Persons,_Z: Not applicable,N: Non transformed data,_Z: Not applicable,_Z: Not applicable,2025,68998,A: Normal value,3: Thousands,,2: Two
DATAFLOW,OECD.SDD.TPS:DSD_PDB@DF_PDB(2.0),I,FRA: France,A: Annual,HRSTO: Hours worked for total employment,_T: Total - all activities,H: Hours,_Z: Not applicable,N: Non transformed data,_Z: Not applicable,_Z: Not applicable,2018,42461.678,A: Normal value,6: Millions,,2: Two
DATAFLOW,OECD.SDD.TPS:DSD_PDB@DF_PDB(2.0),I,FRA: France,A: Annual,POP: Population,_T: Total - all activities,PS: Persons,_Z: Not applicable,N: Non transformed data,_Z: Not applicable,_Z: Not applicable,2018,67135,A: Normal value,3: Thousands,,2: Two
DATAFLOW,OECD.SDD.TPS:DSD_PDB@DF_PDB(2.0),I,FRA: France,A: Annual,POP: Population,_T: Total - all activities,PS: Persons,_Z: Not applicable,N: Non transformed data,_Z: Not applicable,_Z: Not applicable,2019,67396,A: Normal value,3: Thousands,,2: Two
DATAFLOW,OECD.SDD.TPS:DSD_PDB@DF_PDB(2.0),I,FRA: France,A: Annual,GDP: Gross domestic product,_T: Total - all activities,XDC: National currency,V: Current prices,N: Non transformed data,_Z: Not applicable,_Z: Not applicable,2018,2355362.8,A: Normal value,6: Millions,,2: Two
DATAFLOW,OECD.SDD.TPS:DSD_PDB@DF_PDB(2.0),I,FRA: France,A: Annual,GDP: Gross domestic product,_T: Total - all activities,XDC: National currency,V: Current prices,N: Non transformed data,_Z: Not applicable,_Z: Not applicable,2019,2432206.8,A: Normal value,6: Millions,,2: Two
DATAFLOW,OECD.SDD.TPS:DSD_PDB@DF_PDB(2.0),I,FRA: France,A: Annual,GDP: Gross domestic product,_T: Total - all activities,XDC: National currency,V: Current prices,N: Non transformed data,_Z: Not applicable,_Z: Not applicable,2020,2318276.2,A: Normal value,6: Millions,,2: Two
DATAFLOW,OECD.SDD.TPS:DSD_PDB@DF_PDB(2.0),I,FRA: France,A: Annual,GDP: Gross domestic product,_T: Total - all activities,XDC: National currency,V: Current prices,N: Non transformed data,_Z: Not applicable,_Z: Not applicable,2021,2508102.3,A: Normal value,6: Millions,,2: Two
DATAFLOW,OECD.SDD.TPS:DSD_PDB@DF_PDB(2.0),I,FRA: France,A: Annual,HRSAV: Average hours worked per person employed,_T: Total - all activities,H_PS: Hours per person,_Z: Not applicable,N: Non transformed data,_Z: Not applicable,_Z: Not applicable,2022,1498.0007982969664,A: Normal value,0: Units,,2: Two
DATAFLOW,OECD.SDD.TPS:DSD_PDB@DF_PDB(2.0),I,FRA: France,A: Annual,GDPHRS: GDP per hour worked,_T: Total - all activities,XDC_H: National currency per hour,L: Chain linked volume,"GY: Growth rate, over 1 year",_Z: Not applicable,_Z: Not applicable,2020,0.17405485774366625,A: Normal value,0: Units,,2: Two
DATAFLOW,OECD.SDD.TPS:DSD_PDB@DF_PDB(2.0),I,FRA: France,A: Annual,GDPHRS: GDP per hour worked,_T: Total - all activities,XDC_H: National currency per hour,L: Chain linked volume,"GY: Growth rate, over 1 year",_Z: Not applicable,_Z: Not applicable,2021,-1.3594968026129917,A: Normal value,0: Units,,2: Two
DATAFLOW,OECD.SDD.TPS:DSD_PDB@DF_PDB(2.0),I,FRA: France,A: Annual,GDPHRS: GDP per hour worked,_T: Total - all activities,XDC_H: National currency per hour,L: Chain linked volume,"GY: Growth rate, over 1 year",_Z: Not applicable,_Z: Not applicable,2022,-1.539319302853781,A: Normal value,0: Units,,2: Two
DATAFLOW,OECD.SDD.TPS:DSD_PDB@DF_PDB(2.0),I,FRA: France,A: Annual,GDPHRS: GDP per hour worked,_T: Total - all activities,XDC_H: National currency per hour,L: Chain linked volume,N: Non transformed data,_Z: Not applicable,_Z: Not applicable,2019,58.0871769612896,A: Normal value,0: Units,,2: Two
DATAFLOW,OECD.SDD.TPS:DSD_PDB@DF_PDB(2.0),I,FRA: France,A: Annual,GDPHRS: GDP per hour worked,_T: Total - all activities,XDC_H: National currency per hour,L: Chain linked volume,N: Non transformed data,_Z: Not applicable,_Z: Not applicable,2020,58.18828051451689,A: Normal value,0: Units,,2: Two
DATAFLOW,OECD.SDD.TPS:DSD_PDB@DF_PDB(2.0),I,FRA: France,A: Annual,GDPHRS: GDP per hour worked,_T: Total - all activities,XDC_H: National currency per hour,L: Chain linked volume,N: Non transformed data,_Z: Not applicable,_Z: Not applicable,2021,57.397212701426554,A: Normal value,0: Units,,2: Two
DATAFLOW,OECD.SDD.TPS:DSD_PDB@DF_PDB(2.0),I,FRA: France,A: Annual,GDPHRS: GDP per hour worked,_T: Total - all activities,XDC_H: National currency per hour,L: Chain linked volume,N: Non transformed data,_Z: Not applicable,_Z: Not applicable,2022,56.51368632701345,A: Normal value,0: Units,,2: Two
DATAFLOW,OECD.SDD.TPS:DSD_PDB@DF_PDB(2.0),I,FRA: France,A: Annual,GDP: Gross domestic product,_T: Total - all activities,XDC: National currency,L: Chain linked volume,N: Non transformed data,_Z: Not applicable,_Z: Not applicable,2018,2454866.3,A: Normal value,6: Millions,,2: Two
DATAFLOW,OECD.SDD.TPS:DSD_PDB@DF_PDB(2.0),I,FRA: France,A: Annual,GDP: Gross domestic product,_T: Total - all activities,XDC: National currency,L: Chain linked volume,N: Non transformed data,_Z: Not applicable,_Z: Not applicable,2019,2504637.4,A: Normal value,6: Millions,,2: Two
DATAFLOW,OECD.SDD.TPS:DSD_PDB@DF_PDB(2.0),I,FRA: France,A: Annual,GDP: Gross domestic product,_T: Total - all activities,XDC: National currency,L: Chain linked volume,N: Non transformed data,_Z: Not applicable,_Z: Not applicable,2020,2318276.2,A: Normal value,6: Millions,,2: Two
DATAFLOW,OECD.SDD.TPS:DSD_PDB@DF_PDB(2.0),I,FRA: France,A: Annual,GDP: Gross domestic product,_T: Total - all activities,XDC: National currency,L: Chain linked volume,N: Non transformed data,_Z: Not applicable,_Z: Not applicable,2021,2477827.8,A: Normal value,6: Millions,,2: Two
DATAFLOW,OECD.SDD.TPS:DSD_PDB@DF_PDB(2.0),I,FRA: France,A: Annual,GDPEMP: GDP per person employed,_T: Total - all activities,XDC_PS: National currency per person,L: Chain linked volume,"GY: Growth rate, over 1 year",_Z: Not applicable,_Z: Not applicable,2018,0.6376306827475808,A: Normal value,0: Units,,2: Two
DATAFLOW,OECD.SDD.TPS:DSD_PDB@DF_PDB(2.0),I,FRA: France,A: Annual,GDPEMP: GDP per person employed,_T: Total - all activities,XDC_PS: National currency per person,L: Chain linked volume,"GY: Growth rate, over 1 year",_Z: Not applicable,_Z: Not applicable,2019,0.8385145292597151,A: Normal value,0: Units,,2: Two
DATAFLOW,OECD.SDD.TPS:DSD_PDB@DF_PDB(2.0),I,FRA: France,A: Annual,GDPEMP: GDP per person employed,_T: Total - all activities,XDC_PS: National currency per person,L: Chain linked volume,"GY: Growth rate, over 1 year",_Z: Not applicable,_Z: Not applicable,2021,4.155283798045262,A: Normal value,0: Units,,2: Two
DATAFLOW,OECD.SDD.TPS:DSD_PDB@DF_PDB(2.0),I,FRA: France,A: Annual,GDPEMP: GDP per person employed,_T: Total - all activities,XDC_PS: National currency per person,L: Chain linked volume,"GY: Growth rate, over 1 year",_Z: Not applicable,_Z: Not applicable,2022,0.4310550112243572,A: Normal value,0: Units,,2: Two
DATAFLOW,OECD.SDD.TPS:DSD_PDB@DF_PDB(2.0),I,FRA: France,A: Annual,GDPHRS: GDP per hour worked,_T: Total - all activities,XDC_H: National currency per hour,V: Current prices,N: Non transformed data,_Z: Not applicable,_Z: Not applicable,2019,56.40737729064171,A: Normal value,0: Units,,2: Two
DATAFLOW,OECD.SDD.TPS:DSD_PDB@DF_PDB(2.0),I,FRA: France,A: Annual,GDPHRS: GDP per hour worked,_T: Total - all activities,XDC_H: National currency per hour,V: Current prices,N: Non transformed data,_Z: Not applicable,_Z: Not applicable,2020,58.18828051451689,A: Normal value,0: Units,,2: Two
DATAFLOW,OECD.SDD.TPS:DSD_PDB@DF_PDB(2.0),I,FRA: France,A: Annual,GDPHRS: GDP per hour worked,_T: Total - all activities,XDC_H: National currency per hour,V: Current prices,N: Non transformed data,_Z: Not applicable,_Z: Not applicable,2021,58.09850111054415,A: Normal value,0: Units,,2: Two
DATAFLOW,OECD.SDD.TPS:DSD_PDB@DF_PDB(2.0),I,FRA: France,A: Annual,GDPHRS: GDP per hour worked,_T: Total - all activities,XDC_H: National currency per hour,V: Current prices,N: Non transformed data,_Z: Not applicable,_Z: Not applicable,2022,58.930707185219546,A: Normal value,0: Units,,2: Two
DATAFLOW,OECD.SDD.TPS:DSD_PDB@DF_PDB(2.0),I,BRA: Brazil,A: Annual,GDP: Gross domestic product,_T: Total - all activities,"USD_PPP: US dollars, PPP converted",V: Current prices,N: Non transformed data,_Z: Not applicable,PPP: PPP converted,2023,4471035.275,A: Normal value,6: Millions,,2: Two
DATAFLOW,OECD.SDD.TPS:DSD_PDB@DF_PDB(2.0),I,BRA: Brazil,A: Annual,GDP: Gross domestic product,_T: Total - all activities,"USD_PPP: US dollars, PPP converted",LR: Chain linked volume (rebased),N: Non transformed data,_Z: Not applicable,PPP: PPP converted,2023,3743512.969,A: Normal value,6: Millions,2020,2: Two
DATAFLOW,OECD.SDD.TPS:DSD_PDB@DF_PDB(2.0),I,BRA: Brazil,A: Annual,GDPPOP: GDP per capita,_T: Total - all activities,"USD_PPP: US dollars, PPP converted",V: Current prices,N: Non transformed data,_Z: Not applicable,PPP: PPP converted,,,,0: Units,,2: Two
DATAFLOW,OECD.SDD.TPS:DSD_PDB@DF_PDB(2.0),I,BRA: Brazil,A: Annual,GDPPOP: GDP per capita,_T: Total - all activities,"USD_PPP_PS: US dollars per person, PPP converted",LR: Chain linked volume (rebased),N: Non transformed data,_Z: Not applicable,PPP: PPP converted,2018,16459.420287978268,A: Normal value,0: Units,2020,2: Two
DATAFLOW,OECD.SDD.TPS:DSD_PDB@DF_PDB(2.0),I,BRA: Brazil,A: Annual,GDPPOP: GDP per capita,_T: Total - all activities,"USD_PPP_PS: US dollars per person, PPP converted",V: Current prices,N: Non transformed data,_Z: Not applicable,PPP: PPP converted,2018,15286.655169982576,A: Normal value,0: Units,,2: Two
DATAFLOW,OECD.SDD.TPS:DSD_PDB@DF_PDB(2.0),I,BRA: Brazil,A: Annual,GDPPOP: GDP per capita,_T: Total - all activities,"USD_PPP_PS: US dollars per person, PPP converted",V: Current prices,N: Non transformed data,_Z: Not applicable,PPP: PPP converted,2019,15864.007756470615,A: Normal value,0: Units,,2: Two
DATAFLOW,OECD.SDD.TPS:DSD_PDB@DF_PDB(2.0),I,BRA: Brazil,A: Annual,GDPPOP: GDP per capita,_T: Total - all activities,"USD_PPP_PS: US dollars per person, PPP converted",LR: Chain linked volume (rebased),N: Non transformed data,_Z: Not applicable,PPP: PPP converted,2019,16529.365714615415,A: Normal value,0: Units,2020,2: Two
DATAFLOW,OECD.SDD.TPS:DSD_PDB@DF_PDB(2.0),I,BRA: Brazil,A: Annual,GDPPOP: GDP per capita,_T: Total - all activities,"USD_PPP_PS: US dollars per person, PPP converted",V: Current prices,N: Non transformed data,_Z: Not applicable,PPP: PPP converted,2021,17756.475862739135,A: Normal value,0: Units,,2: Two
DATAFLOW,OECD.SDD.TPS:DSD_PDB@DF_PDB(2.0),I,BRA: Brazil,A: Annual,GDPPOP: GDP per capita,_T: Total - all activities,"USD_PPP_PS: US dollars per person, PPP converted",LR: Chain linked volume (rebased),N: Non transformed data,_Z: Not applicable,PPP: PPP converted,2021,16500.23010989729,A: Normal value,0: Units,2020,2: Two
DATAFLOW,OECD.SDD.TPS:DSD_PDB@DF_PDB(2.0),I,BRA: Brazil,A: Annual,GDPPOP: GDP per capita,_T: Total - all activities,"USD_PPP_PS: US dollars per person, PPP converted",LR: Chain linked volume (rebased),N: Non transformed data,_Z: Not applicable,PPP: PPP converted,2020,15866.290068840271,A: Normal value,0: Units,2020,2: Two
DATAFLOW,OECD.SDD.TPS:DSD_PDB@DF_PDB(2.0),I,BRA: Brazil,A: Annual,GDPPOP: GDP per capita,_T: Total - all activities,"USD_PPP_PS: US dollars per person, PPP converted",V: Current prices,N: Non transformed data,_Z: Not applicable,PPP: PPP converted,2020,15866.290068840271,A: Normal value,0: Units,,2: Two
DATAFLOW,OECD.SDD.TPS:DSD_PDB@DF_PDB(2.0),I,BRA: Brazil,A: Annual,GDP: Gross domestic product,_T: Total - all activities,"USD_PPP: US dollars, PPP converted",LR: Chain linked volume (rebased),N: Non transformed data,_Z: Not applicable,PPP: PPP converted,2018,3431705.187,A: Normal value,6: Millions,2020,2: Two
DATAFLOW,OECD.SDD.TPS:DSD_PDB@DF_PDB(2.0),I,BRA: Brazil,A: Annual,GDP: Gross domestic product,_T: Total - all activities,"USD_PPP: US dollars, PPP converted",LR: Chain linked volume (rebased),N: Non transformed data,_Z: Not applicable,PPP: PPP converted,2019,3473598.683,A: Normal value,6: Millions,2020,2: Two
DATAFLOW,OECD.SDD.TPS:DSD_PDB@DF_PDB(2.0),I,BRA: Brazil,A: Annual,GDP: Gross domestic product,_T: Total - all activities,"USD_PPP: US dollars, PPP converted",LR: Chain linked volume (rebased),N: Non transformed data,_Z: Not applicable,PPP: PPP converted,2020,3359777.233,A: Normal value,6: Millions,2020,2: Two
DATAFLOW,OECD.SDD.TPS:DSD_PDB@DF_PDB(2.0),I,BRA: Brazil,A: Annual,GDP: Gross domestic product,_T: Total - all activities,"USD_PPP: US dollars, PPP converted",LR: Chain linked volume (rebased),N: Non transformed data,_Z: Not applicable,PPP: PPP converted,2021,3519790.13,A: Normal value,6: Millions,2020,2: Two
DATAFLOW,OECD.SDD.TPS:DSD_PDB@DF_PDB(2.0),I,BRA: Brazil,A: Annual,GDP: Gross domestic product,_T: Total - all activities,"USD_PPP: US dollars, PPP converted",LR: Chain linked volume (rebased),N: Non transformed data,_Z: Not applicable,PPP: PPP converted,2022,3625971.439,A: Normal value,6: Millions,2020,2: Two
DATAFLOW,OECD.SDD.TPS:DSD_PDB@DF_PDB(2.0),I,BRA: Brazil,A: Annual,GDP: Gross domestic product,_T: Total - all activities,"USD_PPP: US dollars, PPP converted",V: Current prices,N: Non transformed data,_Z: Not applicable,PPP: PPP converted,2018,3187189.641,A: Normal value,6: Millions,,2: Two
DATAFLOW,OECD.SDD.TPS:DSD_PDB@DF_PDB(2.0),I,BRA: Brazil,A: Annual,GDP: Gross domestic product,_T: Total - all activities,"USD_PPP: US dollars, PPP converted",V: Current prices,N: Non transformed data,_Z: Not applicable,PPP: PPP converted,2019,3333775.621,A: Normal value,6: Millions,,2: Two
DATAFLOW,OECD.SDD.TPS:DSD_PDB@DF_PDB(2.0),I,BRA: Brazil,A: Annual,GDP: Gross domestic product,_T: Total - all activities,"USD_PPP: US dollars, PPP converted",V: Current prices,N: Non transformed data,_Z: Not applicable,PPP: PPP converted,2020,3359777.233,A: Normal value,6: Millions,,2: Two
DATAFLOW,OECD.SDD.TPS:DSD_PDB@DF_PDB(2.0),I,BRA: Brazil,A: Annual,GDP: Gross domestic product,_T: Total - all activities,"USD_PPP: US dollars, PPP converted",V: Current prices,N: Non transformed data,_Z: Not applicable,PPP: PPP converted,2021,3787769.508,A: Normal value,6: Millions,,2: Two
DATAFLOW,OECD.SDD.TPS:DSD_PDB@DF_PDB(2.0),I,BRA: Brazil,A: Annual,GDP: Gross domestic product,_T: Total - all activities,"USD_PPP: US dollars, PPP converted",V: Current prices,N: Non transformed data,_Z: Not applicable,PPP: PPP converted,2022,4180229.776,A: Normal value,6: Millions,,2: Two
DATAFLOW,OECD.SDD.TPS:DSD_PDB@DF_PDB(2.0),I,BRA: Brazil,A: Annual,GDPPOP: GDP per capita,_T: Total - all activities,"USD_PPP: US dollars, PPP converted",LR: Chain linked volume (rebased),N: Non transformed data,_Z: Not applicable,PPP: PPP converted,2018,16459.420287978268,A: Normal value,0: Units,,2: Two
DATAFLOW,OECD.SDD.TPS:DSD_PDB@DF_PDB(2.0),I,BRA: Brazil,A: Annual,GDPPOP: GDP per capita,_T: Total - all activities,"USD_PPP: US dollars, PPP converted",LR: Chain linked volume (rebased),N: Non transformed data,_Z: Not applicable,PPP: PPP converted,2019,16529.365714615415,A: Normal value,0: Units,,2: Two
DATAFLOW,OECD.SDD.TPS:DSD_PDB@DF_PDB(2.0),I,BRA: Brazil,A: Annual,GDPPOP: GDP per capita,_T: Total - all activities,"USD_PPP: US dollars, PPP converted",LR: Chain linked volume (rebased),N: Non transformed data,_Z: Not applicable,PPP: PPP converted,2020,15866.290068840273,A: Normal value,0: Units,,2: Two
DATAFLOW,OECD.SDD.TPS:DSD_PDB@DF_PDB(2.0),I,BRA: Brazil,A: Annual,GDPPOP: GDP per capita,_T: Total - all activities,"USD_PPP: US dollars, PPP converted",LR: Chain linked volume (rebased),N: Non transformed data,_Z: Not applicable,PPP: PPP converted,2021,16500.23010989729,A: Normal value,0: Units,,2: Two
DATAFLOW,OECD.SDD.TPS:DSD_PDB@DF_PDB(2.0),I,BRA: Brazil,A: Annual,GDPEMP: GDP per person employed,_T: Total - all activities,"USD_PPP_PS: US dollars per person, PPP converted",V: Current prices,N: Non transformed data,_Z: Not applicable,PPP: PPP converted,2018,30546.1111828582,A: Normal value,0: Units,,2: Two
DATAFLOW,OECD.SDD.TPS:DSD_PDB@DF_PDB(2.0),I,BRA: Brazil,A: Annual,GDPEMP: GDP per person employed,_T: Total - all activities,"USD_PPP_PS: US dollars per person, PPP converted",LR: Chain linked volume (rebased),N: Non transformed data,_Z: Not applicable,PPP: PPP converted,2018,32889.554747675335,A: Normal value,0: Units,2020,2: Two
DATAFLOW,OECD.SDD.TPS:DSD_PDB@DF_PDB(2.0),I,BRA: Brazil,A: Annual,GDPEMP: GDP per person employed,_T: Total - all activities,"USD_PPP_PS: US dollars per person, PPP converted",LR: Chain linked volume (rebased),N: Non transformed data,_Z: Not applicable,PPP: PPP converted,2019,32771.11004978982,A: Normal value,0: Units,2020,2: Two
DATAFLOW,OECD.SDD.TPS:DSD_PDB@DF_PDB(2.0),I,BRA: Brazil,A: Annual,GDPEMP: GDP per person employed,_T: Total - all activities,"USD_PPP_PS: US dollars per person, PPP converted",V: Current prices,N: Non transformed data,_Z: Not applicable,PPP: PPP converted,2019,31451.97178124834,A: Normal value,0: Units,,2: Two
DATAFLOW,OECD.SDD.TPS:DSD_PDB@DF_PDB(2.0),I,BRA: Brazil,A: Annual,GDPEMP: GDP per person employed,_T: Total - all activities,"USD_PPP_PS: US dollars per person, PPP converted",V: Current prices,N: Non transformed data,_Z: Not applicable,PPP: PPP converted,2020,33850.064988373946,A: Normal value,0: Units,,2: Two
DATAFLOW,OECD.SDD.TPS:DSD_PDB@DF_PDB(2.0),I,BRA: Brazil,A: Annual,GDPEMP: GDP per person employed,_T: Total - all activities,"USD_PPP_PS: US dollars per person, PPP converted",LR: Chain linked volume (rebased),N: Non transformed data,_Z: Not applicable,PPP: PPP converted,2020,33850.064988373946,A: Normal value,0: Units,2020,2: Two
DATAFLOW,OECD.SDD.TPS:DSD_PDB@DF_PDB(2.0),I,BRA: Brazil,A: Annual,GDPEMP: GDP per person employed,_T: Total - all activities,"USD_PPP_PS: US dollars per person, PPP converted",LR: Chain linked volume (rebased),N: Non transformed data,_Z: Not applicable,PPP: PPP converted,2021,33501.01524598378,A: Normal value,0: Units,2020,2: Two
DATAFLOW,OECD.SDD.TPS:DSD_PDB@DF_PDB(2.0),I,BRA: Brazil,A: Annual,GDPEMP: GDP per person employed,_T: Total - all activities,"USD_PPP_PS: US dollars per person, PPP converted",V: Current prices,N: Non transformed data,_Z: Not applicable,PPP: PPP converted,2021,36051.616530835745,A: Normal value,0: Units,,2: Two
DATAFLOW,OECD.SDD.TPS:DSD_PDB@DF_PDB(2.0),I,BRA: Brazil,A: Annual,GDPPOP: GDP per capita,_T: Total - all activities,XDC_PS: National currency per person,V: Current prices,N: Non transformed data,_Z: Not applicable,_Z: Not applicable,2018,33593.82411752039,A: Normal value,0: Units,,2: Two
DATAFLOW,OECD.SDD.TPS:DSD_PDB@DF_PDB(2.0),I,BRA: Brazil,A: Annual,GDPPOP: GDP per capita,_T: Total - all activities,XDC_PS: National currency per person,L: Chain linked volume,N: Non transformed data,_Z: Not applicable,_Z: Not applicable,2018,5707.759935614733,A: Normal value,0: Units,,2: Two
DATAFLOW,OECD.SDD.TPS:DSD_PDB@DF_PDB(2.0),I,BRA: Brazil,A: Annual,GDPPOP: GDP per capita,_T: Total - all activities,XDC_PS: National currency per person,L: Chain linked volume,N: Non transformed data,_Z: Not applicable,_Z: Not applicable,2019,5732.015448700524,A: Normal value,0: Units,,2: Two
DATAFLOW,OECD.SDD.TPS:DSD_PDB@DF_PDB(2.0),I,BRA: Brazil,A: Annual,GDPPOP: GDP per capita,_T: Total - all activities,XDC_PS: National currency per person,V: Current prices,N: Non transformed data,_Z: Not applicable,_Z: Not applicable,2019,35161.703972871386,A: Normal value,0: Units,,2: Two
DATAFLOW,OECD.SDD.TPS:DSD_PDB@DF_PDB(2.0),I,BRA: Brazil,A: Annual,GDPPOP: GDP per capita,_T: Total - all activities,XDC_PS: National currency per person,V: Current prices,N: Non transformed data,_Z: Not applicable,_Z: Not applicable,2020,35935.73768019421,A: Normal value,0: Units,,2: Two
DATAFLOW,OECD.SDD.TPS:DSD_PDB@DF_PDB(2.0),I,BRA: Brazil,A: Annual,GDPPOP: GDP per capita,_T: Total - all activities,XDC_PS: National currency per person,L: Chain linked volume,N: Non transformed data,_Z: Not applicable,_Z: Not applicable,2020,5502.075599460154,A: Normal value,0: Units,,2: Two
DATAFLOW,OECD.SDD.TPS:DSD_PDB@DF_PDB(2.0),I,BRA: Brazil,A: Annual,GDPPOP: GDP per capita,_T: Total - all activities,XDC_PS: National currency per person,L: Chain linked volume,N: Non transformed data,_Z: Not applicable,_Z: Not applicable,2021,5721.911871526011,A: Normal value,0: Units,,2: Two
DATAFLOW,OECD.SDD.TPS:DSD_PDB@DF_PDB(2.0),I,BRA: Brazil,A: Annual,GDPPOP: GDP per capita,_T: Total - all activities,XDC_PS: National currency per person,V: Current prices,N: Non transformed data,_Z: Not applicable,_Z: Not applicable,2021,42247.52365649425,A: Normal value,0: Units,,2: Two
DATAFLOW,OECD.SDD.TPS:DSD_PDB@DF_PDB(2.0),I,BRA: Brazil,A: Annual,GDPPOP: GDP per capita,_T: Total - all activities,XDC_PS: National currency per person,LR: Chain linked volume (rebased),N: Non transformed data,_Z: Not applicable,_Z: Not applicable,2018,37279.12494742077,A: Normal value,0: Units,2020,2: Two
DATAFLOW,OECD.SDD.TPS:DSD_PDB@DF_PDB(2.0),I,BRA: Brazil,A: Annual,GDPPOP: GDP per capita,_T: Total - all activities,XDC_PS: National currency per person,LR: Chain linked volume (rebased),N: Non transformed data,_Z: Not applicable,_Z: Not applicable,2019,37437.54512463589,A: Normal value,0: Units,2020,2: Two
DATAFLOW,OECD.SDD.TPS:DSD_PDB@DF_PDB(2.0),I,BRA: Brazil,A: Annual,GDPPOP: GDP per capita,_T: Total - all activities,XDC_PS: National currency per person,LR: Chain linked volume (rebased),N: Non transformed data,_Z: Not applicable,_Z: Not applicable,2020,35935.73768019421,A: Normal value,0: Units,2020,2: Two
DATAFLOW,OECD.SDD.TPS:DSD_PDB@DF_PDB(2.0),I,BRA: Brazil,A: Annual,GDPPOP: GDP per capita,_T: Total - all activities,XDC_PS: National currency per person,LR: Chain linked volume (rebased),N: Non transformed data,_Z: Not applicable,_Z: Not applicable,2021,37371.5555702358,A: Normal value,0: Units,2020,2: Two
DATAFLOW,OECD.SDD.TPS:DSD_PDB@DF_PDB(2.0),I,BRA: Brazil,A: Annual,GDPEMP: GDP per person employed,_T: Total - all activities,XDC_PS: National currency per person,LR: Chain linked volume (rebased),"GY: Growth rate, over 1 year",_Z: Not applicable,_Z: Not applicable,2018,-0.8394261730776842,A: Normal value,0: Units,2020,2: Two
DATAFLOW,OECD.SDD.TPS:DSD_PDB@DF_PDB(2.0),I,BRA: Brazil,A: Annual,GDPEMP: GDP per person employed,_T: Total - all activities,XDC_PS: National currency per person,L: Chain linked volume,"GY: Growth rate, over 1 year",_Z: Not applicable,_Z: Not applicable,2018,-0.8394261730776842,A: Normal value,0: Units,,2: Two
DATAFLOW,OECD.SDD.TPS:DSD_PDB@DF_PDB(2.0),I,BRA: Brazil,A: Annual,GDPEMP: GDP per person employed,_T: Total - all activities,XDC_PS: National currency per person,L: Chain linked volume,"GY: Growth rate, over 1 year",_Z: Not applicable,_Z: Not applicable,2019,-0.3601286354373956,A: Normal value,0: Units,,2: Two
DATAFLOW,OECD.SDD.TPS:DSD_PDB@DF_PDB(2.0),I,BRA: Brazil,A: Annual,GDPEMP: GDP per person employed,_T: Total - all activities,XDC_PS: National currency per person,LR: Chain linked volume (rebased),"GY: Growth rate, over 1 year",_Z: Not applicable,_Z: Not applicable,2019,-0.3601286354373956,A: Normal value,0: Units,2020,2: Two
DATAFLOW,OECD.SDD.TPS:DSD_PDB@DF_PDB(2.0),I,BRA: Brazil,A: Annual,GDPEMP: GDP per person employed,_T: Total - all activities,XDC_PS: National currency per person,LR: Chain linked volume (rebased),"GY: Growth rate, over 1 year",_Z: Not applicable,_Z: Not applicable,2020,3.2923966605980626,A: Normal value,0: Units,2020,2: Two
DATAFLOW,OECD.SDD.TPS:DSD_PDB@DF_PDB(2.0),I,BRA: Brazil,A: Annual,GDPEMP: GDP per person employed,_T: Total - all activities,XDC_PS: National currency per person,L: Chain linked volume,"GY: Growth rate, over 1 year",_Z: Not applicable,_Z: Not applicable,2020,3.2923966605980626,A: Normal value,0: Units,,2: Two
DATAFLOW,OECD.SDD.TPS:DSD_PDB@DF_PDB(2.0),I,BRA: Brazil,A: Annual,GDP: Gross domestic product,_T: Total - all activities,XDC: National currency,V: Current prices,N: Non transformed data,_Z: Not applicable,_Z: Not applicable,2023,10943343.948,A: Normal value,6: Millions,,2: Two
DATAFLOW,OECD.SDD.TPS:DSD_PDB@DF_PDB(2.0),I,BRA: Brazil,A: Annual,GDP: Gross domestic product,_T: Total - all activities,XDC: National currency,LR: Chain linked volume (rebased),N: Non transformed data,_Z: Not applicable,_Z: Not applicable,2023,8478724.358,A: Normal value,6: Millions,2020,2: Two
DATAFLOW,OECD.SDD.TPS:DSD_PDB@DF_PDB(2.0),I,BRA: Brazil,A: Annual,GDP: Gross domestic product,_T: Total - all activities,XDC: National currency,L: Chain linked volume,N: Non transformed data,_Z: Not applicable,_Z: Not applicable,2023,1298166.823,A: Normal value,6: Millions,,2: Two
DATAFLOW,OECD.SDD.TPS:DSD_PDB@DF_PDB(2.0),I,BRA: Brazil,A: Annual,GDPPOP: GDP per capita,_T: Total - all activities,XDC: National currency,L: Chain linked volume,N: Non transformed data,_Z: Not applicable,_Z: Not applicable,,,,0: Units,,2: Two
DATAFLOW,OECD.SDD.TPS:DSD_PDB@DF_PDB(2.0),I,BRA: Brazil,A: Annual,GDPPOP: GDP per capita,_T: Total - all activities,XDC: National currency,V: Current prices,N: Non transformed data,_Z: Not applicable,_Z: Not applicable,,,,0: Units,,2: Two
DATAFLOW,OECD.SDD.TPS:DSD_PDB@DF_PDB(2.0),I,BRA: Brazil,A: Annual,POP: Population,_T: Total - all activities,PS: Persons,_Z: Not applicable,N: Non transformed data,_Z: Not applicable,_Z: Not applicable,2018,208494.9,A: Normal value,3: Thousands,,2: Two
DATAFLOW,OECD.SDD.TPS:DSD_PDB@DF_PDB(2.0),I,BRA: Brazil,A: Annual,POP: Population,_T: Total - all activities,PS: Persons,_Z: Not applicable,N: Non transformed data,_Z: Not applicable,_Z: Not applicable,2019,210147.125,A: Normal value,3: Thousands,,2: Two
DATAFLOW,OECD.SDD.TPS:DSD_PDB@DF_PDB(2.0),I,BRA: Brazil,A: Annual,POP: Population,_T: Total - all activities,PS: Persons,_Z: Not applicable,N: Non transformed data,_Z: Not applicable,_Z: Not applicable,2020,211755.692,A: Normal value,3: Thousands,,2: Two
DATAFLOW,OECD.SDD.TPS:DSD_PDB@DF_PDB(2.0),I,BRA: Brazil,A: Annual,POP: Population,_T: Total - all activities,PS: Persons,_Z: Not applicable,N: Non transformed data,_Z: Not applicable,_Z: Not applicable,2021,213317.639,A: Normal value,3: Thousands,,2: Two
DATAFLOW,OECD.SDD.TPS:DSD_PDB@DF_PDB(2.0),I,BRA: Brazil,A: Annual,EMP: Employment,_T: Total - all activities,PS: Persons,_Z: Not applicable,N: Non transformed data,_Z: Not applicable,_Z: Not applicable,2018,104340.275,A: Normal value,3: Thousands,,2: Two
DATAFLOW,OECD.SDD.TPS:DSD_PDB@DF_PDB(2.0),I,BRA: Brazil,A: Annual,EMP: Employment,_T: Total - all activities,PS: Persons,_Z: Not applicable,N: Non transformed data,_Z: Not applicable,_Z: Not applicable,2019,105995.759,A: Normal value,3: Thousands,,2: Two
DATAFLOW,OECD.SDD.TPS:DSD_PDB@DF_PDB(2.0),I,BRA: Brazil,A: Annual,EMP: Employment,_T: Total - all activities,PS: Persons,_Z: Not applicable,N: Non transformed data,_Z: Not applicable,_Z: Not applicable,2020,99254.676,A: Normal value,3: Thousands,,2: Two
DATAFLOW,OECD.SDD.TPS:DSD_PDB@DF_PDB(2.0),I,BRA: Brazil,A: Annual,EMP: Employment,_T: Total - all activities,PS: Persons,_Z: Not applicable,N: Non transformed data,_Z: Not applicable,_Z: Not applicable,2021,105065.178,A: Normal value,3: Thousands,,2: Two
DATAFLOW,OECD.SDD.TPS:DSD_PDB@DF_PDB(2.0),I,BRA: Brazil,A: Annual,GDPPOP: GDP per capita,_T: Total - all activities,XDC: National currency,LR: Chain linked volume (rebased),N: Non transformed data,_Z: Not applicable,_Z: Not applicable,2018,37279.12494742077,A: Normal value,0: Units,,2: Two
DATAFLOW,OECD.SDD.TPS:DSD_PDB@DF_PDB(2.0),I,BRA: Brazil,A: Annual,GDPPOP: GDP per capita,_T: Total - all activities,XDC: National currency,LR: Chain linked volume (rebased),N: Non transformed data,_Z: Not applicable,_Z: Not applicable,2019,37437.54512463589,A: Normal value,0: Units,,2: Two
DATAFLOW,OECD.SDD.TPS:DSD_PDB@DF_PDB(2.0),I,BRA: Brazil,A: Annual,GDPPOP: GDP per capita,_T: Total - all activities,XDC: National currency,LR: Chain linked volume (rebased),N: Non transformed data,_Z: Not applicable,_Z: Not applicable,2020,35935.73768019421,A: Normal value,0: Units,,2: Two
DATAFLOW,OECD.SDD.TPS:DSD_PDB@DF_PDB(2.0),I,BRA: Brazil,A: Annual,GDPPOP: GDP per capita,_T: Total - all activities,XDC: National currency,LR: Chain linked volume (rebased),N: Non transformed data,_Z: Not applicable,_Z: Not applicable,2021,37371.5555702358,A: Normal value,0: Units,,2: Two
DATAFLOW,OECD.SDD.TPS:DSD_PDB@DF_PDB(2.0),I,BRA: Brazil,A: Annual,GDPEMP: GDP per person employed,_T: Total - all activities,XDC_PS: National currency per person,L: Chain linked volume,N: Non transformed data,_Z: Not applicable,_Z: Not applicable,2018,11405.36419901136,A: Normal value,0: Units,,2: Two
DATAFLOW,OECD.SDD.TPS:DSD_PDB@DF_PDB(2.0),I,BRA: Brazil,A: Annual,GDPEMP: GDP per person employed,_T: Total - all activities,XDC_PS: National currency per person,L: Chain linked volume,"GY: Growth rate, over 1 year",_Z: Not applicable,_Z: Not applicable,2021,-1.0311641406651415,A: Normal value,0: Units,,2: Two
DATAFLOW,OECD.SDD.TPS:DSD_PDB@DF_PDB(2.0),I,BRA: Brazil,A: Annual,GDPEMP: GDP per person employed,_T: Total - all activities,XDC_PS: National currency per person,LR: Chain linked volume (rebased),"GY: Growth rate, over 1 year",_Z: Not applicable,_Z: Not applicable,2021,-1.0311641406651415,A: Normal value,0: Units,2020,2: Two
DATAFLOW,OECD.SDD.TPS:DSD_PDB@DF_PDB(2.0),I,BRA: Brazil,A: Annual,GDPEMP: GDP per person employed,_T: Total - all activities,XDC_PS: National currency per person,LR: Chain linked volume (rebased),N: Non transformed data,_Z: Not applicable,_Z: Not applicable,2018,74491.92009509272,A: Normal value,0: Units,2020,2: Two
DATAFLOW,OECD.SDD.TPS:DSD_PDB@DF_PDB(2.0),I,BRA: Brazil,A: Annual,GDPEMP: GDP per person employed,_T: Total - all activities,XDC_PS: National currency per person,V: Current prices,N: Non transformed data,_Z: Not applicable,_Z: Not applicable,2018,67127.87559741433,A: Normal value,0: Units,,2: Two
DATAFLOW,OECD.SDD.TPS:DSD_PDB@DF_PDB(2.0),I,BRA: Brazil,A: Annual,GDPEMP: GDP per person employed,_T: Total - all activities,XDC_PS: National currency per person,V: Current prices,N: Non transformed data,_Z: Not applicable,_Z: Not applicable,2019,69711.57213940984,A: Normal value,0: Units,,2: Two
DATAFLOW,OECD.SDD.TPS:DSD_PDB@DF_PDB(2.0),I,BRA: Brazil,A: Annual,GDPEMP: GDP per person employed,_T: Total - all activities,XDC_PS: National currency per person,L: Chain linked volume,N: Non transformed data,_Z: Not applicable,_Z: Not applicable,2019,11364.290216554797,A: Normal value,0: Units,,2: Two
DATAFLOW,OECD.SDD.TPS:DSD_PDB@DF_PDB(2.0),I,BRA: Brazil,A: Annual,GDPEMP: GDP per person employed,_T: Total - all activities,XDC_PS: National currency per person,LR: Chain linked volume (rebased),N: Non transformed data,_Z: Not applicable,_Z: Not applicable,2019,74223.65337277314,A: Normal value,0: Units,2020,2: Two
DATAFLOW,OECD.SDD.TPS:DSD_PDB@DF_PDB(2.0),I,BRA: Brazil,A: Annual,GDPEMP: GDP per person employed,_T: Total - all activities,XDC_PS: National currency per person,LR: Chain linked volume (rebased),N: Non transformed data,_Z: Not applicable,_Z: Not applicable,2020,76667.39046128164,A: Normal value,0: Units,2020,2: Two
DATAFLOW,OECD.SDD.TPS:DSD_PDB@DF_PDB(2.0),I,BRA: Brazil,A: Annual,GDPEMP: GDP per person employed,_T: Total - all activities,XDC_PS: National currency per person,L: Chain linked volume,N: Non transformed data,_Z: Not applicable,_Z: Not applicable,2020,11738.447728145318,A: Normal value,0: Units,,2: Two
DATAFLOW,OECD.SDD.TPS:DSD_PDB@DF_PDB(2.0),I,BRA: Brazil,A: Annual,GDPEMP: GDP per person employed,_T: Total - all activities,XDC_PS: National currency per person,V: Current prices,N: Non transformed data,_Z: Not applicable,_Z: Not applicable,2020,76667.39046128164,A: Normal value,0: Units,,2: Two
DATAFLOW,OECD.SDD.TPS:DSD_PDB@DF_PDB(2.0),I,BRA: Brazil,A: Annual,GDPEMP: GDP per person employed,_T: Total - all activities,XDC_PS: National currency per person,V: Current prices,N: Non transformed data,_Z: Not applicable,_Z: Not applicable,2021,85776.67854900507,A: Normal value,0: Units,,2: Two
DATAFLOW,OECD.SDD.TPS:DSD_PDB@DF_PDB(2.0),I,BRA: Brazil,A: Annual,GDPEMP: GDP per person employed,_T: Total - all activities,XDC_PS: National currency per person,L: Chain linked volume,N: Non transformed data,_Z: Not applicable,_Z: Not applicable,2021,11617.405064501962,A: Normal value,0: Units,,2: Two
DATAFLOW,OECD.SDD.TPS:DSD_PDB@DF_PDB(2.0),I,BRA: Brazil,A: Annual,GDPEMP: GDP per person employed,_T: Total - all activities,XDC_PS: National currency per person,LR: Chain linked volume (rebased),N: Non transformed data,_Z: Not applicable,_Z: Not applicable,2021,75876.82381311913,A: Normal value,0: Units,2020,2: Two
DATAFLOW,OECD.SDD.TPS:DSD_PDB@DF_PDB(2.0),I,BRA: Brazil,A: Annual,GDP: Gross domestic product,_T: Total - all activities,XDC: National currency,L: Chain linked volume,N: Non transformed data,_Z: Not applicable,_Z: Not applicable,2018,1190038.837,A: Normal value,6: Millions,,2: Two
DATAFLOW,OECD.SDD.TPS:DSD_PDB@DF_PDB(2.0),I,BRA: Brazil,A: Annual,GDP: Gross domestic product,_T: Total - all activities,XDC: National currency,V: Current prices,N: Non transformed data,_Z: Not applicable,_Z: Not applicable,2018,7004141,A: Normal value,6: Millions,,2: Two
DATAFLOW,OECD.SDD.TPS:DSD_PDB@DF_PDB(2.0),I,BRA: Brazil,A: Annual,GDP: Gross domestic product,_T: Total - all activities,XDC: National currency,V: Current prices,N: Non transformed data,_Z: Not applicable,_Z: Not applicable,2019,7389131,A: Normal value,6: Millions,,2: Two
DATAFLOW,OECD.SDD.TPS:DSD_PDB@DF_PDB(2.0),I,BRA: Brazil,A: Annual,GDP: Gross domestic product,_T: Total - all activities,XDC: National currency,L: Chain linked volume,N: Non transformed data,_Z: Not applicable,_Z: Not applicable,2019,1204566.567,A: Normal value,6: Millions,,2: Two
DATAFLOW,OECD.SDD.TPS:DSD_PDB@DF_PDB(2.0),I,BRA: Brazil,A: Annual,GDP: Gross domestic product,_T: Total - all activities,XDC: National currency,L: Chain linked volume,N: Non transformed data,_Z: Not applicable,_Z: Not applicable,2020,1165095.826,A: Normal value,6: Millions,,2: Two
DATAFLOW,OECD.SDD.TPS:DSD_PDB@DF_PDB(2.0),I,BRA: Brazil,A: Annual,GDP: Gross domestic product,_T: Total - all activities,XDC: National currency,V: Current prices,N: Non transformed data,_Z: Not applicable,_Z: Not applicable,2020,7609597,A: Normal value,6: Millions,,2: Two
DATAFLOW,OECD.SDD.TPS:DSD_PDB@DF_PDB(2.0),I,BRA: Brazil,A: Annual,GDP: Gross domestic product,_T: Total - all activities,XDC: National currency,V: Current prices,N: Non transformed data,_Z: Not applicable,_Z: Not applicable,2021,9012142,A: Normal value,6: Millions,,2: Two
DATAFLOW,OECD.SDD.TPS:DSD_PDB@DF_PDB(2.0),I,BRA: Brazil,A: Annual,GDP: Gross domestic product,_T: Total - all activities,XDC: National currency,L: Chain linked volume,N: Non transformed data,_Z: Not applicable,_Z: Not applicable,2021,1220584.731,A: Normal value,6: Millions,,2: Two
DATAFLOW,OECD.SDD.TPS:DSD_PDB@DF_PDB(2.0),I,BRA: Brazil,A: Annual,GDP: Gross domestic product,_T: Total - all activities,XDC: National currency,L: Chain linked volume,N: Non transformed data,_Z: Not applicable,_Z: Not applicable,2022,1257406.041,A: Normal value,6: Millions,,2: Two
DATAFLOW,OECD.SDD.TPS:DSD_PDB@DF_PDB(2.0),I,BRA: Brazil,A: Annual,GDP: Gross domestic product,_T: Total - all activities,XDC: National currency,V: Current prices,N: Non transformed data,_Z: Not applicable,_Z: Not applicable,2022,10079676.693,A: Normal value,6: Millions,,2: Two
DATAFLOW,OECD.SDD.TPS:DSD_PDB@DF_PDB(2.0),I,BRA: Brazil,A: Annual,GDP: Gross domestic product,_T: Total - all activities,XDC: National currency,LR: Chain linked volume (rebased),N: Non transformed data,_Z: Not applicable,_Z: Not applicable,2018,7772507.428,A: Normal value,6: Millions,2020,2: Two
DATAFLOW,OECD.SDD.TPS:DSD_PDB@DF_PDB(2.0),I,BRA: Brazil,A: Annual,GDP: Gross domestic product,_T: Total - all activities,XDC: National currency,LR: Chain linked volume (rebased),N: Non transformed data,_Z: Not applicable,_Z: Not applicable,2019,7867392.475,A: Normal value,6: Millions,2020,2: Two
DATAFLOW,OECD.SDD.TPS:DSD_PDB@DF_PDB(2.0),I,BRA: Brazil,A: Annual,GDP: Gross domestic product,_T: Total - all activities,XDC: National currency,LR: Chain linked volume (rebased),N: Non transformed data,_Z: Not applicable,_Z: Not applicable,2020,7609597,A: Normal value,6: Millions,2020,2: Two
DATAFLOW,OECD.SDD.TPS:DSD_PDB@DF_PDB(2.0),I,BRA: Brazil,A: Annual,GDP: Gross domestic product,_T: Total - all activities,XDC: National currency,LR: Chain linked volume (rebased),N: Non transformed data,_Z: Not applicable,_Z: Not applicable,2021,7972012,A: Normal value,6: Millions,2020,2: Two
DATAFLOW,OECD.SDD.TPS:DSD_PDB@DF_PDB(2.0),I,BRA: Brazil,A: Annual,GDP: Gross domestic product,_T: Total - all activities,XDC: National currency,LR: Chain linked volume (rebased),N: Non transformed data,_Z: Not applicable,_Z: Not applicable,2022,8212503.232,A: Normal value,6: Millions,2020,2: Two
