STRUCTURE,STRUCTURE_ID,ACTION,REF_AREA: Reference area,MEASURE: Measure,UNIT_MEASURE: Unit of measure,TRANSFORMATION: Transformation,ADJUSTMENT: Adjustment,SEX: Sex,AGE: Age,ACTIVITY: Economic activity,FREQ: Frequency of observation,TIME_PERIOD: Time period,OBS_VALUE: Observation value,BASE_PER: Base period,OBS_STATUS: Observation status,UNIT_MULT: Unit multiplier,DECIMALS: Decimals
DATAFLOW,OECD.SDD.TPS:DSD_LFS@DF_IALFS_LF_WAP_Q(1.0),I,CAN: Canada,LF_WAP: Labour force participation rate,PT_WAP_SUB: Percentage of working age population in the same subgroup,_Z: Not applicable,Y: Calendar and seasonally adjusted,F: Female,Y_GE15: 15 years or over,_Z: Not applicable,Q: Quarterly,2025-Q3,60.86666,,A: Normal value,0: Units,1: One
DATAFLOW,OECD.SDD.TPS:DSD_LFS@DF_IALFS_LF_WAP_Q(1.0),I,CAN: Canada,LF_WAP: Labour force participation rate,PT_WAP_SUB: Percentage of working age population in the same subgroup,_Z: Not applicable,Y: Calendar and seasonally adjusted,F: Female,Y_GE15: 15 years or over,_Z: Not applicable,Q: Quarterly,2025-Q4,61.1,,A: Normal value,0: Units,1: One
DATAFLOW,OECD.SDD.TPS:DSD_LFS@DF_IALFS_LF_WAP_Q(1.0),I,CAN: Canada,LF_WAP: Labour force participation rate,PT_WAP_SUB: Percentage of working age population in the same subgroup,_Z: Not applicable,Y: Calendar and seasonally adjusted,F: Female,Y_GE15: 15 years or over,_Z: Not applicable,Q: Quarterly,2026-Q1,60.96667,,A: Normal value,0: Units,1: One
DATAFLOW,OECD.SDD.TPS:DSD_LFS@DF_IALFS_LF_WAP_Q(1.0),I,NZL: New Zealand,LF_WAP: Labour force participation rate,PT_WAP_SUB: Percentage of working age population in the same subgroup,_Z: Not applicable,Y: Calendar and seasonally adjusted,F: Female,Y_GE15: 15 years or over,_Z: Not applicable,Q: Quarterly,2025-Q3,66.2,,A: Normal value,0: Units,1: One
DATAFLOW,OECD.SDD.TPS:DSD_LFS@DF_IALFS_LF_WAP_Q(1.0),I,NZL: New Zealand,LF_WAP: Labour force participation rate,PT_WAP_SUB: Percentage of working age population in the same subgroup,_Z: Not applicable,Y: Calendar and seasonally adjusted,F: Female,Y_GE15: 15 years or over,_Z: Not applicable,Q: Quarterly,2025-Q4,66.9,,A: Normal value,0: Units,1: One
DATAFLOW,OECD.SDD.TPS:DSD_LFS@DF_IALFS_LF_WAP_Q(1.0),I,NZL: New Zealand,LF_WAP: Labour force participation rate,PT_WAP_SUB: Percentage of working age population in the same subgroup,_Z: Not applicable,Y: Calendar and seasonally adjusted,F: Female,Y_GE15: 15 years or over,_Z: Not applicable,Q: Quarterly,2026-Q1,66.6,,A: Normal value,0: Units,1: One
DATAFLOW,OECD.SDD.TPS:DSD_LFS@DF_IALFS_LF_WAP_Q(1.0),I,ITA: Italy,LF_WAP: Labour force participation rate,PT_WAP_SUB: Percentage of working age population in the same subgroup,_Z: Not applicable,Y: Calendar and seasonally adjusted,F: Female,Y_GE15: 15 years or over,_Z: Not applicable,Q: Quarterly,2025-Q3,41.56446,,A: Normal value,0: Units,1: One
DATAFLOW,OECD.SDD.TPS:DSD_LFS@DF_IALFS_LF_WAP_Q(1.0),I,ITA: Italy,LF_WAP: Labour force participation rate,PT_WAP_SUB: Percentage of working age population in the same subgroup,_Z: Not applicable,Y: Calendar and seasonally adjusted,F: Female,Y_GE15: 15 years or over,_Z: Not applicable,Q: Quarterly,2025-Q4,41.16566,,A: Normal value,0: Units,1: One
DATAFLOW,OECD.SDD.TPS:DSD_LFS@DF_IALFS_LF_WAP_Q(1.0),I,ITA: Italy,LF_WAP: Labour force participation rate,PT_WAP_SUB: Percentage of working age population in the same subgroup,_Z: Not applicable,Y: Calendar and seasonally adjusted,F: Female,Y_GE15: 15 years or over,_Z: Not applicable,Q: Quarterly,2026-Q1,41.26935,,A: Normal value,0: Units,1: One
DATAFLOW,OECD.SDD.TPS:DSD_LFS@DF_IALFS_LF_WAP_Q(1.0),I,PRT: Portugal,LF_WAP: Labour force participation rate,PT_WAP_SUB: Percentage of working age population in the same subgroup,_Z: Not applicable,Y: Calendar and seasonally adjusted,F: Female,Y_GE15: 15 years or over,_Z: Not applicable,Q: Quarterly,2025-Q3,56.00505,,A: Normal value,0: Units,1: One
DATAFLOW,OECD.SDD.TPS:DSD_LFS@DF_IALFS_LF_WAP_Q(1.0),I,PRT: Portugal,LF_WAP: Labour force participation rate,PT_WAP_SUB: Percentage of working age population in the same subgroup,_Z: Not applicable,Y: Calendar and seasonally adjusted,F: Female,Y_GE15: 15 years or over,_Z: Not applicable,Q: Quarterly,2025-Q4,56.04379,,A: Normal value,0: Units,1: One
DATAFLOW,OECD.SDD.TPS:DSD_LFS@DF_IALFS_LF_WAP_Q(1.0),I,PRT: Portugal,LF_WAP: Labour force participation rate,PT_WAP_SUB: Percentage of working age population in the same subgroup,_Z: Not applicable,Y: Calendar and seasonally adjusted,F: Female,Y_GE15: 15 years or over,_Z: Not applicable,Q: Quarterly,2026-Q1,55.9401,,A: Normal value,0: Units,1: One
DATAFLOW,OECD.SDD.TPS:DSD_LFS@DF_IALFS_LF_WAP_Q(1.0),I,GRC: Greece,LF_WAP: Labour force participation rate,PT_WAP_SUB: Percentage of working age population in the same subgroup,_Z: Not applicable,Y: Calendar and seasonally adjusted,F: Female,Y_GE15: 15 years or over,_Z: Not applicable,Q: Quarterly,2025-Q3,45.75973,,A: Normal value,0: Units,1: One
DATAFLOW,OECD.SDD.TPS:DSD_LFS@DF_IALFS_LF_WAP_Q(1.0),I,GRC: Greece,LF_WAP: Labour force participation rate,PT_WAP_SUB: Percentage of working age population in the same subgroup,_Z: Not applicable,Y: Calendar and seasonally adjusted,F: Female,Y_GE15: 15 years or over,_Z: Not applicable,Q: Quarterly,2025-Q4,45.94847,,A: Normal value,0: Units,1: One
DATAFLOW,OECD.SDD.TPS:DSD_LFS@DF_IALFS_LF_WAP_Q(1.0),I,GRC: Greece,LF_WAP: Labour force participation rate,PT_WAP_SUB: Percentage of working age population in the same subgroup,_Z: Not applicable,Y: Calendar and seasonally adjusted,F: Female,Y_GE15: 15 years or over,_Z: Not applicable,Q: Quarterly,2026-Q1,46.84731,,A: Normal value,0: Units,1: One
DATAFLOW,OECD.SDD.TPS:DSD_LFS@DF_IALFS_LF_WAP_Q(1.0),I,ROU: Romania,LF_WAP: Labour force participation rate,PT_WAP_SUB: Percentage of working age population in the same subgroup,_Z: Not applicable,Y: Calendar and seasonally adjusted,F: Female,Y_GE15: 15 years or over,_Z: Not applicable,Q: Quarterly,2025-Q3,42.08673,,A: Normal value,0: Units,1: One
DATAFLOW,OECD.SDD.TPS:DSD_LFS@DF_IALFS_LF_WAP_Q(1.0),I,ROU: Romania,LF_WAP: Labour force participation rate,PT_WAP_SUB: Percentage of working age population in the same subgroup,_Z: Not applicable,Y: Calendar and seasonally adjusted,F: Female,Y_GE15: 15 years or over,_Z: Not applicable,Q: Quarterly,2025-Q4,42.06161,,A: Normal value,0: Units,1: One
DATAFLOW,OECD.SDD.TPS:DSD_LFS@DF_IALFS_LF_WAP_Q(1.0),I,ROU: Romania,LF_WAP: Labour force participation rate,PT_WAP_SUB: Percentage of working age population in the same subgroup,_Z: Not applicable,Y: Calendar and seasonally adjusted,F: Female,Y_GE15: 15 years or over,_Z: Not applicable,Q: Quarterly,2026-Q1,42.07275,,A: Normal value,0: Units,1: One
DATAFLOW,OECD.SDD.TPS:DSD_LFS@DF_IALFS_LF_WAP_Q(1.0),I,HUN: Hungary,LF_WAP: Labour force participation rate,PT_WAP_SUB: Percentage of working age population in the same subgroup,_Z: Not applicable,Y: Calendar and seasonally adjusted,F: Female,Y_GE15: 15 years or over,_Z: Not applicable,Q: Quarterly,2025-Q3,55.47069,,A: Normal value,0: Units,1: One
DATAFLOW,OECD.SDD.TPS:DSD_LFS@DF_IALFS_LF_WAP_Q(1.0),I,HUN: Hungary,LF_WAP: Labour force participation rate,PT_WAP_SUB: Percentage of working age population in the same subgroup,_Z: Not applicable,Y: Calendar and seasonally adjusted,F: Female,Y_GE15: 15 years or over,_Z: Not applicable,Q: Quarterly,2025-Q4,55.04774,,A: Normal value,0: Units,1: One
DATAFLOW,OECD.SDD.TPS:DSD_LFS@DF_IALFS_LF_WAP_Q(1.0),I,HUN: Hungary,LF_WAP: Labour force participation rate,PT_WAP_SUB: Percentage of working age population in the same subgroup,_Z: Not applicable,Y: Calendar and seasonally adjusted,F: Female,Y_GE15: 15 years or over,_Z: Not applicable,Q: Quarterly,2026-Q1,55.19811,,A: Normal value,0: Units,1: One
DATAFLOW,OECD.SDD.TPS:DSD_LFS@DF_IALFS_LF_WAP_Q(1.0),I,SVK: Slovak Republic,LF_WAP: Labour force participation rate,PT_WAP_SUB: Percentage of working age population in the same subgroup,_Z: Not applicable,Y: Calendar and seasonally adjusted,F: Female,Y_GE15: 15 years or over,_Z: Not applicable,Q: Quarterly,2025-Q3,55.46282,,A: Normal value,0: Units,1: One
DATAFLOW,OECD.SDD.TPS:DSD_LFS@DF_IALFS_LF_WAP_Q(1.0),I,SVK: Slovak Republic,LF_WAP: Labour force participation rate,PT_WAP_SUB: Percentage of working age population in the same subgroup,_Z: Not applicable,Y: Calendar and seasonally adjusted,F: Female,Y_GE15: 15 years or over,_Z: Not applicable,Q: Quarterly,2025-Q4,55.40882,,A: Normal value,0: Units,1: One
DATAFLOW,OECD.SDD.TPS:DSD_LFS@DF_IALFS_LF_WAP_Q(1.0),I,SVK: Slovak Republic,LF_WAP: Labour force participation rate,PT_WAP_SUB: Percentage of working age population in the same subgroup,_Z: Not applicable,Y: Calendar and seasonally adjusted,F: Female,Y_GE15: 15 years or over,_Z: Not applicable,Q: Quarterly,2026-Q1,55.23814,,A: Normal value,0: Units,1: One
DATAFLOW,OECD.SDD.TPS:DSD_LFS@DF_IALFS_LF_WAP_Q(1.0),I,SVN: Slovenia,LF_WAP: Labour force participation rate,PT_WAP_SUB: Percentage of working age population in the same subgroup,_Z: Not applicable,Y: Calendar and seasonally adjusted,F: Female,Y_GE15: 15 years or over,_Z: Not applicable,Q: Quarterly,2025-Q3,54.58949,,A: Normal value,0: Units,1: One
DATAFLOW,OECD.SDD.TPS:DSD_LFS@DF_IALFS_LF_WAP_Q(1.0),I,SVN: Slovenia,LF_WAP: Labour force participation rate,PT_WAP_SUB: Percentage of working age population in the same subgroup,_Z: Not applicable,Y: Calendar and seasonally adjusted,F: Female,Y_GE15: 15 years or over,_Z: Not applicable,Q: Quarterly,2025-Q4,54.76158,,A: Normal value,0: Units,1: One
DATAFLOW,OECD.SDD.TPS:DSD_LFS@DF_IALFS_LF_WAP_Q(1.0),I,SVN: Slovenia,LF_WAP: Labour force participation rate,PT_WAP_SUB: Percentage of working age population in the same subgroup,_Z: Not applicable,Y: Calendar and seasonally adjusted,F: Female,Y_GE15: 15 years or over,_Z: Not applicable,Q: Quarterly,2026-Q1,54.22067,,A: Normal value,0: Units,1: One
DATAFLOW,OECD.SDD.TPS:DSD_LFS@DF_IALFS_LF_WAP_Q(1.0),I,IRL: Ireland,LF_WAP: Labour force participation rate,PT_WAP_SUB: Percentage of working age population in the same subgroup,_Z: Not applicable,Y: Calendar and seasonally adjusted,F: Female,Y_GE15: 15 years or over,_Z: Not applicable,Q: Quarterly,2025-Q3,61.12918,,A: Normal value,0: Units,1: One
DATAFLOW,OECD.SDD.TPS:DSD_LFS@DF_IALFS_LF_WAP_Q(1.0),I,IRL: Ireland,LF_WAP: Labour force participation rate,PT_WAP_SUB: Percentage of working age population in the same subgroup,_Z: Not applicable,Y: Calendar and seasonally adjusted,F: Female,Y_GE15: 15 years or over,_Z: Not applicable,Q: Quarterly,2025-Q4,61.05345,,A: Normal value,0: Units,1: One
DATAFLOW,OECD.SDD.TPS:DSD_LFS@DF_IALFS_LF_WAP_Q(1.0),I,IRL: Ireland,LF_WAP: Labour force participation rate,PT_WAP_SUB: Percentage of working age population in the same subgroup,_Z: Not applicable,Y: Calendar and seasonally adjusted,F: Female,Y_GE15: 15 years or over,_Z: Not applicable,Q: Quarterly,2026-Q1,60.84232,,A: Normal value,0: Units,1: One
DATAFLOW,OECD.SDD.TPS:DSD_LFS@DF_IALFS_LF_WAP_Q(1.0),I,KOR: Korea,LF_WAP: Labour force participation rate,PT_WAP_SUB: Percentage of working age population in the same subgroup,_Z: Not applicable,Y: Calendar and seasonally adjusted,F: Female,Y_GE15: 15 years or over,_Z: Not applicable,Q: Quarterly,2025-Q3,56.85177,,A: Normal value,0: Units,1: One
DATAFLOW,OECD.SDD.TPS:DSD_LFS@DF_IALFS_LF_WAP_Q(1.0),I,KOR: Korea,LF_WAP: Labour force participation rate,PT_WAP_SUB: Percentage of working age population in the same subgroup,_Z: Not applicable,Y: Calendar and seasonally adjusted,F: Female,Y_GE15: 15 years or over,_Z: Not applicable,Q: Quarterly,2025-Q4,56.98035,,A: Normal value,0: Units,1: One
DATAFLOW,OECD.SDD.TPS:DSD_LFS@DF_IALFS_LF_WAP_Q(1.0),I,KOR: Korea,LF_WAP: Labour force participation rate,PT_WAP_SUB: Percentage of working age population in the same subgroup,_Z: Not applicable,Y: Calendar and seasonally adjusted,F: Female,Y_GE15: 15 years or over,_Z: Not applicable,Q: Quarterly,2026-Q1,57.2957,,A: Normal value,0: Units,1: One
DATAFLOW,OECD.SDD.TPS:DSD_LFS@DF_IALFS_LF_WAP_Q(1.0),I,NLD: Netherlands,LF_WAP: Labour force participation rate,PT_WAP_SUB: Percentage of working age population in the same subgroup,_Z: Not applicable,Y: Calendar and seasonally adjusted,F: Female,Y_GE15: 15 years or over,_Z: Not applicable,Q: Quarterly,2025-Q3,64.44038,,A: Normal value,0: Units,1: One
DATAFLOW,OECD.SDD.TPS:DSD_LFS@DF_IALFS_LF_WAP_Q(1.0),I,NLD: Netherlands,LF_WAP: Labour force participation rate,PT_WAP_SUB: Percentage of working age population in the same subgroup,_Z: Not applicable,Y: Calendar and seasonally adjusted,F: Female,Y_GE15: 15 years or over,_Z: Not applicable,Q: Quarterly,2025-Q4,64.36789,,A: Normal value,0: Units,1: One
DATAFLOW,OECD.SDD.TPS:DSD_LFS@DF_IALFS_LF_WAP_Q(1.0),I,NLD: Netherlands,LF_WAP: Labour force participation rate,PT_WAP_SUB: Percentage of working age population in the same subgroup,_Z: Not applicable,Y: Calendar and seasonally adjusted,F: Female,Y_GE15: 15 years or over,_Z: Not applicable,Q: Quarterly,2026-Q1,64.29347,,A: Normal value,0: Units,1: One
DATAFLOW,OECD.SDD.TPS:DSD_LFS@DF_IALFS_LF_WAP_Q(1.0),I,NOR: Norway,LF_WAP: Labour force participation rate,PT_WAP_SUB: Percentage of working age population in the same subgroup,_Z: Not applicable,Y: Calendar and seasonally adjusted,F: Female,Y_GE15: 15 years or over,_Z: Not applicable,Q: Quarterly,2025-Q3,61.75764,,A: Normal value,0: Units,1: One
DATAFLOW,OECD.SDD.TPS:DSD_LFS@DF_IALFS_LF_WAP_Q(1.0),I,NOR: Norway,LF_WAP: Labour force participation rate,PT_WAP_SUB: Percentage of working age population in the same subgroup,_Z: Not applicable,Y: Calendar and seasonally adjusted,F: Female,Y_GE15: 15 years or over,_Z: Not applicable,Q: Quarterly,2025-Q4,61.15433,,A: Normal value,0: Units,1: One
DATAFLOW,OECD.SDD.TPS:DSD_LFS@DF_IALFS_LF_WAP_Q(1.0),I,NOR: Norway,LF_WAP: Labour force participation rate,PT_WAP_SUB: Percentage of working age population in the same subgroup,_Z: Not applicable,Y: Calendar and seasonally adjusted,F: Female,Y_GE15: 15 years or over,_Z: Not applicable,Q: Quarterly,2026-Q1,61.56516,,A: Normal value,0: Units,1: One
DATAFLOW,OECD.SDD.TPS:DSD_LFS@DF_IALFS_LF_WAP_Q(1.0),I,POL: Poland,LF_WAP: Labour force participation rate,PT_WAP_SUB: Percentage of working age population in the same subgroup,_Z: Not applicable,Y: Calendar and seasonally adjusted,F: Female,Y_GE15: 15 years or over,_Z: Not applicable,Q: Quarterly,2025-Q3,51.63822,,A: Normal value,0: Units,1: One
DATAFLOW,OECD.SDD.TPS:DSD_LFS@DF_IALFS_LF_WAP_Q(1.0),I,POL: Poland,LF_WAP: Labour force participation rate,PT_WAP_SUB: Percentage of working age population in the same subgroup,_Z: Not applicable,Y: Calendar and seasonally adjusted,F: Female,Y_GE15: 15 years or over,_Z: Not applicable,Q: Quarterly,2025-Q4,51.80726,,A: Normal value,0: Units,1: One
DATAFLOW,OECD.SDD.TPS:DSD_LFS@DF_IALFS_LF_WAP_Q(1.0),I,POL: Poland,LF_WAP: Labour force participation rate,PT_WAP_SUB: Percentage of working age population in the same subgroup,_Z: Not applicable,Y: Calendar and seasonally adjusted,F: Female,Y_GE15: 15 years or over,_Z: Not applicable,Q: Quarterly,2026-Q1,52.05312,,A: Normal value,0: Units,1: One
DATAFLOW,OECD.SDD.TPS:DSD_LFS@DF_IALFS_LF_WAP_Q(1.0),I,SWE: Sweden,LF_WAP: Labour force participation rate,PT_WAP_SUB: Percentage of working age population in the same subgroup,_Z: Not applicable,Y: Calendar and seasonally adjusted,F: Female,Y_GE15: 15 years or over,_Z: Not applicable,Q: Quarterly,2025-Q3,64.40946,,A: Normal value,0: Units,1: One
DATAFLOW,OECD.SDD.TPS:DSD_LFS@DF_IALFS_LF_WAP_Q(1.0),I,SWE: Sweden,LF_WAP: Labour force participation rate,PT_WAP_SUB: Percentage of working age population in the same subgroup,_Z: Not applicable,Y: Calendar and seasonally adjusted,F: Female,Y_GE15: 15 years or over,_Z: Not applicable,Q: Quarterly,2025-Q4,65.01313,,A: Normal value,0: Units,1: One
DATAFLOW,OECD.SDD.TPS:DSD_LFS@DF_IALFS_LF_WAP_Q(1.0),I,SWE: Sweden,LF_WAP: Labour force participation rate,PT_WAP_SUB: Percentage of working age population in the same subgroup,_Z: Not applicable,Y: Calendar and seasonally adjusted,F: Female,Y_GE15: 15 years or over,_Z: Not applicable,Q: Quarterly,2026-Q1,64.94059,,A: Normal value,0: Units,1: One
DATAFLOW,OECD.SDD.TPS:DSD_LFS@DF_IALFS_LF_WAP_Q(1.0),I,LVA: Latvia,LF_WAP: Labour force participation rate,PT_WAP_SUB: Percentage of working age population in the same subgroup,_Z: Not applicable,Y: Calendar and seasonally adjusted,F: Female,Y_GE15: 15 years or over,_Z: Not applicable,Q: Quarterly,2025-Q3,56.97353,,A: Normal value,0: Units,1: One
DATAFLOW,OECD.SDD.TPS:DSD_LFS@DF_IALFS_LF_WAP_Q(1.0),I,LVA: Latvia,LF_WAP: Labour force participation rate,PT_WAP_SUB: Percentage of working age population in the same subgroup,_Z: Not applicable,Y: Calendar and seasonally adjusted,F: Female,Y_GE15: 15 years or over,_Z: Not applicable,Q: Quarterly,2025-Q4,57.1847,,A: Normal value,0: Units,1: One
DATAFLOW,OECD.SDD.TPS:DSD_LFS@DF_IALFS_LF_WAP_Q(1.0),I,LVA: Latvia,LF_WAP: Labour force participation rate,PT_WAP_SUB: Percentage of working age population in the same subgroup,_Z: Not applicable,Y: Calendar and seasonally adjusted,F: Female,Y_GE15: 15 years or over,_Z: Not applicable,Q: Quarterly,2026-Q1,57.45157,,A: Normal value,0: Units,1: One
DATAFLOW,OECD.SDD.TPS:DSD_LFS@DF_IALFS_LF_WAP_Q(1.0),I,ISL: Iceland,LF_WAP: Labour force participation rate,PT_WAP_SUB: Percentage of working age population in the same subgroup,_Z: Not applicable,Y: Calendar and seasonally adjusted,F: Female,Y_GE15: 15 years or over,_Z: Not applicable,Q: Quarterly,2025-Q3,71.90216,,A: Normal value,0: Units,1: One
DATAFLOW,OECD.SDD.TPS:DSD_LFS@DF_IALFS_LF_WAP_Q(1.0),I,ISL: Iceland,LF_WAP: Labour force participation rate,PT_WAP_SUB: Percentage of working age population in the same subgroup,_Z: Not applicable,Y: Calendar and seasonally adjusted,F: Female,Y_GE15: 15 years or over,_Z: Not applicable,Q: Quarterly,2025-Q4,72.21552,,A: Normal value,0: Units,1: One
DATAFLOW,OECD.SDD.TPS:DSD_LFS@DF_IALFS_LF_WAP_Q(1.0),I,LTU: Lithuania,LF_WAP: Labour force participation rate,PT_WAP_SUB: Percentage of working age population in the same subgroup,_Z: Not applicable,Y: Calendar and seasonally adjusted,F: Female,Y_GE15: 15 years or over,_Z: Not applicable,Q: Quarterly,2025-Q3,59.13462,,A: Normal value,0: Units,1: One
DATAFLOW,OECD.SDD.TPS:DSD_LFS@DF_IALFS_LF_WAP_Q(1.0),I,LTU: Lithuania,LF_WAP: Labour force participation rate,PT_WAP_SUB: Percentage of working age population in the same subgroup,_Z: Not applicable,Y: Calendar and seasonally adjusted,F: Female,Y_GE15: 15 years or over,_Z: Not applicable,Q: Quarterly,2025-Q4,58.30896,,A: Normal value,0: Units,1: One
DATAFLOW,OECD.SDD.TPS:DSD_LFS@DF_IALFS_LF_WAP_Q(1.0),I,LTU: Lithuania,LF_WAP: Labour force participation rate,PT_WAP_SUB: Percentage of working age population in the same subgroup,_Z: Not applicable,Y: Calendar and seasonally adjusted,F: Female,Y_GE15: 15 years or over,_Z: Not applicable,Q: Quarterly,2026-Q1,58.68903,,A: Normal value,0: Units,1: One
DATAFLOW,OECD.SDD.TPS:DSD_LFS@DF_IALFS_LF_WAP_Q(1.0),I,LUX: Luxembourg,LF_WAP: Labour force participation rate,PT_WAP_SUB: Percentage of working age population in the same subgroup,_Z: Not applicable,Y: Calendar and seasonally adjusted,F: Female,Y_GE15: 15 years or over,_Z: Not applicable,Q: Quarterly,2025-Q3,58.28983,,A: Normal value,0: Units,1: One
DATAFLOW,OECD.SDD.TPS:DSD_LFS@DF_IALFS_LF_WAP_Q(1.0),I,LUX: Luxembourg,LF_WAP: Labour force participation rate,PT_WAP_SUB: Percentage of working age population in the same subgroup,_Z: Not applicable,Y: Calendar and seasonally adjusted,F: Female,Y_GE15: 15 years or over,_Z: Not applicable,Q: Quarterly,2025-Q4,57.75118,,A: Normal value,0: Units,1: One
DATAFLOW,OECD.SDD.TPS:DSD_LFS@DF_IALFS_LF_WAP_Q(1.0),I,LUX: Luxembourg,LF_WAP: Labour force participation rate,PT_WAP_SUB: Percentage of working age population in the same subgroup,_Z: Not applicable,Y: Calendar and seasonally adjusted,F: Female,Y_GE15: 15 years or over,_Z: Not applicable,Q: Quarterly,2026-Q1,58.02761,,A: Normal value,0: Units,1: One
DATAFLOW,OECD.SDD.TPS:DSD_LFS@DF_IALFS_LF_WAP_Q(1.0),I,EST: Estonia,LF_WAP: Labour force participation rate,PT_WAP_SUB: Percentage of working age population in the same subgroup,_Z: Not applicable,Y: Calendar and seasonally adjusted,F: Female,Y_GE15: 15 years or over,_Z: Not applicable,Q: Quarterly,2025-Q3,62.60297,,A: Normal value,0: Units,1: One
DATAFLOW,OECD.SDD.TPS:DSD_LFS@DF_IALFS_LF_WAP_Q(1.0),I,EST: Estonia,LF_WAP: Labour force participation rate,PT_WAP_SUB: Percentage of working age population in the same subgroup,_Z: Not applicable,Y: Calendar and seasonally adjusted,F: Female,Y_GE15: 15 years or over,_Z: Not applicable,Q: Quarterly,2025-Q4,61.25844,,A: Normal value,0: Units,1: One
DATAFLOW,OECD.SDD.TPS:DSD_LFS@DF_IALFS_LF_WAP_Q(1.0),I,HRV: Croatia,LF_WAP: Labour force participation rate,PT_WAP_SUB: Percentage of working age population in the same subgroup,_Z: Not applicable,Y: Calendar and seasonally adjusted,F: Female,Y_GE15: 15 years or over,_Z: Not applicable,Q: Quarterly,2025-Q3,56.9681,,A: Normal value,0: Units,1: One
DATAFLOW,OECD.SDD.TPS:DSD_LFS@DF_IALFS_LF_WAP_Q(1.0),I,HRV: Croatia,LF_WAP: Labour force participation rate,PT_WAP_SUB: Percentage of working age population in the same subgroup,_Z: Not applicable,Y: Calendar and seasonally adjusted,F: Female,Y_GE15: 15 years or over,_Z: Not applicable,Q: Quarterly,2025-Q4,56.69657,,A: Normal value,0: Units,1: One
DATAFLOW,OECD.SDD.TPS:DSD_LFS@DF_IALFS_LF_WAP_Q(1.0),I,HRV: Croatia,LF_WAP: Labour force participation rate,PT_WAP_SUB: Percentage of working age population in the same subgroup,_Z: Not applicable,Y: Calendar and seasonally adjusted,F: Female,Y_GE15: 15 years or over,_Z: Not applicable,Q: Quarterly,2026-Q1,56.64742,,A: Normal value,0: Units,1: One
DATAFLOW,OECD.SDD.TPS:DSD_LFS@DF_IALFS_LF_WAP_Q(1.0),I,JPN: Japan,LF_WAP: Labour force participation rate,PT_WAP_SUB: Percentage of working age population in the same subgroup,_Z: Not applicable,Y: Calendar and seasonally adjusted,F: Female,Y_GE15: 15 years or over,_Z: Not applicable,Q: Quarterly,2025-Q3,56.60978,,A: Normal value,0: Units,1: One
DATAFLOW,OECD.SDD.TPS:DSD_LFS@DF_IALFS_LF_WAP_Q(1.0),I,JPN: Japan,LF_WAP: Labour force participation rate,PT_WAP_SUB: Percentage of working age population in the same subgroup,_Z: Not applicable,Y: Calendar and seasonally adjusted,F: Female,Y_GE15: 15 years or over,_Z: Not applicable,Q: Quarterly,2025-Q4,56.76183,,A: Normal value,0: Units,1: One
DATAFLOW,OECD.SDD.TPS:DSD_LFS@DF_IALFS_LF_WAP_Q(1.0),I,JPN: Japan,LF_WAP: Labour force participation rate,PT_WAP_SUB: Percentage of working age population in the same subgroup,_Z: Not applicable,Y: Calendar and seasonally adjusted,F: Female,Y_GE15: 15 years or over,_Z: Not applicable,Q: Quarterly,2026-Q1,56.47128,,A: Normal value,0: Units,1: One
DATAFLOW,OECD.SDD.TPS:DSD_LFS@DF_IALFS_LF_WAP_Q(1.0),I,USA: United States,LF_WAP: Labour force participation rate,PT_WAP_SUB: Percentage of working age population in the same subgroup,_Z: Not applicable,Y: Calendar and seasonally adjusted,F: Female,Y_GE15: 15 years or over,_Z: Not applicable,Q: Quarterly,2025-Q3,57.16667,,A: Normal value,0: Units,1: One
DATAFLOW,OECD.SDD.TPS:DSD_LFS@DF_IALFS_LF_WAP_Q(1.0),I,USA: United States,LF_WAP: Labour force participation rate,PT_WAP_SUB: Percentage of working age population in the same subgroup,_Z: Not applicable,Y: Calendar and seasonally adjusted,F: Female,Y_GE15: 15 years or over,_Z: Not applicable,Q: Quarterly,2026-Q1,57.16667,,A: Normal value,0: Units,1: One
DATAFLOW,OECD.SDD.TPS:DSD_LFS@DF_IALFS_LF_WAP_Q(1.0),I,USA: United States,LF_WAP: Labour force participation rate,PT_WAP_SUB: Percentage of working age population in the same subgroup,_Z: Not applicable,Y: Calendar and seasonally adjusted,M: Male,Y_GE15: 15 years or over,_Z: Not applicable,Q: Quarterly,2025-Q3,67.8,,A: Normal value,0: Units,1: One
DATAFLOW,OECD.SDD.TPS:DSD_LFS@DF_IALFS_LF_WAP_Q(1.0),I,USA: United States,LF_WAP: Labour force participation rate,PT_WAP_SUB: Percentage of working age population in the same subgroup,_Z: Not applicable,Y: Calendar and seasonally adjusted,M: Male,Y_GE15: 15 years or over,_Z: Not applicable,Q: Quarterly,2026-Q1,67.16666,,A: Normal value,0: Units,1: One
DATAFLOW,OECD.SDD.TPS:DSD_LFS@DF_IALFS_LF_WAP_Q(1.0),I,JPN: Japan,LF_WAP: Labour force participation rate,PT_WAP_SUB: Percentage of working age population in the same subgroup,_Z: Not applicable,Y: Calendar and seasonally adjusted,M: Male,Y_GE15: 15 years or over,_Z: Not applicable,Q: Quarterly,2025-Q3,71.67213,,A: Normal value,0: Units,1: One
DATAFLOW,OECD.SDD.TPS:DSD_LFS@DF_IALFS_LF_WAP_Q(1.0),I,JPN: Japan,LF_WAP: Labour force participation rate,PT_WAP_SUB: Percentage of working age population in the same subgroup,_Z: Not applicable,Y: Calendar and seasonally adjusted,M: Male,Y_GE15: 15 years or over,_Z: Not applicable,Q: Quarterly,2025-Q4,71.98591,,A: Normal value,0: Units,1: One
DATAFLOW,OECD.SDD.TPS:DSD_LFS@DF_IALFS_LF_WAP_Q(1.0),I,JPN: Japan,LF_WAP: Labour force participation rate,PT_WAP_SUB: Percentage of working age population in the same subgroup,_Z: Not applicable,Y: Calendar and seasonally adjusted,M: Male,Y_GE15: 15 years or over,_Z: Not applicable,Q: Quarterly,2026-Q1,71.95721,,A: Normal value,0: Units,1: One
DATAFLOW,OECD.SDD.TPS:DSD_LFS@DF_IALFS_LF_WAP_Q(1.0),I,CAN: Canada,LF_WAP: Labour force participation rate,PT_WAP_SUB: Percentage of working age population in the same subgroup,_Z: Not applicable,Y: Calendar and seasonally adjusted,M: Male,Y_GE15: 15 years or over,_Z: Not applicable,Q: Quarterly,2025-Q3,69.53333,,A: Normal value,0: Units,1: One
DATAFLOW,OECD.SDD.TPS:DSD_LFS@DF_IALFS_LF_WAP_Q(1.0),I,CAN: Canada,LF_WAP: Labour force participation rate,PT_WAP_SUB: Percentage of working age population in the same subgroup,_Z: Not applicable,Y: Calendar and seasonally adjusted,M: Male,Y_GE15: 15 years or over,_Z: Not applicable,Q: Quarterly,2025-Q4,69.43333,,A: Normal value,0: Units,1: One
DATAFLOW,OECD.SDD.TPS:DSD_LFS@DF_IALFS_LF_WAP_Q(1.0),I,CAN: Canada,LF_WAP: Labour force participation rate,PT_WAP_SUB: Percentage of working age population in the same subgroup,_Z: Not applicable,Y: Calendar and seasonally adjusted,M: Male,Y_GE15: 15 years or over,_Z: Not applicable,Q: Quarterly,2026-Q1,68.96667,,A: Normal value,0: Units,1: One
DATAFLOW,OECD.SDD.TPS:DSD_LFS@DF_IALFS_LF_WAP_Q(1.0),I,GBR: United Kingdom,LF_WAP: Labour force participation rate,PT_WAP_SUB: Percentage of working age population in the same subgroup,_Z: Not applicable,Y: Calendar and seasonally adjusted,M: Male,Y_GE15: 15 years or over,_Z: Not applicable,Q: Quarterly,2025-Q3,67.69045,,A: Normal value,0: Units,1: One
DATAFLOW,OECD.SDD.TPS:DSD_LFS@DF_IALFS_LF_WAP_Q(1.0),I,NZL: New Zealand,LF_WAP: Labour force participation rate,PT_WAP_SUB: Percentage of working age population in the same subgroup,_Z: Not applicable,Y: Calendar and seasonally adjusted,M: Male,Y_GE15: 15 years or over,_Z: Not applicable,Q: Quarterly,2025-Q3,74.5,,A: Normal value,0: Units,1: One
DATAFLOW,OECD.SDD.TPS:DSD_LFS@DF_IALFS_LF_WAP_Q(1.0),I,NZL: New Zealand,LF_WAP: Labour force participation rate,PT_WAP_SUB: Percentage of working age population in the same subgroup,_Z: Not applicable,Y: Calendar and seasonally adjusted,M: Male,Y_GE15: 15 years or over,_Z: Not applicable,Q: Quarterly,2025-Q4,74.3,,A: Normal value,0: Units,1: One
DATAFLOW,OECD.SDD.TPS:DSD_LFS@DF_IALFS_LF_WAP_Q(1.0),I,ITA: Italy,LF_WAP: Labour force participation rate,PT_WAP_SUB: Percentage of working age population in the same subgroup,_Z: Not applicable,Y: Calendar and seasonally adjusted,M: Male,Y_GE15: 15 years or over,_Z: Not applicable,Q: Quarterly,2025-Q3,58.58739,,A: Normal value,0: Units,1: One
DATAFLOW,OECD.SDD.TPS:DSD_LFS@DF_IALFS_LF_WAP_Q(1.0),I,ITA: Italy,LF_WAP: Labour force participation rate,PT_WAP_SUB: Percentage of working age population in the same subgroup,_Z: Not applicable,Y: Calendar and seasonally adjusted,M: Male,Y_GE15: 15 years or over,_Z: Not applicable,Q: Quarterly,2025-Q4,58.34635,,A: Normal value,0: Units,1: One
DATAFLOW,OECD.SDD.TPS:DSD_LFS@DF_IALFS_LF_WAP_Q(1.0),I,ITA: Italy,LF_WAP: Labour force participation rate,PT_WAP_SUB: Percentage of working age population in the same subgroup,_Z: Not applicable,Y: Calendar and seasonally adjusted,M: Male,Y_GE15: 15 years or over,_Z: Not applicable,Q: Quarterly,2026-Q1,58.11239,,A: Normal value,0: Units,1: One
DATAFLOW,OECD.SDD.TPS:DSD_LFS@DF_IALFS_LF_WAP_Q(1.0),I,PRT: Portugal,LF_WAP: Labour force participation rate,PT_WAP_SUB: Percentage of working age population in the same subgroup,_Z: Not applicable,Y: Calendar and seasonally adjusted,M: Male,Y_GE15: 15 years or over,_Z: Not applicable,Q: Quarterly,2025-Q3,63.73857,,A: Normal value,0: Units,1: One
DATAFLOW,OECD.SDD.TPS:DSD_LFS@DF_IALFS_LF_WAP_Q(1.0),I,PRT: Portugal,LF_WAP: Labour force participation rate,PT_WAP_SUB: Percentage of working age population in the same subgroup,_Z: Not applicable,Y: Calendar and seasonally adjusted,M: Male,Y_GE15: 15 years or over,_Z: Not applicable,Q: Quarterly,2025-Q4,63.52498,,A: Normal value,0: Units,1: One
DATAFLOW,OECD.SDD.TPS:DSD_LFS@DF_IALFS_LF_WAP_Q(1.0),I,PRT: Portugal,LF_WAP: Labour force participation rate,PT_WAP_SUB: Percentage of working age population in the same subgroup,_Z: Not applicable,Y: Calendar and seasonally adjusted,M: Male,Y_GE15: 15 years or over,_Z: Not applicable,Q: Quarterly,2026-Q1,63.7226,,A: Normal value,0: Units,1: One
DATAFLOW,OECD.SDD.TPS:DSD_LFS@DF_IALFS_LF_WAP_Q(1.0),I,GRC: Greece,LF_WAP: Labour force participation rate,PT_WAP_SUB: Percentage of working age population in the same subgroup,_Z: Not applicable,Y: Calendar and seasonally adjusted,M: Male,Y_GE15: 15 years or over,_Z: Not applicable,Q: Quarterly,2025-Q3,60.57949,,A: Normal value,0: Units,1: One
DATAFLOW,OECD.SDD.TPS:DSD_LFS@DF_IALFS_LF_WAP_Q(1.0),I,GRC: Greece,LF_WAP: Labour force participation rate,PT_WAP_SUB: Percentage of working age population in the same subgroup,_Z: Not applicable,Y: Calendar and seasonally adjusted,M: Male,Y_GE15: 15 years or over,_Z: Not applicable,Q: Quarterly,2025-Q4,60.58095,,A: Normal value,0: Units,1: One
DATAFLOW,OECD.SDD.TPS:DSD_LFS@DF_IALFS_LF_WAP_Q(1.0),I,GRC: Greece,LF_WAP: Labour force participation rate,PT_WAP_SUB: Percentage of working age population in the same subgroup,_Z: Not applicable,Y: Calendar and seasonally adjusted,M: Male,Y_GE15: 15 years or over,_Z: Not applicable,Q: Quarterly,2026-Q1,61.08352,,A: Normal value,0: Units,1: One
DATAFLOW,OECD.SDD.TPS:DSD_LFS@DF_IALFS_LF_WAP_Q(1.0),I,ROU: Romania,LF_WAP: Labour force participation rate,PT_WAP_SUB: Percentage of working age population in the same subgroup,_Z: Not applicable,Y: Calendar and seasonally adjusted,M: Male,Y_GE15: 15 years or over,_Z: Not applicable,Q: Quarterly,2025-Q3,61.72964,,A: Normal value,0: Units,1: One
DATAFLOW,OECD.SDD.TPS:DSD_LFS@DF_IALFS_LF_WAP_Q(1.0),I,ROU: Romania,LF_WAP: Labour force participation rate,PT_WAP_SUB: Percentage of working age population in the same subgroup,_Z: Not applicable,Y: Calendar and seasonally adjusted,M: Male,Y_GE15: 15 years or over,_Z: Not applicable,Q: Quarterly,2025-Q4,61.46712,,A: Normal value,0: Units,1: One
DATAFLOW,OECD.SDD.TPS:DSD_LFS@DF_IALFS_LF_WAP_Q(1.0),I,ROU: Romania,LF_WAP: Labour force participation rate,PT_WAP_SUB: Percentage of working age population in the same subgroup,_Z: Not applicable,Y: Calendar and seasonally adjusted,M: Male,Y_GE15: 15 years or over,_Z: Not applicable,Q: Quarterly,2026-Q1,61.5007,,A: Normal value,0: Units,1: One
DATAFLOW,OECD.SDD.TPS:DSD_LFS@DF_IALFS_LF_WAP_Q(1.0),I,HUN: Hungary,LF_WAP: Labour force participation rate,PT_WAP_SUB: Percentage of working age population in the same subgroup,_Z: Not applicable,Y: Calendar and seasonally adjusted,M: Male,Y_GE15: 15 years or over,_Z: Not applicable,Q: Quarterly,2025-Q3,68.19453,,A: Normal value,0: Units,1: One
DATAFLOW,OECD.SDD.TPS:DSD_LFS@DF_IALFS_LF_WAP_Q(1.0),I,HUN: Hungary,LF_WAP: Labour force participation rate,PT_WAP_SUB: Percentage of working age population in the same subgroup,_Z: Not applicable,Y: Calendar and seasonally adjusted,M: Male,Y_GE15: 15 years or over,_Z: Not applicable,Q: Quarterly,2025-Q4,68.01761,,A: Normal value,0: Units,1: One
DATAFLOW,OECD.SDD.TPS:DSD_LFS@DF_IALFS_LF_WAP_Q(1.0),I,HUN: Hungary,LF_WAP: Labour force participation rate,PT_WAP_SUB: Percentage of working age population in the same subgroup,_Z: Not applicable,Y: Calendar and seasonally adjusted,M: Male,Y_GE15: 15 years or over,_Z: Not applicable,Q: Quarterly,2026-Q1,68.22199,,A: Normal value,0: Units,1: One
DATAFLOW,OECD.SDD.TPS:DSD_LFS@DF_IALFS_LF_WAP_Q(1.0),I,SVK: Slovak Republic,LF_WAP: Labour force participation rate,PT_WAP_SUB: Percentage of working age population in the same subgroup,_Z: Not applicable,Y: Calendar and seasonally adjusted,M: Male,Y_GE15: 15 years or over,_Z: Not applicable,Q: Quarterly,2025-Q3,67.04,,A: Normal value,0: Units,1: One
DATAFLOW,OECD.SDD.TPS:DSD_LFS@DF_IALFS_LF_WAP_Q(1.0),I,SVK: Slovak Republic,LF_WAP: Labour force participation rate,PT_WAP_SUB: Percentage of working age population in the same subgroup,_Z: Not applicable,Y: Calendar and seasonally adjusted,M: Male,Y_GE15: 15 years or over,_Z: Not applicable,Q: Quarterly,2025-Q4,67.47501,,A: Normal value,0: Units,1: One
DATAFLOW,OECD.SDD.TPS:DSD_LFS@DF_IALFS_LF_WAP_Q(1.0),I,SVK: Slovak Republic,LF_WAP: Labour force participation rate,PT_WAP_SUB: Percentage of working age population in the same subgroup,_Z: Not applicable,Y: Calendar and seasonally adjusted,M: Male,Y_GE15: 15 years or over,_Z: Not applicable,Q: Quarterly,2026-Q1,67.3082,,A: Normal value,0: Units,1: One
DATAFLOW,OECD.SDD.TPS:DSD_LFS@DF_IALFS_LF_WAP_Q(1.0),I,SVN: Slovenia,LF_WAP: Labour force participation rate,PT_WAP_SUB: Percentage of working age population in the same subgroup,_Z: Not applicable,Y: Calendar and seasonally adjusted,M: Male,Y_GE15: 15 years or over,_Z: Not applicable,Q: Quarterly,2025-Q3,62.98626,,A: Normal value,0: Units,1: One
DATAFLOW,OECD.SDD.TPS:DSD_LFS@DF_IALFS_LF_WAP_Q(1.0),I,SVN: Slovenia,LF_WAP: Labour force participation rate,PT_WAP_SUB: Percentage of working age population in the same subgroup,_Z: Not applicable,Y: Calendar and seasonally adjusted,M: Male,Y_GE15: 15 years or over,_Z: Not applicable,Q: Quarterly,2025-Q4,62.144,,A: Normal value,0: Units,1: One
DATAFLOW,OECD.SDD.TPS:DSD_LFS@DF_IALFS_LF_WAP_Q(1.0),I,SVN: Slovenia,LF_WAP: Labour force participation rate,PT_WAP_SUB: Percentage of working age population in the same subgroup,_Z: Not applicable,Y: Calendar and seasonally adjusted,M: Male,Y_GE15: 15 years or over,_Z: Not applicable,Q: Quarterly,2026-Q1,62.05221,,A: Normal value,0: Units,1: One
DATAFLOW,OECD.SDD.TPS:DSD_LFS@DF_IALFS_LF_WAP_Q(1.0),I,IRL: Ireland,LF_WAP: Labour force participation rate,PT_WAP_SUB: Percentage of working age population in the same subgroup,_Z: Not applicable,Y: Calendar and seasonally adjusted,M: Male,Y_GE15: 15 years or over,_Z: Not applicable,Q: Quarterly,2025-Q3,71.05608,,A: Normal value,0: Units,1: One
DATAFLOW,OECD.SDD.TPS:DSD_LFS@DF_IALFS_LF_WAP_Q(1.0),I,IRL: Ireland,LF_WAP: Labour force participation rate,PT_WAP_SUB: Percentage of working age population in the same subgroup,_Z: Not applicable,Y: Calendar and seasonally adjusted,M: Male,Y_GE15: 15 years or over,_Z: Not applicable,Q: Quarterly,2025-Q4,71.13994,,A: Normal value,0: Units,1: One
DATAFLOW,OECD.SDD.TPS:DSD_LFS@DF_IALFS_LF_WAP_Q(1.0),I,IRL: Ireland,LF_WAP: Labour force participation rate,PT_WAP_SUB: Percentage of working age population in the same subgroup,_Z: Not applicable,Y: Calendar and seasonally adjusted,M: Male,Y_GE15: 15 years or over,_Z: Not applicable,Q: Quarterly,2026-Q1,70.69503,,A: Normal value,0: Units,1: One
DATAFLOW,OECD.SDD.TPS:DSD_LFS@DF_IALFS_LF_WAP_Q(1.0),I,KOR: Korea,LF_WAP: Labour force participation rate,PT_WAP_SUB: Percentage of working age population in the same subgroup,_Z: Not applicable,Y: Calendar and seasonally adjusted,M: Male,Y_GE15: 15 years or over,_Z: Not applicable,Q: Quarterly,2025-Q3,72.65058,,A: Normal value,0: Units,1: One
DATAFLOW,OECD.SDD.TPS:DSD_LFS@DF_IALFS_LF_WAP_Q(1.0),I,KOR: Korea,LF_WAP: Labour force participation rate,PT_WAP_SUB: Percentage of working age population in the same subgroup,_Z: Not applicable,Y: Calendar and seasonally adjusted,M: Male,Y_GE15: 15 years or over,_Z: Not applicable,Q: Quarterly,2025-Q4,72.6157,,A: Normal value,0: Units,1: One
DATAFLOW,OECD.SDD.TPS:DSD_LFS@DF_IALFS_LF_WAP_Q(1.0),I,KOR: Korea,LF_WAP: Labour force participation rate,PT_WAP_SUB: Percentage of working age population in the same subgroup,_Z: Not applicable,Y: Calendar and seasonally adjusted,M: Male,Y_GE15: 15 years or over,_Z: Not applicable,Q: Quarterly,2026-Q1,72.49429,,A: Normal value,0: Units,1: One
DATAFLOW,OECD.SDD.TPS:DSD_LFS@DF_IALFS_LF_WAP_Q(1.0),I,NLD: Netherlands,LF_WAP: Labour force participation rate,PT_WAP_SUB: Percentage of working age population in the same subgroup,_Z: Not applicable,Y: Calendar and seasonally adjusted,M: Male,Y_GE15: 15 years or over,_Z: Not applicable,Q: Quarterly,2025-Q3,73.02076,,A: Normal value,0: Units,1: One
DATAFLOW,OECD.SDD.TPS:DSD_LFS@DF_IALFS_LF_WAP_Q(1.0),I,NLD: Netherlands,LF_WAP: Labour force participation rate,PT_WAP_SUB: Percentage of working age population in the same subgroup,_Z: Not applicable,Y: Calendar and seasonally adjusted,M: Male,Y_GE15: 15 years or over,_Z: Not applicable,Q: Quarterly,2025-Q4,73.03228,,A: Normal value,0: Units,1: One
DATAFLOW,OECD.SDD.TPS:DSD_LFS@DF_IALFS_LF_WAP_Q(1.0),I,NLD: Netherlands,LF_WAP: Labour force participation rate,PT_WAP_SUB: Percentage of working age population in the same subgroup,_Z: Not applicable,Y: Calendar and seasonally adjusted,M: Male,Y_GE15: 15 years or over,_Z: Not applicable,Q: Quarterly,2026-Q1,72.93525,,A: Normal value,0: Units,1: One
DATAFLOW,OECD.SDD.TPS:DSD_LFS@DF_IALFS_LF_WAP_Q(1.0),I,NOR: Norway,LF_WAP: Labour force participation rate,PT_WAP_SUB: Percentage of working age population in the same subgroup,_Z: Not applicable,Y: Calendar and seasonally adjusted,M: Male,Y_GE15: 15 years or over,_Z: Not applicable,Q: Quarterly,2025-Q3,69.45628,,A: Normal value,0: Units,1: One
DATAFLOW,OECD.SDD.TPS:DSD_LFS@DF_IALFS_LF_WAP_Q(1.0),I,NOR: Norway,LF_WAP: Labour force participation rate,PT_WAP_SUB: Percentage of working age population in the same subgroup,_Z: Not applicable,Y: Calendar and seasonally adjusted,M: Male,Y_GE15: 15 years or over,_Z: Not applicable,Q: Quarterly,2025-Q4,69.30258,,A: Normal value,0: Units,1: One
DATAFLOW,OECD.SDD.TPS:DSD_LFS@DF_IALFS_LF_WAP_Q(1.0),I,NOR: Norway,LF_WAP: Labour force participation rate,PT_WAP_SUB: Percentage of working age population in the same subgroup,_Z: Not applicable,Y: Calendar and seasonally adjusted,M: Male,Y_GE15: 15 years or over,_Z: Not applicable,Q: Quarterly,2026-Q1,69.04215,,A: Normal value,0: Units,1: One
DATAFLOW,OECD.SDD.TPS:DSD_LFS@DF_IALFS_LF_WAP_Q(1.0),I,POL: Poland,LF_WAP: Labour force participation rate,PT_WAP_SUB: Percentage of working age population in the same subgroup,_Z: Not applicable,Y: Calendar and seasonally adjusted,M: Male,Y_GE15: 15 years or over,_Z: Not applicable,Q: Quarterly,2025-Q3,65.28436,,A: Normal value,0: Units,1: One
DATAFLOW,OECD.SDD.TPS:DSD_LFS@DF_IALFS_LF_WAP_Q(1.0),I,POL: Poland,LF_WAP: Labour force participation rate,PT_WAP_SUB: Percentage of working age population in the same subgroup,_Z: Not applicable,Y: Calendar and seasonally adjusted,M: Male,Y_GE15: 15 years or over,_Z: Not applicable,Q: Quarterly,2025-Q4,65.31824,,A: Normal value,0: Units,1: One
DATAFLOW,OECD.SDD.TPS:DSD_LFS@DF_IALFS_LF_WAP_Q(1.0),I,POL: Poland,LF_WAP: Labour force participation rate,PT_WAP_SUB: Percentage of working age population in the same subgroup,_Z: Not applicable,Y: Calendar and seasonally adjusted,M: Male,Y_GE15: 15 years or over,_Z: Not applicable,Q: Quarterly,2026-Q1,65.17545,,A: Normal value,0: Units,1: One
DATAFLOW,OECD.SDD.TPS:DSD_LFS@DF_IALFS_LF_WAP_Q(1.0),I,SWE: Sweden,LF_WAP: Labour force participation rate,PT_WAP_SUB: Percentage of working age population in the same subgroup,_Z: Not applicable,Y: Calendar and seasonally adjusted,M: Male,Y_GE15: 15 years or over,_Z: Not applicable,Q: Quarterly,2025-Q3,70.36008,,A: Normal value,0: Units,1: One
DATAFLOW,OECD.SDD.TPS:DSD_LFS@DF_IALFS_LF_WAP_Q(1.0),I,SWE: Sweden,LF_WAP: Labour force participation rate,PT_WAP_SUB: Percentage of working age population in the same subgroup,_Z: Not applicable,Y: Calendar and seasonally adjusted,M: Male,Y_GE15: 15 years or over,_Z: Not applicable,Q: Quarterly,2025-Q4,70.37021,,A: Normal value,0: Units,1: One
DATAFLOW,OECD.SDD.TPS:DSD_LFS@DF_IALFS_LF_WAP_Q(1.0),I,SWE: Sweden,LF_WAP: Labour force participation rate,PT_WAP_SUB: Percentage of working age population in the same subgroup,_Z: Not applicable,Y: Calendar and seasonally adjusted,M: Male,Y_GE15: 15 years or over,_Z: Not applicable,Q: Quarterly,2026-Q1,70.27431,,A: Normal value,0: Units,1: One
DATAFLOW,OECD.SDD.TPS:DSD_LFS@DF_IALFS_LF_WAP_Q(1.0),I,LVA: Latvia,LF_WAP: Labour force participation rate,PT_WAP_SUB: Percentage of working age population in the same subgroup,_Z: Not applicable,Y: Calendar and seasonally adjusted,M: Male,Y_GE15: 15 years or over,_Z: Not applicable,Q: Quarterly,2025-Q3,67.93459,,A: Normal value,0: Units,1: One
DATAFLOW,OECD.SDD.TPS:DSD_LFS@DF_IALFS_LF_WAP_Q(1.0),I,LVA: Latvia,LF_WAP: Labour force participation rate,PT_WAP_SUB: Percentage of working age population in the same subgroup,_Z: Not applicable,Y: Calendar and seasonally adjusted,M: Male,Y_GE15: 15 years or over,_Z: Not applicable,Q: Quarterly,2025-Q4,67.24201,,A: Normal value,0: Units,1: One
DATAFLOW,OECD.SDD.TPS:DSD_LFS@DF_IALFS_LF_WAP_Q(1.0),I,LVA: Latvia,LF_WAP: Labour force participation rate,PT_WAP_SUB: Percentage of working age population in the same subgroup,_Z: Not applicable,Y: Calendar and seasonally adjusted,M: Male,Y_GE15: 15 years or over,_Z: Not applicable,Q: Quarterly,2026-Q1,65.75122,,A: Normal value,0: Units,1: One
DATAFLOW,OECD.SDD.TPS:DSD_LFS@DF_IALFS_LF_WAP_Q(1.0),I,HRV: Croatia,LF_WAP: Labour force participation rate,PT_WAP_SUB: Percentage of working age population in the same subgroup,_Z: Not applicable,Y: Calendar and seasonally adjusted,M: Male,Y_GE15: 15 years or over,_Z: Not applicable,Q: Quarterly,2025-Q3,59.0406,,A: Normal value,0: Units,1: One
DATAFLOW,OECD.SDD.TPS:DSD_LFS@DF_IALFS_LF_WAP_Q(1.0),I,HRV: Croatia,LF_WAP: Labour force participation rate,PT_WAP_SUB: Percentage of working age population in the same subgroup,_Z: Not applicable,Y: Calendar and seasonally adjusted,M: Male,Y_GE15: 15 years or over,_Z: Not applicable,Q: Quarterly,2025-Q4,59.29514,,A: Normal value,0: Units,1: One
DATAFLOW,OECD.SDD.TPS:DSD_LFS@DF_IALFS_LF_WAP_Q(1.0),I,HRV: Croatia,LF_WAP: Labour force participation rate,PT_WAP_SUB: Percentage of working age population in the same subgroup,_Z: Not applicable,Y: Calendar and seasonally adjusted,M: Male,Y_GE15: 15 years or over,_Z: Not applicable,Q: Quarterly,2026-Q1,59.4332,,A: Normal value,0: Units,1: One
DATAFLOW,OECD.SDD.TPS:DSD_LFS@DF_IALFS_LF_WAP_Q(1.0),I,ISL: Iceland,LF_WAP: Labour force participation rate,PT_WAP_SUB: Percentage of working age population in the same subgroup,_Z: Not applicable,Y: Calendar and seasonally adjusted,M: Male,Y_GE15: 15 years or over,_Z: Not applicable,Q: Quarterly,2025-Q3,79.34942,,A: Normal value,0: Units,1: One
DATAFLOW,OECD.SDD.TPS:DSD_LFS@DF_IALFS_LF_WAP_Q(1.0),I,ISL: Iceland,LF_WAP: Labour force participation rate,PT_WAP_SUB: Percentage of working age population in the same subgroup,_Z: Not applicable,Y: Calendar and seasonally adjusted,M: Male,Y_GE15: 15 years or over,_Z: Not applicable,Q: Quarterly,2025-Q4,79.23359,,A: Normal value,0: Units,1: One
DATAFLOW,OECD.SDD.TPS:DSD_LFS@DF_IALFS_LF_WAP_Q(1.0),I,LTU: Lithuania,LF_WAP: Labour force participation rate,PT_WAP_SUB: Percentage of working age population in the same subgroup,_Z: Not applicable,Y: Calendar and seasonally adjusted,M: Male,Y_GE15: 15 years or over,_Z: Not applicable,Q: Quarterly,2025-Q3,68.59057,,A: Normal value,0: Units,1: One
DATAFLOW,OECD.SDD.TPS:DSD_LFS@DF_IALFS_LF_WAP_Q(1.0),I,LTU: Lithuania,LF_WAP: Labour force participation rate,PT_WAP_SUB: Percentage of working age population in the same subgroup,_Z: Not applicable,Y: Calendar and seasonally adjusted,M: Male,Y_GE15: 15 years or over,_Z: Not applicable,Q: Quarterly,2025-Q4,67.44283,,A: Normal value,0: Units,1: One
DATAFLOW,OECD.SDD.TPS:DSD_LFS@DF_IALFS_LF_WAP_Q(1.0),I,LTU: Lithuania,LF_WAP: Labour force participation rate,PT_WAP_SUB: Percentage of working age population in the same subgroup,_Z: Not applicable,Y: Calendar and seasonally adjusted,M: Male,Y_GE15: 15 years or over,_Z: Not applicable,Q: Quarterly,2026-Q1,68.71021,,A: Normal value,0: Units,1: One
DATAFLOW,OECD.SDD.TPS:DSD_LFS@DF_IALFS_LF_WAP_Q(1.0),I,LUX: Luxembourg,LF_WAP: Labour force participation rate,PT_WAP_SUB: Percentage of working age population in the same subgroup,_Z: Not applicable,Y: Calendar and seasonally adjusted,M: Male,Y_GE15: 15 years or over,_Z: Not applicable,Q: Quarterly,2025-Q3,66.07836,,A: Normal value,0: Units,1: One
DATAFLOW,OECD.SDD.TPS:DSD_LFS@DF_IALFS_LF_WAP_Q(1.0),I,LUX: Luxembourg,LF_WAP: Labour force participation rate,PT_WAP_SUB: Percentage of working age population in the same subgroup,_Z: Not applicable,Y: Calendar and seasonally adjusted,M: Male,Y_GE15: 15 years or over,_Z: Not applicable,Q: Quarterly,2025-Q4,65.73747,,A: Normal value,0: Units,1: One
DATAFLOW,OECD.SDD.TPS:DSD_LFS@DF_IALFS_LF_WAP_Q(1.0),I,LUX: Luxembourg,LF_WAP: Labour force participation rate,PT_WAP_SUB: Percentage of working age population in the same subgroup,_Z: Not applicable,Y: Calendar and seasonally adjusted,M: Male,Y_GE15: 15 years or over,_Z: Not applicable,Q: Quarterly,2026-Q1,65.43939,,A: Normal value,0: Units,1: One
DATAFLOW,OECD.SDD.TPS:DSD_LFS@DF_IALFS_LF_WAP_Q(1.0),I,LUX: Luxembourg,LF_WAP: Labour force participation rate,PT_WAP_SUB: Percentage of working age population in the same subgroup,_Z: Not applicable,Y: Calendar and seasonally adjusted,_T: Total,Y_GE15: 15 years or over,_Z: Not applicable,Q: Quarterly,2025-Q3,62.20172,,A: Normal value,0: Units,1: One
DATAFLOW,OECD.SDD.TPS:DSD_LFS@DF_IALFS_LF_WAP_Q(1.0),I,LUX: Luxembourg,LF_WAP: Labour force participation rate,PT_WAP_SUB: Percentage of working age population in the same subgroup,_Z: Not applicable,Y: Calendar and seasonally adjusted,_T: Total,Y_GE15: 15 years or over,_Z: Not applicable,Q: Quarterly,2025-Q4,61.75324,,A: Normal value,0: Units,1: One
DATAFLOW,OECD.SDD.TPS:DSD_LFS@DF_IALFS_LF_WAP_Q(1.0),I,LUX: Luxembourg,LF_WAP: Labour force participation rate,PT_WAP_SUB: Percentage of working age population in the same subgroup,_Z: Not applicable,Y: Calendar and seasonally adjusted,_T: Total,Y_GE15: 15 years or over,_Z: Not applicable,Q: Quarterly,2026-Q1,61.75569,,A: Normal value,0: Units,1: One
DATAFLOW,OECD.SDD.TPS:DSD_LFS@DF_IALFS_LF_WAP_Q(1.0),I,LTU: Lithuania,LF_WAP: Labour force participation rate,PT_WAP_SUB: Percentage of working age population in the same subgroup,_Z: Not applicable,Y: Calendar and seasonally adjusted,_T: Total,Y_GE15: 15 years or over,_Z: Not applicable,Q: Quarterly,2025-Q3,63.5684,,A: Normal value,0: Units,1: One
DATAFLOW,OECD.SDD.TPS:DSD_LFS@DF_IALFS_LF_WAP_Q(1.0),I,LTU: Lithuania,LF_WAP: Labour force participation rate,PT_WAP_SUB: Percentage of working age population in the same subgroup,_Z: Not applicable,Y: Calendar and seasonally adjusted,_T: Total,Y_GE15: 15 years or over,_Z: Not applicable,Q: Quarterly,2025-Q4,62.62565,,A: Normal value,0: Units,1: One
DATAFLOW,OECD.SDD.TPS:DSD_LFS@DF_IALFS_LF_WAP_Q(1.0),I,LTU: Lithuania,LF_WAP: Labour force participation rate,PT_WAP_SUB: Percentage of working age population in the same subgroup,_Z: Not applicable,Y: Calendar and seasonally adjusted,_T: Total,Y_GE15: 15 years or over,_Z: Not applicable,Q: Quarterly,2026-Q1,63.39146,,A: Normal value,0: Units,1: One
DATAFLOW,OECD.SDD.TPS:DSD_LFS@DF_IALFS_LF_WAP_Q(1.0),I,ISL: Iceland,LF_WAP: Labour force participation rate,PT_WAP_SUB: Percentage of working age population in the same subgroup,_Z: Not applicable,Y: Calendar and seasonally adjusted,_T: Total,Y_GE15: 15 years or over,_Z: Not applicable,Q: Quarterly,2025-Q3,75.71999,,A: Normal value,0: Units,1: One
DATAFLOW,OECD.SDD.TPS:DSD_LFS@DF_IALFS_LF_WAP_Q(1.0),I,ISL: Iceland,LF_WAP: Labour force participation rate,PT_WAP_SUB: Percentage of working age population in the same subgroup,_Z: Not applicable,Y: Calendar and seasonally adjusted,_T: Total,Y_GE15: 15 years or over,_Z: Not applicable,Q: Quarterly,2025-Q4,75.80943,,A: Normal value,0: Units,1: One
DATAFLOW,OECD.SDD.TPS:DSD_LFS@DF_IALFS_LF_WAP_Q(1.0),I,HRV: Croatia,LF_WAP: Labour force participation rate,PT_WAP_SUB: Percentage of working age population in the same subgroup,_Z: Not applicable,Y: Calendar and seasonally adjusted,_T: Total,Y_GE15: 15 years or over,_Z: Not applicable,Q: Quarterly,2025-Q3,54.20391,,A: Normal value,0: Units,1: One
DATAFLOW,OECD.SDD.TPS:DSD_LFS@DF_IALFS_LF_WAP_Q(1.0),I,HRV: Croatia,LF_WAP: Labour force participation rate,PT_WAP_SUB: Percentage of working age population in the same subgroup,_Z: Not applicable,Y: Calendar and seasonally adjusted,_T: Total,Y_GE15: 15 years or over,_Z: Not applicable,Q: Quarterly,2025-Q4,54.10887,,A: Normal value,0: Units,1: One
DATAFLOW,OECD.SDD.TPS:DSD_LFS@DF_IALFS_LF_WAP_Q(1.0),I,HRV: Croatia,LF_WAP: Labour force participation rate,PT_WAP_SUB: Percentage of working age population in the same subgroup,_Z: Not applicable,Y: Calendar and seasonally adjusted,_T: Total,Y_GE15: 15 years or over,_Z: Not applicable,Q: Quarterly,2026-Q1,54.15052,,A: Normal value,0: Units,1: One
DATAFLOW,OECD.SDD.TPS:DSD_LFS@DF_IALFS_LF_WAP_Q(1.0),I,LVA: Latvia,LF_WAP: Labour force participation rate,PT_WAP_SUB: Percentage of working age population in the same subgroup,_Z: Not applicable,Y: Calendar and seasonally adjusted,_T: Total,Y_GE15: 15 years or over,_Z: Not applicable,Q: Quarterly,2025-Q3,61.944,,A: Normal value,0: Units,1: One
DATAFLOW,OECD.SDD.TPS:DSD_LFS@DF_IALFS_LF_WAP_Q(1.0),I,LVA: Latvia,LF_WAP: Labour force participation rate,PT_WAP_SUB: Percentage of working age population in the same subgroup,_Z: Not applicable,Y: Calendar and seasonally adjusted,_T: Total,Y_GE15: 15 years or over,_Z: Not applicable,Q: Quarterly,2025-Q4,61.76022,,A: Normal value,0: Units,1: One
DATAFLOW,OECD.SDD.TPS:DSD_LFS@DF_IALFS_LF_WAP_Q(1.0),I,LVA: Latvia,LF_WAP: Labour force participation rate,PT_WAP_SUB: Percentage of working age population in the same subgroup,_Z: Not applicable,Y: Calendar and seasonally adjusted,_T: Total,Y_GE15: 15 years or over,_Z: Not applicable,Q: Quarterly,2026-Q1,61.22322,,A: Normal value,0: Units,1: One
DATAFLOW,OECD.SDD.TPS:DSD_LFS@DF_IALFS_LF_WAP_Q(1.0),I,SWE: Sweden,LF_WAP: Labour force participation rate,PT_WAP_SUB: Percentage of working age population in the same subgroup,_Z: Not applicable,Y: Calendar and seasonally adjusted,_T: Total,Y_GE15: 15 years or over,_Z: Not applicable,Q: Quarterly,2025-Q3,67.40256,,A: Normal value,0: Units,1: One
DATAFLOW,OECD.SDD.TPS:DSD_LFS@DF_IALFS_LF_WAP_Q(1.0),I,SWE: Sweden,LF_WAP: Labour force participation rate,PT_WAP_SUB: Percentage of working age population in the same subgroup,_Z: Not applicable,Y: Calendar and seasonally adjusted,_T: Total,Y_GE15: 15 years or over,_Z: Not applicable,Q: Quarterly,2025-Q4,67.70302,,A: Normal value,0: Units,1: One
DATAFLOW,OECD.SDD.TPS:DSD_LFS@DF_IALFS_LF_WAP_Q(1.0),I,SWE: Sweden,LF_WAP: Labour force participation rate,PT_WAP_SUB: Percentage of working age population in the same subgroup,_Z: Not applicable,Y: Calendar and seasonally adjusted,_T: Total,Y_GE15: 15 years or over,_Z: Not applicable,Q: Quarterly,2026-Q1,67.61951,,A: Normal value,0: Units,1: One
DATAFLOW,OECD.SDD.TPS:DSD_LFS@DF_IALFS_LF_WAP_Q(1.0),I,POL: Poland,LF_WAP: Labour force participation rate,PT_WAP_SUB: Percentage of working age population in the same subgroup,_Z: Not applicable,Y: Calendar and seasonally adjusted,_T: Total,Y_GE15: 15 years or over,_Z: Not applicable,Q: Quarterly,2025-Q3,58.15474,,A: Normal value,0: Units,1: One
DATAFLOW,OECD.SDD.TPS:DSD_LFS@DF_IALFS_LF_WAP_Q(1.0),I,POL: Poland,LF_WAP: Labour force participation rate,PT_WAP_SUB: Percentage of working age population in the same subgroup,_Z: Not applicable,Y: Calendar and seasonally adjusted,_T: Total,Y_GE15: 15 years or over,_Z: Not applicable,Q: Quarterly,2025-Q4,58.25957,,A: Normal value,0: Units,1: One
DATAFLOW,OECD.SDD.TPS:DSD_LFS@DF_IALFS_LF_WAP_Q(1.0),I,POL: Poland,LF_WAP: Labour force participation rate,PT_WAP_SUB: Percentage of working age population in the same subgroup,_Z: Not applicable,Y: Calendar and seasonally adjusted,_T: Total,Y_GE15: 15 years or over,_Z: Not applicable,Q: Quarterly,2026-Q1,58.31754,,A: Normal value,0: Units,1: One
DATAFLOW,OECD.SDD.TPS:DSD_LFS@DF_IALFS_LF_WAP_Q(1.0),I,NOR: Norway,LF_WAP: Labour force participation rate,PT_WAP_SUB: Percentage of working age population in the same subgroup,_Z: Not applicable,Y: Calendar and seasonally adjusted,_T: Total,Y_GE15: 15 years or over,_Z: Not applicable,Q: Quarterly,2025-Q3,65.62463,,A: Normal value,0: Units,1: One
DATAFLOW,OECD.SDD.TPS:DSD_LFS@DF_IALFS_LF_WAP_Q(1.0),I,NOR: Norway,LF_WAP: Labour force participation rate,PT_WAP_SUB: Percentage of working age population in the same subgroup,_Z: Not applicable,Y: Calendar and seasonally adjusted,_T: Total,Y_GE15: 15 years or over,_Z: Not applicable,Q: Quarterly,2025-Q4,65.2465,,A: Normal value,0: Units,1: One
DATAFLOW,OECD.SDD.TPS:DSD_LFS@DF_IALFS_LF_WAP_Q(1.0),I,NOR: Norway,LF_WAP: Labour force participation rate,PT_WAP_SUB: Percentage of working age population in the same subgroup,_Z: Not applicable,Y: Calendar and seasonally adjusted,_T: Total,Y_GE15: 15 years or over,_Z: Not applicable,Q: Quarterly,2026-Q1,65.31714,,A: Normal value,0: Units,1: One
DATAFLOW,OECD.SDD.TPS:DSD_LFS@DF_IALFS_LF_WAP_Q(1.0),I,NLD: Netherlands,LF_WAP: Labour force participation rate,PT_WAP_SUB: Percentage of working age population in the same subgroup,_Z: Not applicable,Y: Calendar and seasonally adjusted,_T: Total,Y_GE15: 15 years or over,_Z: Not applicable,Q: Quarterly,2025-Q3,68.69608,,A: Normal value,0: Units,1: One
DATAFLOW,OECD.SDD.TPS:DSD_LFS@DF_IALFS_LF_WAP_Q(1.0),I,NLD: Netherlands,LF_WAP: Labour force participation rate,PT_WAP_SUB: Percentage of working age population in the same subgroup,_Z: Not applicable,Y: Calendar and seasonally adjusted,_T: Total,Y_GE15: 15 years or over,_Z: Not applicable,Q: Quarterly,2025-Q4,68.66541,,A: Normal value,0: Units,1: One
DATAFLOW,OECD.SDD.TPS:DSD_LFS@DF_IALFS_LF_WAP_Q(1.0),I,NLD: Netherlands,LF_WAP: Labour force participation rate,PT_WAP_SUB: Percentage of working age population in the same subgroup,_Z: Not applicable,Y: Calendar and seasonally adjusted,_T: Total,Y_GE15: 15 years or over,_Z: Not applicable,Q: Quarterly,2026-Q1,68.57883,,A: Normal value,0: Units,1: One
DATAFLOW,OECD.SDD.TPS:DSD_LFS@DF_IALFS_LF_WAP_Q(1.0),I,KOR: Korea,LF_WAP: Labour force participation rate,PT_WAP_SUB: Percentage of working age population in the same subgroup,_Z: Not applicable,Y: Calendar and seasonally adjusted,_T: Total,Y_GE15: 15 years or over,_Z: Not applicable,Q: Quarterly,2025-Q3,64.64418,,A: Normal value,0: Units,1: One
DATAFLOW,OECD.SDD.TPS:DSD_LFS@DF_IALFS_LF_WAP_Q(1.0),I,KOR: Korea,LF_WAP: Labour force participation rate,PT_WAP_SUB: Percentage of working age population in the same subgroup,_Z: Not applicable,Y: Calendar and seasonally adjusted,_T: Total,Y_GE15: 15 years or over,_Z: Not applicable,Q: Quarterly,2025-Q4,64.69597,,A: Normal value,0: Units,1: One
DATAFLOW,OECD.SDD.TPS:DSD_LFS@DF_IALFS_LF_WAP_Q(1.0),I,KOR: Korea,LF_WAP: Labour force participation rate,PT_WAP_SUB: Percentage of working age population in the same subgroup,_Z: Not applicable,Y: Calendar and seasonally adjusted,_T: Total,Y_GE15: 15 years or over,_Z: Not applicable,Q: Quarterly,2026-Q1,64.80219,,A: Normal value,0: Units,1: One
DATAFLOW,OECD.SDD.TPS:DSD_LFS@DF_IALFS_LF_WAP_Q(1.0),I,IRL: Ireland,LF_WAP: Labour force participation rate,PT_WAP_SUB: Percentage of working age population in the same subgroup,_Z: Not applicable,Y: Calendar and seasonally adjusted,_T: Total,Y_GE15: 15 years or over,_Z: Not applicable,Q: Quarterly,2025-Q3,66.01419,,A: Normal value,0: Units,1: One
DATAFLOW,OECD.SDD.TPS:DSD_LFS@DF_IALFS_LF_WAP_Q(1.0),I,IRL: Ireland,LF_WAP: Labour force participation rate,PT_WAP_SUB: Percentage of working age population in the same subgroup,_Z: Not applicable,Y: Calendar and seasonally adjusted,_T: Total,Y_GE15: 15 years or over,_Z: Not applicable,Q: Quarterly,2025-Q4,66.01973,,A: Normal value,0: Units,1: One
DATAFLOW,OECD.SDD.TPS:DSD_LFS@DF_IALFS_LF_WAP_Q(1.0),I,IRL: Ireland,LF_WAP: Labour force participation rate,PT_WAP_SUB: Percentage of working age population in the same subgroup,_Z: Not applicable,Y: Calendar and seasonally adjusted,_T: Total,Y_GE15: 15 years or over,_Z: Not applicable,Q: Quarterly,2026-Q1,65.70608,,A: Normal value,0: Units,1: One
DATAFLOW,OECD.SDD.TPS:DSD_LFS@DF_IALFS_LF_WAP_Q(1.0),I,SVN: Slovenia,LF_WAP: Labour force participation rate,PT_WAP_SUB: Percentage of working age population in the same subgroup,_Z: Not applicable,Y: Calendar and seasonally adjusted,_T: Total,Y_GE15: 15 years or over,_Z: Not applicable,Q: Quarterly,2025-Q3,58.82918,,A: Normal value,0: Units,1: One
DATAFLOW,OECD.SDD.TPS:DSD_LFS@DF_IALFS_LF_WAP_Q(1.0),I,SVN: Slovenia,LF_WAP: Labour force participation rate,PT_WAP_SUB: Percentage of working age population in the same subgroup,_Z: Not applicable,Y: Calendar and seasonally adjusted,_T: Total,Y_GE15: 15 years or over,_Z: Not applicable,Q: Quarterly,2025-Q4,58.47918,,A: Normal value,0: Units,1: One
DATAFLOW,OECD.SDD.TPS:DSD_LFS@DF_IALFS_LF_WAP_Q(1.0),I,SVN: Slovenia,LF_WAP: Labour force participation rate,PT_WAP_SUB: Percentage of working age population in the same subgroup,_Z: Not applicable,Y: Calendar and seasonally adjusted,_T: Total,Y_GE15: 15 years or over,_Z: Not applicable,Q: Quarterly,2026-Q1,58.16375,,A: Normal value,0: Units,1: One
DATAFLOW,OECD.SDD.TPS:DSD_LFS@DF_IALFS_LF_WAP_Q(1.0),I,SVK: Slovak Republic,LF_WAP: Labour force participation rate,PT_WAP_SUB: Percentage of working age population in the same subgroup,_Z: Not applicable,Y: Calendar and seasonally adjusted,_T: Total,Y_GE15: 15 years or over,_Z: Not applicable,Q: Quarterly,2025-Q3,61.08576,,A: Normal value,0: Units,1: One
DATAFLOW,OECD.SDD.TPS:DSD_LFS@DF_IALFS_LF_WAP_Q(1.0),I,SVK: Slovak Republic,LF_WAP: Labour force participation rate,PT_WAP_SUB: Percentage of working age population in the same subgroup,_Z: Not applicable,Y: Calendar and seasonally adjusted,_T: Total,Y_GE15: 15 years or over,_Z: Not applicable,Q: Quarterly,2025-Q4,61.25034,,A: Normal value,0: Units,1: One
DATAFLOW,OECD.SDD.TPS:DSD_LFS@DF_IALFS_LF_WAP_Q(1.0),I,SVK: Slovak Republic,LF_WAP: Labour force participation rate,PT_WAP_SUB: Percentage of working age population in the same subgroup,_Z: Not applicable,Y: Calendar and seasonally adjusted,_T: Total,Y_GE15: 15 years or over,_Z: Not applicable,Q: Quarterly,2026-Q1,61.10013,,A: Normal value,0: Units,1: One
DATAFLOW,OECD.SDD.TPS:DSD_LFS@DF_IALFS_LF_WAP_Q(1.0),I,HUN: Hungary,LF_WAP: Labour force participation rate,PT_WAP_SUB: Percentage of working age population in the same subgroup,_Z: Not applicable,Y: Calendar and seasonally adjusted,_T: Total,Y_GE15: 15 years or over,_Z: Not applicable,Q: Quarterly,2025-Q3,61.54815,,A: Normal value,0: Units,1: One
DATAFLOW,OECD.SDD.TPS:DSD_LFS@DF_IALFS_LF_WAP_Q(1.0),I,HUN: Hungary,LF_WAP: Labour force participation rate,PT_WAP_SUB: Percentage of working age population in the same subgroup,_Z: Not applicable,Y: Calendar and seasonally adjusted,_T: Total,Y_GE15: 15 years or over,_Z: Not applicable,Q: Quarterly,2025-Q4,61.244,,A: Normal value,0: Units,1: One
DATAFLOW,OECD.SDD.TPS:DSD_LFS@DF_IALFS_LF_WAP_Q(1.0),I,HUN: Hungary,LF_WAP: Labour force participation rate,PT_WAP_SUB: Percentage of working age population in the same subgroup,_Z: Not applicable,Y: Calendar and seasonally adjusted,_T: Total,Y_GE15: 15 years or over,_Z: Not applicable,Q: Quarterly,2026-Q1,61.41565,,A: Normal value,0: Units,1: One
DATAFLOW,OECD.SDD.TPS:DSD_LFS@DF_IALFS_LF_WAP_Q(1.0),I,ROU: Romania,LF_WAP: Labour force participation rate,PT_WAP_SUB: Percentage of working age population in the same subgroup,_Z: Not applicable,Y: Calendar and seasonally adjusted,_T: Total,Y_GE15: 15 years or over,_Z: Not applicable,Q: Quarterly,2025-Q3,51.53606,,A: Normal value,0: Units,1: One
DATAFLOW,OECD.SDD.TPS:DSD_LFS@DF_IALFS_LF_WAP_Q(1.0),I,ROU: Romania,LF_WAP: Labour force participation rate,PT_WAP_SUB: Percentage of working age population in the same subgroup,_Z: Not applicable,Y: Calendar and seasonally adjusted,_T: Total,Y_GE15: 15 years or over,_Z: Not applicable,Q: Quarterly,2025-Q4,51.39536,,A: Normal value,0: Units,1: One
DATAFLOW,OECD.SDD.TPS:DSD_LFS@DF_IALFS_LF_WAP_Q(1.0),I,ROU: Romania,LF_WAP: Labour force participation rate,PT_WAP_SUB: Percentage of working age population in the same subgroup,_Z: Not applicable,Y: Calendar and seasonally adjusted,_T: Total,Y_GE15: 15 years or over,_Z: Not applicable,Q: Quarterly,2026-Q1,51.41373,,A: Normal value,0: Units,1: One
DATAFLOW,OECD.SDD.TPS:DSD_LFS@DF_IALFS_LF_WAP_Q(1.0),I,GRC: Greece,LF_WAP: Labour force participation rate,PT_WAP_SUB: Percentage of working age population in the same subgroup,_Z: Not applicable,Y: Calendar and seasonally adjusted,_T: Total,Y_GE15: 15 years or over,_Z: Not applicable,Q: Quarterly,2025-Q3,52.9257,,A: Normal value,0: Units,1: One
DATAFLOW,OECD.SDD.TPS:DSD_LFS@DF_IALFS_LF_WAP_Q(1.0),I,GRC: Greece,LF_WAP: Labour force participation rate,PT_WAP_SUB: Percentage of working age population in the same subgroup,_Z: Not applicable,Y: Calendar and seasonally adjusted,_T: Total,Y_GE15: 15 years or over,_Z: Not applicable,Q: Quarterly,2025-Q4,53.03284,,A: Normal value,0: Units,1: One
DATAFLOW,OECD.SDD.TPS:DSD_LFS@DF_IALFS_LF_WAP_Q(1.0),I,GRC: Greece,LF_WAP: Labour force participation rate,PT_WAP_SUB: Percentage of working age population in the same subgroup,_Z: Not applicable,Y: Calendar and seasonally adjusted,_T: Total,Y_GE15: 15 years or over,_Z: Not applicable,Q: Quarterly,2026-Q1,53.71312,,A: Normal value,0: Units,1: One
DATAFLOW,OECD.SDD.TPS:DSD_LFS@DF_IALFS_LF_WAP_Q(1.0),I,PRT: Portugal,LF_WAP: Labour force participation rate,PT_WAP_SUB: Percentage of working age population in the same subgroup,_Z: Not applicable,Y: Calendar and seasonally adjusted,_T: Total,Y_GE15: 15 years or over,_Z: Not applicable,Q: Quarterly,2025-Q3,59.66727,,A: Normal value,0: Units,1: One
DATAFLOW,OECD.SDD.TPS:DSD_LFS@DF_IALFS_LF_WAP_Q(1.0),I,PRT: Portugal,LF_WAP: Labour force participation rate,PT_WAP_SUB: Percentage of working age population in the same subgroup,_Z: Not applicable,Y: Calendar and seasonally adjusted,_T: Total,Y_GE15: 15 years or over,_Z: Not applicable,Q: Quarterly,2025-Q4,59.58803,,A: Normal value,0: Units,1: One
DATAFLOW,OECD.SDD.TPS:DSD_LFS@DF_IALFS_LF_WAP_Q(1.0),I,PRT: Portugal,LF_WAP: Labour force participation rate,PT_WAP_SUB: Percentage of working age population in the same subgroup,_Z: Not applicable,Y: Calendar and seasonally adjusted,_T: Total,Y_GE15: 15 years or over,_Z: Not applicable,Q: Quarterly,2026-Q1,59.62365,,A: Normal value,0: Units,1: One
DATAFLOW,OECD.SDD.TPS:DSD_LFS@DF_IALFS_LF_WAP_Q(1.0),I,ITA: Italy,LF_WAP: Labour force participation rate,PT_WAP_SUB: Percentage of working age population in the same subgroup,_Z: Not applicable,Y: Calendar and seasonally adjusted,_T: Total,Y_GE15: 15 years or over,_Z: Not applicable,Q: Quarterly,2025-Q3,49.83023,,A: Normal value,0: Units,1: One
DATAFLOW,OECD.SDD.TPS:DSD_LFS@DF_IALFS_LF_WAP_Q(1.0),I,ITA: Italy,LF_WAP: Labour force participation rate,PT_WAP_SUB: Percentage of working age population in the same subgroup,_Z: Not applicable,Y: Calendar and seasonally adjusted,_T: Total,Y_GE15: 15 years or over,_Z: Not applicable,Q: Quarterly,2025-Q4,49.51712,,A: Normal value,0: Units,1: One
DATAFLOW,OECD.SDD.TPS:DSD_LFS@DF_IALFS_LF_WAP_Q(1.0),I,ITA: Italy,LF_WAP: Labour force participation rate,PT_WAP_SUB: Percentage of working age population in the same subgroup,_Z: Not applicable,Y: Calendar and seasonally adjusted,_T: Total,Y_GE15: 15 years or over,_Z: Not applicable,Q: Quarterly,2026-Q1,49.45769,,A: Normal value,0: Units,1: One
DATAFLOW,OECD.SDD.TPS:DSD_LFS@DF_IALFS_LF_WAP_Q(1.0),I,NZL: New Zealand,LF_WAP: Labour force participation rate,PT_WAP_SUB: Percentage of working age population in the same subgroup,_Z: Not applicable,Y: Calendar and seasonally adjusted,_T: Total,Y_GE15: 15 years or over,_Z: Not applicable,Q: Quarterly,2025-Q3,70.3,,A: Normal value,0: Units,1: One
DATAFLOW,OECD.SDD.TPS:DSD_LFS@DF_IALFS_LF_WAP_Q(1.0),I,NZL: New Zealand,LF_WAP: Labour force participation rate,PT_WAP_SUB: Percentage of working age population in the same subgroup,_Z: Not applicable,Y: Calendar and seasonally adjusted,_T: Total,Y_GE15: 15 years or over,_Z: Not applicable,Q: Quarterly,2025-Q4,70.5,,A: Normal value,0: Units,1: One
DATAFLOW,OECD.SDD.TPS:DSD_LFS@DF_IALFS_LF_WAP_Q(1.0),I,NZL: New Zealand,LF_WAP: Labour force participation rate,PT_WAP_SUB: Percentage of working age population in the same subgroup,_Z: Not applicable,Y: Calendar and seasonally adjusted,_T: Total,Y_GE15: 15 years or over,_Z: Not applicable,Q: Quarterly,2026-Q1,70.4,,A: Normal value,0: Units,1: One
DATAFLOW,OECD.SDD.TPS:DSD_LFS@DF_IALFS_LF_WAP_Q(1.0),I,CAN: Canada,LF_WAP: Labour force participation rate,PT_WAP_SUB: Percentage of working age population in the same subgroup,_Z: Not applicable,Y: Calendar and seasonally adjusted,_T: Total,Y_GE15: 15 years or over,_Z: Not applicable,Q: Quarterly,2025-Q3,65.16666,,A: Normal value,0: Units,1: One
DATAFLOW,OECD.SDD.TPS:DSD_LFS@DF_IALFS_LF_WAP_Q(1.0),I,CAN: Canada,LF_WAP: Labour force participation rate,PT_WAP_SUB: Percentage of working age population in the same subgroup,_Z: Not applicable,Y: Calendar and seasonally adjusted,_T: Total,Y_GE15: 15 years or over,_Z: Not applicable,Q: Quarterly,2025-Q4,65.26667,,A: Normal value,0: Units,1: One
DATAFLOW,OECD.SDD.TPS:DSD_LFS@DF_IALFS_LF_WAP_Q(1.0),I,CAN: Canada,LF_WAP: Labour force participation rate,PT_WAP_SUB: Percentage of working age population in the same subgroup,_Z: Not applicable,Y: Calendar and seasonally adjusted,_T: Total,Y_GE15: 15 years or over,_Z: Not applicable,Q: Quarterly,2026-Q1,64.93333,,A: Normal value,0: Units,1: One
DATAFLOW,OECD.SDD.TPS:DSD_LFS@DF_IALFS_LF_WAP_Q(1.0),I,JPN: Japan,LF_WAP: Labour force participation rate,PT_WAP_SUB: Percentage of working age population in the same subgroup,_Z: Not applicable,Y: Calendar and seasonally adjusted,_T: Total,Y_GE15: 15 years or over,_Z: Not applicable,Q: Quarterly,2025-Q3,63.89016,,A: Normal value,0: Units,1: One
DATAFLOW,OECD.SDD.TPS:DSD_LFS@DF_IALFS_LF_WAP_Q(1.0),I,JPN: Japan,LF_WAP: Labour force participation rate,PT_WAP_SUB: Percentage of working age population in the same subgroup,_Z: Not applicable,Y: Calendar and seasonally adjusted,_T: Total,Y_GE15: 15 years or over,_Z: Not applicable,Q: Quarterly,2025-Q4,64.12191,,A: Normal value,0: Units,1: One
DATAFLOW,OECD.SDD.TPS:DSD_LFS@DF_IALFS_LF_WAP_Q(1.0),I,JPN: Japan,LF_WAP: Labour force participation rate,PT_WAP_SUB: Percentage of working age population in the same subgroup,_Z: Not applicable,Y: Calendar and seasonally adjusted,_T: Total,Y_GE15: 15 years or over,_Z: Not applicable,Q: Quarterly,2026-Q1,63.96081,,A: Normal value,0: Units,1: One
DATAFLOW,OECD.SDD.TPS:DSD_LFS@DF_IALFS_LF_WAP_Q(1.0),I,USA: United States,LF_WAP: Labour force participation rate,PT_WAP_SUB: Percentage of working age population in the same subgroup,_Z: Not applicable,Y: Calendar and seasonally adjusted,_T: Total,Y_GE15: 15 years or over,_Z: Not applicable,Q: Quarterly,2025-Q3,62.33333,,A: Normal value,0: Units,1: One
DATAFLOW,OECD.SDD.TPS:DSD_LFS@DF_IALFS_LF_WAP_Q(1.0),I,USA: United States,LF_WAP: Labour force participation rate,PT_WAP_SUB: Percentage of working age population in the same subgroup,_Z: Not applicable,Y: Calendar and seasonally adjusted,_T: Total,Y_GE15: 15 years or over,_Z: Not applicable,Q: Quarterly,2026-Q1,62,,A: Normal value,0: Units,1: One
DATAFLOW,OECD.SDD.TPS:DSD_LFS@DF_IALFS_LF_WAP_Q(1.0),I,OECD: OECD,LF_WAP: Labour force participation rate,PT_WAP_SUB: Percentage of working age population in the same subgroup,_Z: Not applicable,Y: Calendar and seasonally adjusted,_T: Total,Y_GE15: 15 years or over,_Z: Not applicable,Q: Quarterly,2025-Q3,61.00763,,E: Estimated value,0: Units,1: One
DATAFLOW,OECD.SDD.TPS:DSD_LFS@DF_IALFS_LF_WAP_Q(1.0),I,OECD: OECD,LF_WAP: Labour force participation rate,PT_WAP_SUB: Percentage of working age population in the same subgroup,_Z: Not applicable,Y: Calendar and seasonally adjusted,_T: Total,Y_GE15: 15 years or over,_Z: Not applicable,Q: Quarterly,2026-Q1,60.88399,,E: Estimated value,0: Units,1: One
DATAFLOW,OECD.SDD.TPS:DSD_LFS@DF_IALFS_LF_WAP_Q(1.0),I,OECD: OECD,LF_WAP: Labour force participation rate,PT_WAP_SUB: Percentage of working age population in the same subgroup,_Z: Not applicable,Y: Calendar and seasonally adjusted,F: Female,Y_GE15: 15 years or over,_Z: Not applicable,Q: Quarterly,2025-Q3,53.89108,,E: Estimated value,0: Units,1: One
DATAFLOW,OECD.SDD.TPS:DSD_LFS@DF_IALFS_LF_WAP_Q(1.0),I,OECD: OECD,LF_WAP: Labour force participation rate,PT_WAP_SUB: Percentage of working age population in the same subgroup,_Z: Not applicable,Y: Calendar and seasonally adjusted,F: Female,Y_GE15: 15 years or over,_Z: Not applicable,Q: Quarterly,2026-Q1,53.90393,,E: Estimated value,0: Units,1: One
DATAFLOW,OECD.SDD.TPS:DSD_LFS@DF_IALFS_LF_WAP_Q(1.0),I,OECD: OECD,LF_WAP: Labour force participation rate,PT_WAP_SUB: Percentage of working age population in the same subgroup,_Z: Not applicable,Y: Calendar and seasonally adjusted,M: Male,Y_GE15: 15 years or over,_Z: Not applicable,Q: Quarterly,2025-Q3,68.53775,,E: Estimated value,0: Units,1: One
DATAFLOW,OECD.SDD.TPS:DSD_LFS@DF_IALFS_LF_WAP_Q(1.0),I,OECD: OECD,LF_WAP: Labour force participation rate,PT_WAP_SUB: Percentage of working age population in the same subgroup,_Z: Not applicable,Y: Calendar and seasonally adjusted,M: Male,Y_GE15: 15 years or over,_Z: Not applicable,Q: Quarterly,2026-Q1,68.30299,,E: Estimated value,0: Units,1: One
DATAFLOW,OECD.SDD.TPS:DSD_LFS@DF_IALFS_LF_WAP_Q(1.0),I,DEU: Germany,LF_WAP: Labour force participation rate,PT_WAP_SUB: Percentage of working age population in the same subgroup,_Z: Not applicable,Y: Calendar and seasonally adjusted,M: Male,Y_GE15: 15 years or over,_Z: Not applicable,Q: Quarterly,2025-Q3,66.56499,,E: Estimated value,0: Units,1: One
DATAFLOW,OECD.SDD.TPS:DSD_LFS@DF_IALFS_LF_WAP_Q(1.0),I,DEU: Germany,LF_WAP: Labour force participation rate,PT_WAP_SUB: Percentage of working age population in the same subgroup,_Z: Not applicable,Y: Calendar and seasonally adjusted,M: Male,Y_GE15: 15 years or over,_Z: Not applicable,Q: Quarterly,2025-Q4,66.82446,,E: Estimated value,0: Units,1: One
DATAFLOW,OECD.SDD.TPS:DSD_LFS@DF_IALFS_LF_WAP_Q(1.0),I,DEU: Germany,LF_WAP: Labour force participation rate,PT_WAP_SUB: Percentage of working age population in the same subgroup,_Z: Not applicable,Y: Calendar and seasonally adjusted,M: Male,Y_GE15: 15 years or over,_Z: Not applicable,Q: Quarterly,2026-Q1,66.9202,,E: Estimated value,0: Units,1: One
DATAFLOW,OECD.SDD.TPS:DSD_LFS@DF_IALFS_LF_WAP_Q(1.0),I,DEU: Germany,LF_WAP: Labour force participation rate,PT_WAP_SUB: Percentage of working age population in the same subgroup,_Z: Not applicable,Y: Calendar and seasonally adjusted,M: Male,Y_GE15: 15 years or over,_Z: Not applicable,Q: Quarterly,2026-Q2,66.36911,,E: Estimated value,0: Units,1: One
DATAFLOW,OECD.SDD.TPS:DSD_LFS@DF_IALFS_LF_WAP_Q(1.0),I,DEU: Germany,LF_WAP: Labour force participation rate,PT_WAP_SUB: Percentage of working age population in the same subgroup,_Z: Not applicable,Y: Calendar and seasonally adjusted,_T: Total,Y_GE15: 15 years or over,_Z: Not applicable,Q: Quarterly,2025-Q3,61.69339,,E: Estimated value,0: Units,1: One
DATAFLOW,OECD.SDD.TPS:DSD_LFS@DF_IALFS_LF_WAP_Q(1.0),I,DEU: Germany,LF_WAP: Labour force participation rate,PT_WAP_SUB: Percentage of working age population in the same subgroup,_Z: Not applicable,Y: Calendar and seasonally adjusted,_T: Total,Y_GE15: 15 years or over,_Z: Not applicable,Q: Quarterly,2025-Q4,61.86829,,E: Estimated value,0: Units,1: One
DATAFLOW,OECD.SDD.TPS:DSD_LFS@DF_IALFS_LF_WAP_Q(1.0),I,DEU: Germany,LF_WAP: Labour force participation rate,PT_WAP_SUB: Percentage of working age population in the same subgroup,_Z: Not applicable,Y: Calendar and seasonally adjusted,_T: Total,Y_GE15: 15 years or over,_Z: Not applicable,Q: Quarterly,2026-Q1,61.98491,,E: Estimated value,0: Units,1: One
DATAFLOW,OECD.SDD.TPS:DSD_LFS@DF_IALFS_LF_WAP_Q(1.0),I,DEU: Germany,LF_WAP: Labour force participation rate,PT_WAP_SUB: Percentage of working age population in the same subgroup,_Z: Not applicable,Y: Calendar and seasonally adjusted,_T: Total,Y_GE15: 15 years or over,_Z: Not applicable,Q: Quarterly,2026-Q2,61.47702,,E: Estimated value,0: Units,1: One
DATAFLOW,OECD.SDD.TPS:DSD_LFS@DF_IALFS_LF_WAP_Q(1.0),I,DEU: Germany,LF_WAP: Labour force participation rate,PT_WAP_SUB: Percentage of working age population in the same subgroup,_Z: Not applicable,Y: Calendar and seasonally adjusted,F: Female,Y_GE15: 15 years or over,_Z: Not applicable,Q: Quarterly,2025-Q3,56.98679,,E: Estimated value,0: Units,1: One
DATAFLOW,OECD.SDD.TPS:DSD_LFS@DF_IALFS_LF_WAP_Q(1.0),I,DEU: Germany,LF_WAP: Labour force participation rate,PT_WAP_SUB: Percentage of working age population in the same subgroup,_Z: Not applicable,Y: Calendar and seasonally adjusted,F: Female,Y_GE15: 15 years or over,_Z: Not applicable,Q: Quarterly,2025-Q4,57.08329,,E: Estimated value,0: Units,1: One
DATAFLOW,OECD.SDD.TPS:DSD_LFS@DF_IALFS_LF_WAP_Q(1.0),I,DEU: Germany,LF_WAP: Labour force participation rate,PT_WAP_SUB: Percentage of working age population in the same subgroup,_Z: Not applicable,Y: Calendar and seasonally adjusted,F: Female,Y_GE15: 15 years or over,_Z: Not applicable,Q: Quarterly,2026-Q1,57.22471,,E: Estimated value,0: Units,1: One
DATAFLOW,OECD.SDD.TPS:DSD_LFS@DF_IALFS_LF_WAP_Q(1.0),I,DEU: Germany,LF_WAP: Labour force participation rate,PT_WAP_SUB: Percentage of working age population in the same subgroup,_Z: Not applicable,Y: Calendar and seasonally adjusted,F: Female,Y_GE15: 15 years or over,_Z: Not applicable,Q: Quarterly,2026-Q2,56.76068,,E: Estimated value,0: Units,1: One
DATAFLOW,OECD.SDD.TPS:DSD_LFS@DF_IALFS_LF_WAP_Q(1.0),I,CRI: Costa Rica,LF_WAP: Labour force participation rate,PT_WAP_SUB: Percentage of working age population in the same subgroup,_Z: Not applicable,Y: Calendar and seasonally adjusted,F: Female,Y_GE15: 15 years or over,_Z: Not applicable,Q: Quarterly,2025-Q3,42.19005,,A: Normal value,0: Units,1: One
DATAFLOW,OECD.SDD.TPS:DSD_LFS@DF_IALFS_LF_WAP_Q(1.0),I,CRI: Costa Rica,LF_WAP: Labour force participation rate,PT_WAP_SUB: Percentage of working age population in the same subgroup,_Z: Not applicable,Y: Calendar and seasonally adjusted,F: Female,Y_GE15: 15 years or over,_Z: Not applicable,Q: Quarterly,2025-Q4,42.49193,,A: Normal value,0: Units,1: One
DATAFLOW,OECD.SDD.TPS:DSD_LFS@DF_IALFS_LF_WAP_Q(1.0),I,CRI: Costa Rica,LF_WAP: Labour force participation rate,PT_WAP_SUB: Percentage of working age population in the same subgroup,_Z: Not applicable,Y: Calendar and seasonally adjusted,F: Female,Y_GE15: 15 years or over,_Z: Not applicable,Q: Quarterly,2026-Q1,42.3959,,A: Normal value,0: Units,1: One
DATAFLOW,OECD.SDD.TPS:DSD_LFS@DF_IALFS_LF_WAP_Q(1.0),I,CRI: Costa Rica,LF_WAP: Labour force participation rate,PT_WAP_SUB: Percentage of working age population in the same subgroup,_Z: Not applicable,Y: Calendar and seasonally adjusted,F: Female,Y_GE15: 15 years or over,_Z: Not applicable,Q: Quarterly,2026-Q2,43.18335,,A: Normal value,0: Units,1: One
DATAFLOW,OECD.SDD.TPS:DSD_LFS@DF_IALFS_LF_WAP_Q(1.0),I,CRI: Costa Rica,LF_WAP: Labour force participation rate,PT_WAP_SUB: Percentage of working age population in the same subgroup,_Z: Not applicable,Y: Calendar and seasonally adjusted,_T: Total,Y_GE15: 15 years or over,_Z: Not applicable,Q: Quarterly,2025-Q3,54.84489,,A: Normal value,0: Units,1: One
DATAFLOW,OECD.SDD.TPS:DSD_LFS@DF_IALFS_LF_WAP_Q(1.0),I,CRI: Costa Rica,LF_WAP: Labour force participation rate,PT_WAP_SUB: Percentage of working age population in the same subgroup,_Z: Not applicable,Y: Calendar and seasonally adjusted,_T: Total,Y_GE15: 15 years or over,_Z: Not applicable,Q: Quarterly,2025-Q4,54.05652,,A: Normal value,0: Units,1: One
DATAFLOW,OECD.SDD.TPS:DSD_LFS@DF_IALFS_LF_WAP_Q(1.0),I,CRI: Costa Rica,LF_WAP: Labour force participation rate,PT_WAP_SUB: Percentage of working age population in the same subgroup,_Z: Not applicable,Y: Calendar and seasonally adjusted,_T: Total,Y_GE15: 15 years or over,_Z: Not applicable,Q: Quarterly,2026-Q1,54.41304,,A: Normal value,0: Units,1: One
DATAFLOW,OECD.SDD.TPS:DSD_LFS@DF_IALFS_LF_WAP_Q(1.0),I,CRI: Costa Rica,LF_WAP: Labour force participation rate,PT_WAP_SUB: Percentage of working age population in the same subgroup,_Z: Not applicable,Y: Calendar and seasonally adjusted,_T: Total,Y_GE15: 15 years or over,_Z: Not applicable,Q: Quarterly,2026-Q2,54.93289,,A: Normal value,0: Units,1: One
DATAFLOW,OECD.SDD.TPS:DSD_LFS@DF_IALFS_LF_WAP_Q(1.0),I,CRI: Costa Rica,LF_WAP: Labour force participation rate,PT_WAP_SUB: Percentage of working age population in the same subgroup,_Z: Not applicable,Y: Calendar and seasonally adjusted,M: Male,Y_GE15: 15 years or over,_Z: Not applicable,Q: Quarterly,2025-Q3,67.41498,,A: Normal value,0: Units,1: One
DATAFLOW,OECD.SDD.TPS:DSD_LFS@DF_IALFS_LF_WAP_Q(1.0),I,CRI: Costa Rica,LF_WAP: Labour force participation rate,PT_WAP_SUB: Percentage of working age population in the same subgroup,_Z: Not applicable,Y: Calendar and seasonally adjusted,M: Male,Y_GE15: 15 years or over,_Z: Not applicable,Q: Quarterly,2025-Q4,65.57523,,A: Normal value,0: Units,1: One
DATAFLOW,OECD.SDD.TPS:DSD_LFS@DF_IALFS_LF_WAP_Q(1.0),I,CRI: Costa Rica,LF_WAP: Labour force participation rate,PT_WAP_SUB: Percentage of working age population in the same subgroup,_Z: Not applicable,Y: Calendar and seasonally adjusted,M: Male,Y_GE15: 15 years or over,_Z: Not applicable,Q: Quarterly,2026-Q1,66.41677,,A: Normal value,0: Units,1: One
DATAFLOW,OECD.SDD.TPS:DSD_LFS@DF_IALFS_LF_WAP_Q(1.0),I,CRI: Costa Rica,LF_WAP: Labour force participation rate,PT_WAP_SUB: Percentage of working age population in the same subgroup,_Z: Not applicable,Y: Calendar and seasonally adjusted,M: Male,Y_GE15: 15 years or over,_Z: Not applicable,Q: Quarterly,2026-Q2,66.72393,,A: Normal value,0: Units,1: One
DATAFLOW,OECD.SDD.TPS:DSD_LFS@DF_IALFS_LF_WAP_Q(1.0),I,CAN: Canada,LF_WAP: Labour force participation rate,PT_WAP_SUB: Percentage of working age population in the same subgroup,_Z: Not applicable,Y: Calendar and seasonally adjusted,F: Female,Y_GE15: 15 years or over,_Z: Not applicable,Q: Quarterly,2026-Q2,61.1,,A: Normal value,0: Units,1: One
DATAFLOW,OECD.SDD.TPS:DSD_LFS@DF_IALFS_LF_WAP_Q(1.0),I,CAN: Canada,LF_WAP: Labour force participation rate,PT_WAP_SUB: Percentage of working age population in the same subgroup,_Z: Not applicable,Y: Calendar and seasonally adjusted,M: Male,Y_GE15: 15 years or over,_Z: Not applicable,Q: Quarterly,2026-Q2,68.96667,,A: Normal value,0: Units,1: One
DATAFLOW,OECD.SDD.TPS:DSD_LFS@DF_IALFS_LF_WAP_Q(1.0),I,CAN: Canada,LF_WAP: Labour force participation rate,PT_WAP_SUB: Percentage of working age population in the same subgroup,_Z: Not applicable,Y: Calendar and seasonally adjusted,_T: Total,Y_GE15: 15 years or over,_Z: Not applicable,Q: Quarterly,2026-Q2,65,,A: Normal value,0: Units,1: One
DATAFLOW,OECD.SDD.TPS:DSD_LFS@DF_IALFS_LF_WAP_Q(1.0),I,ISR: Israel,LF_WAP: Labour force participation rate,PT_WAP_SUB: Percentage of working age population in the same subgroup,_Z: Not applicable,Y: Calendar and seasonally adjusted,F: Female,Y_GE15: 15 years or over,_Z: Not applicable,Q: Quarterly,2025-Q3,59.36331,,A: Normal value,0: Units,1: One
DATAFLOW,OECD.SDD.TPS:DSD_LFS@DF_IALFS_LF_WAP_Q(1.0),I,ISR: Israel,LF_WAP: Labour force participation rate,PT_WAP_SUB: Percentage of working age population in the same subgroup,_Z: Not applicable,Y: Calendar and seasonally adjusted,_T: Total,Y_GE15: 15 years or over,_Z: Not applicable,Q: Quarterly,2025-Q3,62.39466,,A: Normal value,0: Units,1: One
DATAFLOW,OECD.SDD.TPS:DSD_LFS@DF_IALFS_LF_WAP_Q(1.0),I,ISR: Israel,LF_WAP: Labour force participation rate,PT_WAP_SUB: Percentage of working age population in the same subgroup,_Z: Not applicable,Y: Calendar and seasonally adjusted,M: Male,Y_GE15: 15 years or over,_Z: Not applicable,Q: Quarterly,2025-Q3,65.5647,,A: Normal value,0: Units,1: One
DATAFLOW,OECD.SDD.TPS:DSD_LFS@DF_IALFS_LF_WAP_Q(1.0),I,ISR: Israel,LF_WAP: Labour force participation rate,PT_WAP_SUB: Percentage of working age population in the same subgroup,_Z: Not applicable,Y: Calendar and seasonally adjusted,M: Male,Y_GE15: 15 years or over,_Z: Not applicable,Q: Quarterly,2025-Q4,65.45364,,A: Normal value,0: Units,1: One
DATAFLOW,OECD.SDD.TPS:DSD_LFS@DF_IALFS_LF_WAP_Q(1.0),I,ISR: Israel,LF_WAP: Labour force participation rate,PT_WAP_SUB: Percentage of working age population in the same subgroup,_Z: Not applicable,Y: Calendar and seasonally adjusted,_T: Total,Y_GE15: 15 years or over,_Z: Not applicable,Q: Quarterly,2025-Q4,62.51802,,A: Normal value,0: Units,1: One
DATAFLOW,OECD.SDD.TPS:DSD_LFS@DF_IALFS_LF_WAP_Q(1.0),I,ISR: Israel,LF_WAP: Labour force participation rate,PT_WAP_SUB: Percentage of working age population in the same subgroup,_Z: Not applicable,Y: Calendar and seasonally adjusted,F: Female,Y_GE15: 15 years or over,_Z: Not applicable,Q: Quarterly,2025-Q4,59.69198,,A: Normal value,0: Units,1: One
DATAFLOW,OECD.SDD.TPS:DSD_LFS@DF_IALFS_LF_WAP_Q(1.0),I,ISR: Israel,LF_WAP: Labour force participation rate,PT_WAP_SUB: Percentage of working age population in the same subgroup,_Z: Not applicable,Y: Calendar and seasonally adjusted,F: Female,Y_GE15: 15 years or over,_Z: Not applicable,Q: Quarterly,2026-Q1,59.41409,,A: Normal value,0: Units,1: One
DATAFLOW,OECD.SDD.TPS:DSD_LFS@DF_IALFS_LF_WAP_Q(1.0),I,ISR: Israel,LF_WAP: Labour force participation rate,PT_WAP_SUB: Percentage of working age population in the same subgroup,_Z: Not applicable,Y: Calendar and seasonally adjusted,_T: Total,Y_GE15: 15 years or over,_Z: Not applicable,Q: Quarterly,2026-Q1,62.32131,,A: Normal value,0: Units,1: One
DATAFLOW,OECD.SDD.TPS:DSD_LFS@DF_IALFS_LF_WAP_Q(1.0),I,ISR: Israel,LF_WAP: Labour force participation rate,PT_WAP_SUB: Percentage of working age population in the same subgroup,_Z: Not applicable,Y: Calendar and seasonally adjusted,M: Male,Y_GE15: 15 years or over,_Z: Not applicable,Q: Quarterly,2026-Q1,65.34578,,A: Normal value,0: Units,1: One
DATAFLOW,OECD.SDD.TPS:DSD_LFS@DF_IALFS_LF_WAP_Q(1.0),I,ISR: Israel,LF_WAP: Labour force participation rate,PT_WAP_SUB: Percentage of working age population in the same subgroup,_Z: Not applicable,Y: Calendar and seasonally adjusted,M: Male,Y_GE15: 15 years or over,_Z: Not applicable,Q: Quarterly,2026-Q2,64.81747,,A: Normal value,0: Units,1: One
DATAFLOW,OECD.SDD.TPS:DSD_LFS@DF_IALFS_LF_WAP_Q(1.0),I,ISR: Israel,LF_WAP: Labour force participation rate,PT_WAP_SUB: Percentage of working age population in the same subgroup,_Z: Not applicable,Y: Calendar and seasonally adjusted,_T: Total,Y_GE15: 15 years or over,_Z: Not applicable,Q: Quarterly,2026-Q2,61.90015,,A: Normal value,0: Units,1: One
DATAFLOW,OECD.SDD.TPS:DSD_LFS@DF_IALFS_LF_WAP_Q(1.0),I,ISR: Israel,LF_WAP: Labour force participation rate,PT_WAP_SUB: Percentage of working age population in the same subgroup,_Z: Not applicable,Y: Calendar and seasonally adjusted,F: Female,Y_GE15: 15 years or over,_Z: Not applicable,Q: Quarterly,2026-Q2,59.09571,,A: Normal value,0: Units,1: One
DATAFLOW,OECD.SDD.TPS:DSD_LFS@DF_IALFS_LF_WAP_Q(1.0),I,TUR: Türkiye,LF_WAP: Labour force participation rate,PT_WAP_SUB: Percentage of working age population in the same subgroup,_Z: Not applicable,Y: Calendar and seasonally adjusted,M: Male,Y_GE15: 15 years or over,_Z: Not applicable,Q: Quarterly,2025-Q3,71.2299,,A: Normal value,0: Units,1: One
DATAFLOW,OECD.SDD.TPS:DSD_LFS@DF_IALFS_LF_WAP_Q(1.0),I,TUR: Türkiye,LF_WAP: Labour force participation rate,PT_WAP_SUB: Percentage of working age population in the same subgroup,_Z: Not applicable,Y: Calendar and seasonally adjusted,F: Female,Y_GE15: 15 years or over,_Z: Not applicable,Q: Quarterly,2025-Q3,36.23479,,A: Normal value,0: Units,1: One
DATAFLOW,OECD.SDD.TPS:DSD_LFS@DF_IALFS_LF_WAP_Q(1.0),I,TUR: Türkiye,LF_WAP: Labour force participation rate,PT_WAP_SUB: Percentage of working age population in the same subgroup,_Z: Not applicable,Y: Calendar and seasonally adjusted,_T: Total,Y_GE15: 15 years or over,_Z: Not applicable,Q: Quarterly,2025-Q3,53.54145,,A: Normal value,0: Units,1: One
DATAFLOW,OECD.SDD.TPS:DSD_LFS@DF_IALFS_LF_WAP_Q(1.0),I,TUR: Türkiye,LF_WAP: Labour force participation rate,PT_WAP_SUB: Percentage of working age population in the same subgroup,_Z: Not applicable,Y: Calendar and seasonally adjusted,_T: Total,Y_GE15: 15 years or over,_Z: Not applicable,Q: Quarterly,2025-Q4,53.29539,,A: Normal value,0: Units,1: One
DATAFLOW,OECD.SDD.TPS:DSD_LFS@DF_IALFS_LF_WAP_Q(1.0),I,TUR: Türkiye,LF_WAP: Labour force participation rate,PT_WAP_SUB: Percentage of working age population in the same subgroup,_Z: Not applicable,Y: Calendar and seasonally adjusted,F: Female,Y_GE15: 15 years or over,_Z: Not applicable,Q: Quarterly,2025-Q4,35.77052,,A: Normal value,0: Units,1: One
DATAFLOW,OECD.SDD.TPS:DSD_LFS@DF_IALFS_LF_WAP_Q(1.0),I,TUR: Türkiye,LF_WAP: Labour force participation rate,PT_WAP_SUB: Percentage of working age population in the same subgroup,_Z: Not applicable,Y: Calendar and seasonally adjusted,M: Male,Y_GE15: 15 years or over,_Z: Not applicable,Q: Quarterly,2025-Q4,71.22726,,A: Normal value,0: Units,1: One
DATAFLOW,OECD.SDD.TPS:DSD_LFS@DF_IALFS_LF_WAP_Q(1.0),I,TUR: Türkiye,LF_WAP: Labour force participation rate,PT_WAP_SUB: Percentage of working age population in the same subgroup,_Z: Not applicable,Y: Calendar and seasonally adjusted,M: Male,Y_GE15: 15 years or over,_Z: Not applicable,Q: Quarterly,2026-Q1,70.37564,,A: Normal value,0: Units,1: One
DATAFLOW,OECD.SDD.TPS:DSD_LFS@DF_IALFS_LF_WAP_Q(1.0),I,TUR: Türkiye,LF_WAP: Labour force participation rate,PT_WAP_SUB: Percentage of working age population in the same subgroup,_Z: Not applicable,Y: Calendar and seasonally adjusted,F: Female,Y_GE15: 15 years or over,_Z: Not applicable,Q: Quarterly,2026-Q1,35.12965,,A: Normal value,0: Units,1: One
DATAFLOW,OECD.SDD.TPS:DSD_LFS@DF_IALFS_LF_WAP_Q(1.0),I,TUR: Türkiye,LF_WAP: Labour force participation rate,PT_WAP_SUB: Percentage of working age population in the same subgroup,_Z: Not applicable,Y: Calendar and seasonally adjusted,_T: Total,Y_GE15: 15 years or over,_Z: Not applicable,Q: Quarterly,2026-Q1,52.56762,,A: Normal value,0: Units,1: One
DATAFLOW,OECD.SDD.TPS:DSD_LFS@DF_IALFS_LF_WAP_Q(1.0),I,TUR: Türkiye,LF_WAP: Labour force participation rate,PT_WAP_SUB: Percentage of working age population in the same subgroup,_Z: Not applicable,Y: Calendar and seasonally adjusted,_T: Total,Y_GE15: 15 years or over,_Z: Not applicable,Q: Quarterly,2026-Q2,52.88373,,A: Normal value,0: Units,1: One
DATAFLOW,OECD.SDD.TPS:DSD_LFS@DF_IALFS_LF_WAP_Q(1.0),I,TUR: Türkiye,LF_WAP: Labour force participation rate,PT_WAP_SUB: Percentage of working age population in the same subgroup,_Z: Not applicable,Y: Calendar and seasonally adjusted,F: Female,Y_GE15: 15 years or over,_Z: Not applicable,Q: Quarterly,2026-Q2,35.33595,,A: Normal value,0: Units,1: One
DATAFLOW,OECD.SDD.TPS:DSD_LFS@DF_IALFS_LF_WAP_Q(1.0),I,TUR: Türkiye,LF_WAP: Labour force participation rate,PT_WAP_SUB: Percentage of working age population in the same subgroup,_Z: Not applicable,Y: Calendar and seasonally adjusted,M: Male,Y_GE15: 15 years or over,_Z: Not applicable,Q: Quarterly,2026-Q2,70.82571,,A: Normal value,0: Units,1: One
DATAFLOW,OECD.SDD.TPS:DSD_LFS@DF_IALFS_LF_WAP_Q(1.0),I,GBR: United Kingdom,LF_WAP: Labour force participation rate,PT_WAP_SUB: Percentage of working age population in the same subgroup,_Z: Not applicable,Y: Calendar and seasonally adjusted,F: Female,Y_GE15: 15 years or over,_Z: Not applicable,Q: Quarterly,2025-Q3,60.23335,,A: Normal value,0: Units,1: One
DATAFLOW,OECD.SDD.TPS:DSD_LFS@DF_IALFS_LF_WAP_Q(1.0),I,GBR: United Kingdom,LF_WAP: Labour force participation rate,PT_WAP_SUB: Percentage of working age population in the same subgroup,_Z: Not applicable,Y: Calendar and seasonally adjusted,_T: Total,Y_GE15: 15 years or over,_Z: Not applicable,Q: Quarterly,2025-Q3,63.85754,,A: Normal value,0: Units,1: One
DATAFLOW,OECD.SDD.TPS:DSD_LFS@DF_IALFS_LF_WAP_Q(1.0),I,GBR: United Kingdom,LF_WAP: Labour force participation rate,PT_WAP_SUB: Percentage of working age population in the same subgroup,_Z: Not applicable,Y: Calendar and seasonally adjusted,_T: Total,Y_GE15: 15 years or over,_Z: Not applicable,Q: Quarterly,2025-Q4,63.96148,,A: Normal value,0: Units,1: One
DATAFLOW,OECD.SDD.TPS:DSD_LFS@DF_IALFS_LF_WAP_Q(1.0),I,GBR: United Kingdom,LF_WAP: Labour force participation rate,PT_WAP_SUB: Percentage of working age population in the same subgroup,_Z: Not applicable,Y: Calendar and seasonally adjusted,M: Male,Y_GE15: 15 years or over,_Z: Not applicable,Q: Quarterly,2025-Q4,67.7692,,A: Normal value,0: Units,1: One
DATAFLOW,OECD.SDD.TPS:DSD_LFS@DF_IALFS_LF_WAP_Q(1.0),I,GBR: United Kingdom,LF_WAP: Labour force participation rate,PT_WAP_SUB: Percentage of working age population in the same subgroup,_Z: Not applicable,Y: Calendar and seasonally adjusted,F: Female,Y_GE15: 15 years or over,_Z: Not applicable,Q: Quarterly,2025-Q4,60.36235,,A: Normal value,0: Units,1: One
DATAFLOW,OECD.SDD.TPS:DSD_LFS@DF_IALFS_LF_WAP_Q(1.0),I,GBR: United Kingdom,LF_WAP: Labour force participation rate,PT_WAP_SUB: Percentage of working age population in the same subgroup,_Z: Not applicable,Y: Calendar and seasonally adjusted,F: Female,Y_GE15: 15 years or over,_Z: Not applicable,Q: Quarterly,2026-Q1,60.28113,,A: Normal value,0: Units,1: One
DATAFLOW,OECD.SDD.TPS:DSD_LFS@DF_IALFS_LF_WAP_Q(1.0),I,GBR: United Kingdom,LF_WAP: Labour force participation rate,PT_WAP_SUB: Percentage of working age population in the same subgroup,_Z: Not applicable,Y: Calendar and seasonally adjusted,M: Male,Y_GE15: 15 years or over,_Z: Not applicable,Q: Quarterly,2026-Q1,67.78097,,A: Normal value,0: Units,1: One
DATAFLOW,OECD.SDD.TPS:DSD_LFS@DF_IALFS_LF_WAP_Q(1.0),I,GBR: United Kingdom,LF_WAP: Labour force participation rate,PT_WAP_SUB: Percentage of working age population in the same subgroup,_Z: Not applicable,Y: Calendar and seasonally adjusted,_T: Total,Y_GE15: 15 years or over,_Z: Not applicable,Q: Quarterly,2026-Q1,63.92667,,A: Normal value,0: Units,1: One
DATAFLOW,OECD.SDD.TPS:DSD_LFS@DF_IALFS_LF_WAP_Q(1.0),I,GBR: United Kingdom,LF_WAP: Labour force participation rate,PT_WAP_SUB: Percentage of working age population in the same subgroup,_Z: Not applicable,Y: Calendar and seasonally adjusted,_T: Total,Y_GE15: 15 years or over,_Z: Not applicable,Q: Quarterly,2026-Q2,63.85967,,A: Normal value,0: Units,1: One
DATAFLOW,OECD.SDD.TPS:DSD_LFS@DF_IALFS_LF_WAP_Q(1.0),I,GBR: United Kingdom,LF_WAP: Labour force participation rate,PT_WAP_SUB: Percentage of working age population in the same subgroup,_Z: Not applicable,Y: Calendar and seasonally adjusted,M: Male,Y_GE15: 15 years or over,_Z: Not applicable,Q: Quarterly,2026-Q2,67.85184,,A: Normal value,0: Units,1: One
DATAFLOW,OECD.SDD.TPS:DSD_LFS@DF_IALFS_LF_WAP_Q(1.0),I,GBR: United Kingdom,LF_WAP: Labour force participation rate,PT_WAP_SUB: Percentage of working age population in the same subgroup,_Z: Not applicable,Y: Calendar and seasonally adjusted,F: Female,Y_GE15: 15 years or over,_Z: Not applicable,Q: Quarterly,2026-Q2,60.08367,,A: Normal value,0: Units,1: One
DATAFLOW,OECD.SDD.TPS:DSD_LFS@DF_IALFS_LF_WAP_Q(1.0),I,MEX: Mexico,LF_WAP: Labour force participation rate,PT_WAP_SUB: Percentage of working age population in the same subgroup,_Z: Not applicable,Y: Calendar and seasonally adjusted,_T: Total,Y_GE15: 15 years or over,_Z: Not applicable,Q: Quarterly,2025-Q3,59.25439,,A: Normal value,0: Units,1: One
DATAFLOW,OECD.SDD.TPS:DSD_LFS@DF_IALFS_LF_WAP_Q(1.0),I,MEX: Mexico,LF_WAP: Labour force participation rate,PT_WAP_SUB: Percentage of working age population in the same subgroup,_Z: Not applicable,Y: Calendar and seasonally adjusted,_T: Total,Y_GE15: 15 years or over,_Z: Not applicable,Q: Quarterly,2025-Q4,59.1175,,A: Normal value,0: Units,1: One
DATAFLOW,OECD.SDD.TPS:DSD_LFS@DF_IALFS_LF_WAP_Q(1.0),I,MEX: Mexico,LF_WAP: Labour force participation rate,PT_WAP_SUB: Percentage of working age population in the same subgroup,_Z: Not applicable,Y: Calendar and seasonally adjusted,_T: Total,Y_GE15: 15 years or over,_Z: Not applicable,Q: Quarterly,2026-Q1,59.14465,,A: Normal value,0: Units,1: One
DATAFLOW,OECD.SDD.TPS:DSD_LFS@DF_IALFS_LF_WAP_Q(1.0),I,MEX: Mexico,LF_WAP: Labour force participation rate,PT_WAP_SUB: Percentage of working age population in the same subgroup,_Z: Not applicable,Y: Calendar and seasonally adjusted,_T: Total,Y_GE15: 15 years or over,_Z: Not applicable,Q: Quarterly,2026-Q2,59.10032,,A: Normal value,0: Units,1: One
DATAFLOW,OECD.SDD.TPS:DSD_LFS@DF_IALFS_LF_WAP_Q(1.0),I,MEX: Mexico,LF_WAP: Labour force participation rate,PT_WAP_SUB: Percentage of working age population in the same subgroup,_Z: Not applicable,Y: Calendar and seasonally adjusted,M: Male,Y_GE15: 15 years or over,_Z: Not applicable,Q: Quarterly,2025-Q3,74.71316,,A: Normal value,0: Units,1: One
DATAFLOW,OECD.SDD.TPS:DSD_LFS@DF_IALFS_LF_WAP_Q(1.0),I,MEX: Mexico,LF_WAP: Labour force participation rate,PT_WAP_SUB: Percentage of working age population in the same subgroup,_Z: Not applicable,Y: Calendar and seasonally adjusted,M: Male,Y_GE15: 15 years or over,_Z: Not applicable,Q: Quarterly,2025-Q4,74.53043,,A: Normal value,0: Units,1: One
DATAFLOW,OECD.SDD.TPS:DSD_LFS@DF_IALFS_LF_WAP_Q(1.0),I,MEX: Mexico,LF_WAP: Labour force participation rate,PT_WAP_SUB: Percentage of working age population in the same subgroup,_Z: Not applicable,Y: Calendar and seasonally adjusted,M: Male,Y_GE15: 15 years or over,_Z: Not applicable,Q: Quarterly,2026-Q1,74.38367,,A: Normal value,0: Units,1: One
DATAFLOW,OECD.SDD.TPS:DSD_LFS@DF_IALFS_LF_WAP_Q(1.0),I,MEX: Mexico,LF_WAP: Labour force participation rate,PT_WAP_SUB: Percentage of working age population in the same subgroup,_Z: Not applicable,Y: Calendar and seasonally adjusted,M: Male,Y_GE15: 15 years or over,_Z: Not applicable,Q: Quarterly,2026-Q2,74.15578,,A: Normal value,0: Units,1: One
DATAFLOW,OECD.SDD.TPS:DSD_LFS@DF_IALFS_LF_WAP_Q(1.0),I,MEX: Mexico,LF_WAP: Labour force participation rate,PT_WAP_SUB: Percentage of working age population in the same subgroup,_Z: Not applicable,Y: Calendar and seasonally adjusted,F: Female,Y_GE15: 15 years or over,_Z: Not applicable,Q: Quarterly,2025-Q3,45.62937,,A: Normal value,0: Units,1: One
DATAFLOW,OECD.SDD.TPS:DSD_LFS@DF_IALFS_LF_WAP_Q(1.0),I,MEX: Mexico,LF_WAP: Labour force participation rate,PT_WAP_SUB: Percentage of working age population in the same subgroup,_Z: Not applicable,Y: Calendar and seasonally adjusted,F: Female,Y_GE15: 15 years or over,_Z: Not applicable,Q: Quarterly,2025-Q4,45.48565,,A: Normal value,0: Units,1: One
DATAFLOW,OECD.SDD.TPS:DSD_LFS@DF_IALFS_LF_WAP_Q(1.0),I,MEX: Mexico,LF_WAP: Labour force participation rate,PT_WAP_SUB: Percentage of working age population in the same subgroup,_Z: Not applicable,Y: Calendar and seasonally adjusted,F: Female,Y_GE15: 15 years or over,_Z: Not applicable,Q: Quarterly,2026-Q1,45.66449,,A: Normal value,0: Units,1: One
DATAFLOW,OECD.SDD.TPS:DSD_LFS@DF_IALFS_LF_WAP_Q(1.0),I,MEX: Mexico,LF_WAP: Labour force participation rate,PT_WAP_SUB: Percentage of working age population in the same subgroup,_Z: Not applicable,Y: Calendar and seasonally adjusted,F: Female,Y_GE15: 15 years or over,_Z: Not applicable,Q: Quarterly,2026-Q2,45.77272,,A: Normal value,0: Units,1: One
DATAFLOW,OECD.SDD.TPS:DSD_LFS@DF_IALFS_LF_WAP_Q(1.0),I,NZL: New Zealand,LF_WAP: Labour force participation rate,PT_WAP_SUB: Percentage of working age population in the same subgroup,_Z: Not applicable,Y: Calendar and seasonally adjusted,M: Male,Y_GE15: 15 years or over,_Z: Not applicable,Q: Quarterly,2026-Q1,74.4,,A: Normal value,0: Units,1: One
DATAFLOW,OECD.SDD.TPS:DSD_LFS@DF_IALFS_LF_WAP_Q(1.0),I,NZL: New Zealand,LF_WAP: Labour force participation rate,PT_WAP_SUB: Percentage of working age population in the same subgroup,_Z: Not applicable,Y: Calendar and seasonally adjusted,F: Female,Y_GE15: 15 years or over,_Z: Not applicable,Q: Quarterly,2026-Q2,66.7,,A: Normal value,0: Units,1: One
DATAFLOW,OECD.SDD.TPS:DSD_LFS@DF_IALFS_LF_WAP_Q(1.0),I,NZL: New Zealand,LF_WAP: Labour force participation rate,PT_WAP_SUB: Percentage of working age population in the same subgroup,_Z: Not applicable,Y: Calendar and seasonally adjusted,_T: Total,Y_GE15: 15 years or over,_Z: Not applicable,Q: Quarterly,2026-Q2,70.7,,A: Normal value,0: Units,1: One
DATAFLOW,OECD.SDD.TPS:DSD_LFS@DF_IALFS_LF_WAP_Q(1.0),I,NZL: New Zealand,LF_WAP: Labour force participation rate,PT_WAP_SUB: Percentage of working age population in the same subgroup,_Z: Not applicable,Y: Calendar and seasonally adjusted,M: Male,Y_GE15: 15 years or over,_Z: Not applicable,Q: Quarterly,2026-Q2,74.7,,A: Normal value,0: Units,1: One
DATAFLOW,OECD.SDD.TPS:DSD_LFS@DF_IALFS_LF_WAP_Q(1.0),I,KOR: Korea,LF_WAP: Labour force participation rate,PT_WAP_SUB: Percentage of working age population in the same subgroup,_Z: Not applicable,Y: Calendar and seasonally adjusted,_T: Total,Y_GE15: 15 years or over,_Z: Not applicable,Q: Quarterly,2026-Q2,64.40559,,A: Normal value,0: Units,1: One
DATAFLOW,OECD.SDD.TPS:DSD_LFS@DF_IALFS_LF_WAP_Q(1.0),I,KOR: Korea,LF_WAP: Labour force participation rate,PT_WAP_SUB: Percentage of working age population in the same subgroup,_Z: Not applicable,Y: Calendar and seasonally adjusted,F: Female,Y_GE15: 15 years or over,_Z: Not applicable,Q: Quarterly,2026-Q2,56.82539,,A: Normal value,0: Units,1: One
DATAFLOW,OECD.SDD.TPS:DSD_LFS@DF_IALFS_LF_WAP_Q(1.0),I,KOR: Korea,LF_WAP: Labour force participation rate,PT_WAP_SUB: Percentage of working age population in the same subgroup,_Z: Not applicable,Y: Calendar and seasonally adjusted,M: Male,Y_GE15: 15 years or over,_Z: Not applicable,Q: Quarterly,2026-Q2,72.17498,,A: Normal value,0: Units,1: One
DATAFLOW,OECD.SDD.TPS:DSD_LFS@DF_IALFS_LF_WAP_Q(1.0),I,AUS: Australia,LF_WAP: Labour force participation rate,PT_WAP_SUB: Percentage of working age population in the same subgroup,_Z: Not applicable,Y: Calendar and seasonally adjusted,M: Male,Y_GE15: 15 years or over,_Z: Not applicable,Q: Quarterly,2026-Q1,70.68111,,A: Normal value,0: Units,1: One
DATAFLOW,OECD.SDD.TPS:DSD_LFS@DF_IALFS_LF_WAP_Q(1.0),I,AUS: Australia,LF_WAP: Labour force participation rate,PT_WAP_SUB: Percentage of working age population in the same subgroup,_Z: Not applicable,Y: Calendar and seasonally adjusted,_T: Total,Y_GE15: 15 years or over,_Z: Not applicable,Q: Quarterly,2025-Q3,66.91019,,A: Normal value,0: Units,1: One
DATAFLOW,OECD.SDD.TPS:DSD_LFS@DF_IALFS_LF_WAP_Q(1.0),I,AUS: Australia,LF_WAP: Labour force participation rate,PT_WAP_SUB: Percentage of working age population in the same subgroup,_Z: Not applicable,Y: Calendar and seasonally adjusted,_T: Total,Y_GE15: 15 years or over,_Z: Not applicable,Q: Quarterly,2025-Q4,66.73165,,A: Normal value,0: Units,1: One
DATAFLOW,OECD.SDD.TPS:DSD_LFS@DF_IALFS_LF_WAP_Q(1.0),I,AUS: Australia,LF_WAP: Labour force participation rate,PT_WAP_SUB: Percentage of working age population in the same subgroup,_Z: Not applicable,Y: Calendar and seasonally adjusted,_T: Total,Y_GE15: 15 years or over,_Z: Not applicable,Q: Quarterly,2026-Q1,66.75973,,A: Normal value,0: Units,1: One
DATAFLOW,OECD.SDD.TPS:DSD_LFS@DF_IALFS_LF_WAP_Q(1.0),I,AUS: Australia,LF_WAP: Labour force participation rate,PT_WAP_SUB: Percentage of working age population in the same subgroup,_Z: Not applicable,Y: Calendar and seasonally adjusted,_T: Total,Y_GE15: 15 years or over,_Z: Not applicable,Q: Quarterly,2026-Q2,66.79443,,A: Normal value,0: Units,1: One
DATAFLOW,OECD.SDD.TPS:DSD_LFS@DF_IALFS_LF_WAP_Q(1.0),I,AUS: Australia,LF_WAP: Labour force participation rate,PT_WAP_SUB: Percentage of working age population in the same subgroup,_Z: Not applicable,Y: Calendar and seasonally adjusted,M: Male,Y_GE15: 15 years or over,_Z: Not applicable,Q: Quarterly,2025-Q3,70.65281,,A: Normal value,0: Units,1: One
DATAFLOW,OECD.SDD.TPS:DSD_LFS@DF_IALFS_LF_WAP_Q(1.0),I,AUS: Australia,LF_WAP: Labour force participation rate,PT_WAP_SUB: Percentage of working age population in the same subgroup,_Z: Not applicable,Y: Calendar and seasonally adjusted,M: Male,Y_GE15: 15 years or over,_Z: Not applicable,Q: Quarterly,2025-Q4,70.61466,,A: Normal value,0: Units,1: One
DATAFLOW,OECD.SDD.TPS:DSD_LFS@DF_IALFS_LF_WAP_Q(1.0),I,AUS: Australia,LF_WAP: Labour force participation rate,PT_WAP_SUB: Percentage of working age population in the same subgroup,_Z: Not applicable,Y: Calendar and seasonally adjusted,M: Male,Y_GE15: 15 years or over,_Z: Not applicable,Q: Quarterly,2026-Q2,70.73597,,A: Normal value,0: Units,1: One
DATAFLOW,OECD.SDD.TPS:DSD_LFS@DF_IALFS_LF_WAP_Q(1.0),I,AUS: Australia,LF_WAP: Labour force participation rate,PT_WAP_SUB: Percentage of working age population in the same subgroup,_Z: Not applicable,Y: Calendar and seasonally adjusted,F: Female,Y_GE15: 15 years or over,_Z: Not applicable,Q: Quarterly,2025-Q3,63.28567,,A: Normal value,0: Units,1: One
DATAFLOW,OECD.SDD.TPS:DSD_LFS@DF_IALFS_LF_WAP_Q(1.0),I,AUS: Australia,LF_WAP: Labour force participation rate,PT_WAP_SUB: Percentage of working age population in the same subgroup,_Z: Not applicable,Y: Calendar and seasonally adjusted,F: Female,Y_GE15: 15 years or over,_Z: Not applicable,Q: Quarterly,2025-Q4,62.97132,,A: Normal value,0: Units,1: One
DATAFLOW,OECD.SDD.TPS:DSD_LFS@DF_IALFS_LF_WAP_Q(1.0),I,AUS: Australia,LF_WAP: Labour force participation rate,PT_WAP_SUB: Percentage of working age population in the same subgroup,_Z: Not applicable,Y: Calendar and seasonally adjusted,F: Female,Y_GE15: 15 years or over,_Z: Not applicable,Q: Quarterly,2026-Q1,62.96253,,A: Normal value,0: Units,1: One
DATAFLOW,OECD.SDD.TPS:DSD_LFS@DF_IALFS_LF_WAP_Q(1.0),I,AUS: Australia,LF_WAP: Labour force participation rate,PT_WAP_SUB: Percentage of working age population in the same subgroup,_Z: Not applicable,Y: Calendar and seasonally adjusted,F: Female,Y_GE15: 15 years or over,_Z: Not applicable,Q: Quarterly,2026-Q2,62.9777,,A: Normal value,0: Units,1: One
DATAFLOW,OECD.SDD.TPS:DSD_LFS@DF_IALFS_LF_WAP_Q(1.0),I,USA: United States,LF_WAP: Labour force participation rate,PT_WAP_SUB: Percentage of working age population in the same subgroup,_Z: Not applicable,Y: Calendar and seasonally adjusted,M: Male,Y_GE15: 15 years or over,_Z: Not applicable,Q: Quarterly,2026-Q2,67,,A: Normal value,0: Units,1: One
DATAFLOW,OECD.SDD.TPS:DSD_LFS@DF_IALFS_LF_WAP_Q(1.0),I,USA: United States,LF_WAP: Labour force participation rate,PT_WAP_SUB: Percentage of working age population in the same subgroup,_Z: Not applicable,Y: Calendar and seasonally adjusted,_T: Total,Y_GE15: 15 years or over,_Z: Not applicable,Q: Quarterly,2026-Q2,61.7,,A: Normal value,0: Units,1: One
DATAFLOW,OECD.SDD.TPS:DSD_LFS@DF_IALFS_LF_WAP_Q(1.0),I,USA: United States,LF_WAP: Labour force participation rate,PT_WAP_SUB: Percentage of working age population in the same subgroup,_Z: Not applicable,Y: Calendar and seasonally adjusted,F: Female,Y_GE15: 15 years or over,_Z: Not applicable,Q: Quarterly,2026-Q2,56.83333,,A: Normal value,0: Units,1: One
DATAFLOW,OECD.SDD.TPS:DSD_LFS@DF_IALFS_LF_WAP_Q(1.0),I,COL: Colombia,LF_WAP: Labour force participation rate,PT_WAP_SUB: Percentage of working age population in the same subgroup,_Z: Not applicable,Y: Calendar and seasonally adjusted,F: Female,Y_GE15: 15 years or over,_Z: Not applicable,Q: Quarterly,2025-Q3,52.72082,,A: Normal value,0: Units,1: One
DATAFLOW,OECD.SDD.TPS:DSD_LFS@DF_IALFS_LF_WAP_Q(1.0),I,COL: Colombia,LF_WAP: Labour force participation rate,PT_WAP_SUB: Percentage of working age population in the same subgroup,_Z: Not applicable,Y: Calendar and seasonally adjusted,F: Female,Y_GE15: 15 years or over,_Z: Not applicable,Q: Quarterly,2025-Q4,53.04461,,A: Normal value,0: Units,1: One
DATAFLOW,OECD.SDD.TPS:DSD_LFS@DF_IALFS_LF_WAP_Q(1.0),I,COL: Colombia,LF_WAP: Labour force participation rate,PT_WAP_SUB: Percentage of working age population in the same subgroup,_Z: Not applicable,Y: Calendar and seasonally adjusted,F: Female,Y_GE15: 15 years or over,_Z: Not applicable,Q: Quarterly,2026-Q1,53.16412,,A: Normal value,0: Units,1: One
DATAFLOW,OECD.SDD.TPS:DSD_LFS@DF_IALFS_LF_WAP_Q(1.0),I,COL: Colombia,LF_WAP: Labour force participation rate,PT_WAP_SUB: Percentage of working age population in the same subgroup,_Z: Not applicable,Y: Calendar and seasonally adjusted,F: Female,Y_GE15: 15 years or over,_Z: Not applicable,Q: Quarterly,2026-Q2,53.77672,,A: Normal value,0: Units,1: One
DATAFLOW,OECD.SDD.TPS:DSD_LFS@DF_IALFS_LF_WAP_Q(1.0),I,COL: Colombia,LF_WAP: Labour force participation rate,PT_WAP_SUB: Percentage of working age population in the same subgroup,_Z: Not applicable,Y: Calendar and seasonally adjusted,M: Male,Y_GE15: 15 years or over,_Z: Not applicable,Q: Quarterly,2025-Q3,76.76185,,A: Normal value,0: Units,1: One
DATAFLOW,OECD.SDD.TPS:DSD_LFS@DF_IALFS_LF_WAP_Q(1.0),I,COL: Colombia,LF_WAP: Labour force participation rate,PT_WAP_SUB: Percentage of working age population in the same subgroup,_Z: Not applicable,Y: Calendar and seasonally adjusted,M: Male,Y_GE15: 15 years or over,_Z: Not applicable,Q: Quarterly,2025-Q4,76.93999,,A: Normal value,0: Units,1: One
DATAFLOW,OECD.SDD.TPS:DSD_LFS@DF_IALFS_LF_WAP_Q(1.0),I,COL: Colombia,LF_WAP: Labour force participation rate,PT_WAP_SUB: Percentage of working age population in the same subgroup,_Z: Not applicable,Y: Calendar and seasonally adjusted,M: Male,Y_GE15: 15 years or over,_Z: Not applicable,Q: Quarterly,2026-Q1,76.79256,,A: Normal value,0: Units,1: One
DATAFLOW,OECD.SDD.TPS:DSD_LFS@DF_IALFS_LF_WAP_Q(1.0),I,COL: Colombia,LF_WAP: Labour force participation rate,PT_WAP_SUB: Percentage of working age population in the same subgroup,_Z: Not applicable,Y: Calendar and seasonally adjusted,M: Male,Y_GE15: 15 years or over,_Z: Not applicable,Q: Quarterly,2026-Q2,76.72828,,A: Normal value,0: Units,1: One
DATAFLOW,OECD.SDD.TPS:DSD_LFS@DF_IALFS_LF_WAP_Q(1.0),I,COL: Colombia,LF_WAP: Labour force participation rate,PT_WAP_SUB: Percentage of working age population in the same subgroup,_Z: Not applicable,Y: Calendar and seasonally adjusted,_T: Total,Y_GE15: 15 years or over,_Z: Not applicable,Q: Quarterly,2025-Q3,64.24935,,A: Normal value,0: Units,1: One
DATAFLOW,OECD.SDD.TPS:DSD_LFS@DF_IALFS_LF_WAP_Q(1.0),I,COL: Colombia,LF_WAP: Labour force participation rate,PT_WAP_SUB: Percentage of working age population in the same subgroup,_Z: Not applicable,Y: Calendar and seasonally adjusted,_T: Total,Y_GE15: 15 years or over,_Z: Not applicable,Q: Quarterly,2025-Q4,64.50201,,A: Normal value,0: Units,1: One
DATAFLOW,OECD.SDD.TPS:DSD_LFS@DF_IALFS_LF_WAP_Q(1.0),I,COL: Colombia,LF_WAP: Labour force participation rate,PT_WAP_SUB: Percentage of working age population in the same subgroup,_Z: Not applicable,Y: Calendar and seasonally adjusted,_T: Total,Y_GE15: 15 years or over,_Z: Not applicable,Q: Quarterly,2026-Q1,64.48627,,A: Normal value,0: Units,1: One
DATAFLOW,OECD.SDD.TPS:DSD_LFS@DF_IALFS_LF_WAP_Q(1.0),I,COL: Colombia,LF_WAP: Labour force participation rate,PT_WAP_SUB: Percentage of working age population in the same subgroup,_Z: Not applicable,Y: Calendar and seasonally adjusted,_T: Total,Y_GE15: 15 years or over,_Z: Not applicable,Q: Quarterly,2026-Q2,64.78263,,A: Normal value,0: Units,1: One
DATAFLOW,OECD.SDD.TPS:DSD_LFS@DF_IALFS_LF_WAP_Q(1.0),I,CHL: Chile,LF_WAP: Labour force participation rate,PT_WAP_SUB: Percentage of working age population in the same subgroup,_Z: Not applicable,Y: Calendar and seasonally adjusted,F: Female,Y_GE15: 15 years or over,_Z: Not applicable,Q: Quarterly,2025-Q3,53.06623,,A: Normal value,0: Units,1: One
DATAFLOW,OECD.SDD.TPS:DSD_LFS@DF_IALFS_LF_WAP_Q(1.0),I,CHL: Chile,LF_WAP: Labour force participation rate,PT_WAP_SUB: Percentage of working age population in the same subgroup,_Z: Not applicable,Y: Calendar and seasonally adjusted,F: Female,Y_GE15: 15 years or over,_Z: Not applicable,Q: Quarterly,2025-Q4,52.92348,,A: Normal value,0: Units,1: One
DATAFLOW,OECD.SDD.TPS:DSD_LFS@DF_IALFS_LF_WAP_Q(1.0),I,CHL: Chile,LF_WAP: Labour force participation rate,PT_WAP_SUB: Percentage of working age population in the same subgroup,_Z: Not applicable,Y: Calendar and seasonally adjusted,F: Female,Y_GE15: 15 years or over,_Z: Not applicable,Q: Quarterly,2026-Q1,53.30431,,A: Normal value,0: Units,1: One
DATAFLOW,OECD.SDD.TPS:DSD_LFS@DF_IALFS_LF_WAP_Q(1.0),I,CHL: Chile,LF_WAP: Labour force participation rate,PT_WAP_SUB: Percentage of working age population in the same subgroup,_Z: Not applicable,Y: Calendar and seasonally adjusted,F: Female,Y_GE15: 15 years or over,_Z: Not applicable,Q: Quarterly,2026-Q2,53.63966,,A: Normal value,0: Units,1: One
DATAFLOW,OECD.SDD.TPS:DSD_LFS@DF_IALFS_LF_WAP_Q(1.0),I,CHL: Chile,LF_WAP: Labour force participation rate,PT_WAP_SUB: Percentage of working age population in the same subgroup,_Z: Not applicable,Y: Calendar and seasonally adjusted,_T: Total,Y_GE15: 15 years or over,_Z: Not applicable,Q: Quarterly,2025-Q3,62.22844,,A: Normal value,0: Units,1: One
DATAFLOW,OECD.SDD.TPS:DSD_LFS@DF_IALFS_LF_WAP_Q(1.0),I,CHL: Chile,LF_WAP: Labour force participation rate,PT_WAP_SUB: Percentage of working age population in the same subgroup,_Z: Not applicable,Y: Calendar and seasonally adjusted,_T: Total,Y_GE15: 15 years or over,_Z: Not applicable,Q: Quarterly,2025-Q4,62.02549,,A: Normal value,0: Units,1: One
DATAFLOW,OECD.SDD.TPS:DSD_LFS@DF_IALFS_LF_WAP_Q(1.0),I,CHL: Chile,LF_WAP: Labour force participation rate,PT_WAP_SUB: Percentage of working age population in the same subgroup,_Z: Not applicable,Y: Calendar and seasonally adjusted,_T: Total,Y_GE15: 15 years or over,_Z: Not applicable,Q: Quarterly,2026-Q1,62.01067,,A: Normal value,0: Units,1: One
DATAFLOW,OECD.SDD.TPS:DSD_LFS@DF_IALFS_LF_WAP_Q(1.0),I,CHL: Chile,LF_WAP: Labour force participation rate,PT_WAP_SUB: Percentage of working age population in the same subgroup,_Z: Not applicable,Y: Calendar and seasonally adjusted,_T: Total,Y_GE15: 15 years or over,_Z: Not applicable,Q: Quarterly,2026-Q2,62.36306,,A: Normal value,0: Units,1: One
DATAFLOW,OECD.SDD.TPS:DSD_LFS@DF_IALFS_LF_WAP_Q(1.0),I,CHL: Chile,LF_WAP: Labour force participation rate,PT_WAP_SUB: Percentage of working age population in the same subgroup,_Z: Not applicable,Y: Calendar and seasonally adjusted,M: Male,Y_GE15: 15 years or over,_Z: Not applicable,Q: Quarterly,2025-Q3,71.76581,,A: Normal value,0: Units,1: One
DATAFLOW,OECD.SDD.TPS:DSD_LFS@DF_IALFS_LF_WAP_Q(1.0),I,CHL: Chile,LF_WAP: Labour force participation rate,PT_WAP_SUB: Percentage of working age population in the same subgroup,_Z: Not applicable,Y: Calendar and seasonally adjusted,M: Male,Y_GE15: 15 years or over,_Z: Not applicable,Q: Quarterly,2025-Q4,71.49662,,A: Normal value,0: Units,1: One
DATAFLOW,OECD.SDD.TPS:DSD_LFS@DF_IALFS_LF_WAP_Q(1.0),I,CHL: Chile,LF_WAP: Labour force participation rate,PT_WAP_SUB: Percentage of working age population in the same subgroup,_Z: Not applicable,Y: Calendar and seasonally adjusted,M: Male,Y_GE15: 15 years or over,_Z: Not applicable,Q: Quarterly,2026-Q1,71.0807,,A: Normal value,0: Units,1: One
DATAFLOW,OECD.SDD.TPS:DSD_LFS@DF_IALFS_LF_WAP_Q(1.0),I,CHL: Chile,LF_WAP: Labour force participation rate,PT_WAP_SUB: Percentage of working age population in the same subgroup,_Z: Not applicable,Y: Calendar and seasonally adjusted,M: Male,Y_GE15: 15 years or over,_Z: Not applicable,Q: Quarterly,2026-Q2,71.44203,,A: Normal value,0: Units,1: One
DATAFLOW,OECD.SDD.TPS:DSD_LFS@DF_IALFS_LF_WAP_Q(1.0),I,JPN: Japan,LF_WAP: Labour force participation rate,PT_WAP_SUB: Percentage of working age population in the same subgroup,_Z: Not applicable,Y: Calendar and seasonally adjusted,M: Male,Y_GE15: 15 years or over,_Z: Not applicable,Q: Quarterly,2026-Q2,72.05418,,A: Normal value,0: Units,1: One
DATAFLOW,OECD.SDD.TPS:DSD_LFS@DF_IALFS_LF_WAP_Q(1.0),I,JPN: Japan,LF_WAP: Labour force participation rate,PT_WAP_SUB: Percentage of working age population in the same subgroup,_Z: Not applicable,Y: Calendar and seasonally adjusted,F: Female,Y_GE15: 15 years or over,_Z: Not applicable,Q: Quarterly,2026-Q2,57.03015,,A: Normal value,0: Units,1: One
DATAFLOW,OECD.SDD.TPS:DSD_LFS@DF_IALFS_LF_WAP_Q(1.0),I,JPN: Japan,LF_WAP: Labour force participation rate,PT_WAP_SUB: Percentage of working age population in the same subgroup,_Z: Not applicable,Y: Calendar and seasonally adjusted,_T: Total,Y_GE15: 15 years or over,_Z: Not applicable,Q: Quarterly,2026-Q2,64.29771,,A: Normal value,0: Units,1: One
DATAFLOW,OECD.SDD.TPS:DSD_LFS@DF_IALFS_LF_WAP_Q(1.0),I,EST: Estonia,LF_WAP: Labour force participation rate,PT_WAP_SUB: Percentage of working age population in the same subgroup,_Z: Not applicable,Y: Calendar and seasonally adjusted,F: Female,Y_GE15: 15 years or over,_Z: Not applicable,Q: Quarterly,2026-Q1,61.51743,,A: Normal value,0: Units,1: One
DATAFLOW,OECD.SDD.TPS:DSD_LFS@DF_IALFS_LF_WAP_Q(1.0),I,EST: Estonia,LF_WAP: Labour force participation rate,PT_WAP_SUB: Percentage of working age population in the same subgroup,_Z: Not applicable,Y: Calendar and seasonally adjusted,F: Female,Y_GE15: 15 years or over,_Z: Not applicable,Q: Quarterly,2026-Q2,61.45626,,A: Normal value,0: Units,1: One
DATAFLOW,OECD.SDD.TPS:DSD_LFS@DF_IALFS_LF_WAP_Q(1.0),I,CHE: Switzerland,LF_WAP: Labour force participation rate,PT_WAP_SUB: Percentage of working age population in the same subgroup,_Z: Not applicable,Y: Calendar and seasonally adjusted,F: Female,Y_GE15: 15 years or over,_Z: Not applicable,Q: Quarterly,2025-Q3,62.69037,,A: Normal value,0: Units,1: One
DATAFLOW,OECD.SDD.TPS:DSD_LFS@DF_IALFS_LF_WAP_Q(1.0),I,CHE: Switzerland,LF_WAP: Labour force participation rate,PT_WAP_SUB: Percentage of working age population in the same subgroup,_Z: Not applicable,Y: Calendar and seasonally adjusted,F: Female,Y_GE15: 15 years or over,_Z: Not applicable,Q: Quarterly,2025-Q4,62.72386,,A: Normal value,0: Units,1: One
DATAFLOW,OECD.SDD.TPS:DSD_LFS@DF_IALFS_LF_WAP_Q(1.0),I,CHE: Switzerland,LF_WAP: Labour force participation rate,PT_WAP_SUB: Percentage of working age population in the same subgroup,_Z: Not applicable,Y: Calendar and seasonally adjusted,F: Female,Y_GE15: 15 years or over,_Z: Not applicable,Q: Quarterly,2026-Q1,62.48873,,A: Normal value,0: Units,1: One
DATAFLOW,OECD.SDD.TPS:DSD_LFS@DF_IALFS_LF_WAP_Q(1.0),I,CHE: Switzerland,LF_WAP: Labour force participation rate,PT_WAP_SUB: Percentage of working age population in the same subgroup,_Z: Not applicable,Y: Calendar and seasonally adjusted,F: Female,Y_GE15: 15 years or over,_Z: Not applicable,Q: Quarterly,2026-Q2,62.7965,,A: Normal value,0: Units,1: One
DATAFLOW,OECD.SDD.TPS:DSD_LFS@DF_IALFS_LF_WAP_Q(1.0),I,ESP: Spain,LF_WAP: Labour force participation rate,PT_WAP_SUB: Percentage of working age population in the same subgroup,_Z: Not applicable,Y: Calendar and seasonally adjusted,F: Female,Y_GE15: 15 years or over,_Z: Not applicable,Q: Quarterly,2025-Q3,53.79585,,A: Normal value,0: Units,1: One
DATAFLOW,OECD.SDD.TPS:DSD_LFS@DF_IALFS_LF_WAP_Q(1.0),I,ESP: Spain,LF_WAP: Labour force participation rate,PT_WAP_SUB: Percentage of working age population in the same subgroup,_Z: Not applicable,Y: Calendar and seasonally adjusted,F: Female,Y_GE15: 15 years or over,_Z: Not applicable,Q: Quarterly,2025-Q4,53.78257,,A: Normal value,0: Units,1: One
DATAFLOW,OECD.SDD.TPS:DSD_LFS@DF_IALFS_LF_WAP_Q(1.0),I,ESP: Spain,LF_WAP: Labour force participation rate,PT_WAP_SUB: Percentage of working age population in the same subgroup,_Z: Not applicable,Y: Calendar and seasonally adjusted,F: Female,Y_GE15: 15 years or over,_Z: Not applicable,Q: Quarterly,2026-Q1,53.80054,,A: Normal value,0: Units,1: One
DATAFLOW,OECD.SDD.TPS:DSD_LFS@DF_IALFS_LF_WAP_Q(1.0),I,ESP: Spain,LF_WAP: Labour force participation rate,PT_WAP_SUB: Percentage of working age population in the same subgroup,_Z: Not applicable,Y: Calendar and seasonally adjusted,F: Female,Y_GE15: 15 years or over,_Z: Not applicable,Q: Quarterly,2026-Q2,53.84208,,A: Normal value,0: Units,1: One
DATAFLOW,OECD.SDD.TPS:DSD_LFS@DF_IALFS_LF_WAP_Q(1.0),I,FIN: Finland,LF_WAP: Labour force participation rate,PT_WAP_SUB: Percentage of working age population in the same subgroup,_Z: Not applicable,Y: Calendar and seasonally adjusted,F: Female,Y_GE15: 15 years or over,_Z: Not applicable,Q: Quarterly,2025-Q3,57.48186,,A: Normal value,0: Units,1: One
DATAFLOW,OECD.SDD.TPS:DSD_LFS@DF_IALFS_LF_WAP_Q(1.0),I,FIN: Finland,LF_WAP: Labour force participation rate,PT_WAP_SUB: Percentage of working age population in the same subgroup,_Z: Not applicable,Y: Calendar and seasonally adjusted,F: Female,Y_GE15: 15 years or over,_Z: Not applicable,Q: Quarterly,2025-Q4,58.19212,,A: Normal value,0: Units,1: One
DATAFLOW,OECD.SDD.TPS:DSD_LFS@DF_IALFS_LF_WAP_Q(1.0),I,FIN: Finland,LF_WAP: Labour force participation rate,PT_WAP_SUB: Percentage of working age population in the same subgroup,_Z: Not applicable,Y: Calendar and seasonally adjusted,F: Female,Y_GE15: 15 years or over,_Z: Not applicable,Q: Quarterly,2026-Q1,57.60448,,A: Normal value,0: Units,1: One
DATAFLOW,OECD.SDD.TPS:DSD_LFS@DF_IALFS_LF_WAP_Q(1.0),I,FIN: Finland,LF_WAP: Labour force participation rate,PT_WAP_SUB: Percentage of working age population in the same subgroup,_Z: Not applicable,Y: Calendar and seasonally adjusted,F: Female,Y_GE15: 15 years or over,_Z: Not applicable,Q: Quarterly,2026-Q2,57.60838,,A: Normal value,0: Units,1: One
DATAFLOW,OECD.SDD.TPS:DSD_LFS@DF_IALFS_LF_WAP_Q(1.0),I,BEL: Belgium,LF_WAP: Labour force participation rate,PT_WAP_SUB: Percentage of working age population in the same subgroup,_Z: Not applicable,Y: Calendar and seasonally adjusted,F: Female,Y_GE15: 15 years or over,_Z: Not applicable,Q: Quarterly,2025-Q3,51.36166,,A: Normal value,0: Units,1: One
DATAFLOW,OECD.SDD.TPS:DSD_LFS@DF_IALFS_LF_WAP_Q(1.0),I,BEL: Belgium,LF_WAP: Labour force participation rate,PT_WAP_SUB: Percentage of working age population in the same subgroup,_Z: Not applicable,Y: Calendar and seasonally adjusted,F: Female,Y_GE15: 15 years or over,_Z: Not applicable,Q: Quarterly,2025-Q4,51.81766,,A: Normal value,0: Units,1: One
DATAFLOW,OECD.SDD.TPS:DSD_LFS@DF_IALFS_LF_WAP_Q(1.0),I,BEL: Belgium,LF_WAP: Labour force participation rate,PT_WAP_SUB: Percentage of working age population in the same subgroup,_Z: Not applicable,Y: Calendar and seasonally adjusted,F: Female,Y_GE15: 15 years or over,_Z: Not applicable,Q: Quarterly,2026-Q1,52.29043,,A: Normal value,0: Units,1: One
DATAFLOW,OECD.SDD.TPS:DSD_LFS@DF_IALFS_LF_WAP_Q(1.0),I,BEL: Belgium,LF_WAP: Labour force participation rate,PT_WAP_SUB: Percentage of working age population in the same subgroup,_Z: Not applicable,Y: Calendar and seasonally adjusted,F: Female,Y_GE15: 15 years or over,_Z: Not applicable,Q: Quarterly,2026-Q2,52.01158,,A: Normal value,0: Units,1: One
DATAFLOW,OECD.SDD.TPS:DSD_LFS@DF_IALFS_LF_WAP_Q(1.0),I,AUT: Austria,LF_WAP: Labour force participation rate,PT_WAP_SUB: Percentage of working age population in the same subgroup,_Z: Not applicable,Y: Calendar and seasonally adjusted,F: Female,Y_GE15: 15 years or over,_Z: Not applicable,Q: Quarterly,2025-Q3,57.10733,,A: Normal value,0: Units,1: One
DATAFLOW,OECD.SDD.TPS:DSD_LFS@DF_IALFS_LF_WAP_Q(1.0),I,AUT: Austria,LF_WAP: Labour force participation rate,PT_WAP_SUB: Percentage of working age population in the same subgroup,_Z: Not applicable,Y: Calendar and seasonally adjusted,F: Female,Y_GE15: 15 years or over,_Z: Not applicable,Q: Quarterly,2025-Q4,57.31045,,A: Normal value,0: Units,1: One
DATAFLOW,OECD.SDD.TPS:DSD_LFS@DF_IALFS_LF_WAP_Q(1.0),I,AUT: Austria,LF_WAP: Labour force participation rate,PT_WAP_SUB: Percentage of working age population in the same subgroup,_Z: Not applicable,Y: Calendar and seasonally adjusted,F: Female,Y_GE15: 15 years or over,_Z: Not applicable,Q: Quarterly,2026-Q1,57.37447,,A: Normal value,0: Units,1: One
DATAFLOW,OECD.SDD.TPS:DSD_LFS@DF_IALFS_LF_WAP_Q(1.0),I,AUT: Austria,LF_WAP: Labour force participation rate,PT_WAP_SUB: Percentage of working age population in the same subgroup,_Z: Not applicable,Y: Calendar and seasonally adjusted,F: Female,Y_GE15: 15 years or over,_Z: Not applicable,Q: Quarterly,2026-Q2,57.38697,,A: Normal value,0: Units,1: One
DATAFLOW,OECD.SDD.TPS:DSD_LFS@DF_IALFS_LF_WAP_Q(1.0),I,DNK: Denmark,LF_WAP: Labour force participation rate,PT_WAP_SUB: Percentage of working age population in the same subgroup,_Z: Not applicable,Y: Calendar and seasonally adjusted,F: Female,Y_GE15: 15 years or over,_Z: Not applicable,Q: Quarterly,2025-Q3,60.14161,,A: Normal value,0: Units,1: One
DATAFLOW,OECD.SDD.TPS:DSD_LFS@DF_IALFS_LF_WAP_Q(1.0),I,DNK: Denmark,LF_WAP: Labour force participation rate,PT_WAP_SUB: Percentage of working age population in the same subgroup,_Z: Not applicable,Y: Calendar and seasonally adjusted,F: Female,Y_GE15: 15 years or over,_Z: Not applicable,Q: Quarterly,2025-Q4,60.08031,,A: Normal value,0: Units,1: One
DATAFLOW,OECD.SDD.TPS:DSD_LFS@DF_IALFS_LF_WAP_Q(1.0),I,DNK: Denmark,LF_WAP: Labour force participation rate,PT_WAP_SUB: Percentage of working age population in the same subgroup,_Z: Not applicable,Y: Calendar and seasonally adjusted,F: Female,Y_GE15: 15 years or over,_Z: Not applicable,Q: Quarterly,2026-Q1,61.06049,,A: Normal value,0: Units,1: One
DATAFLOW,OECD.SDD.TPS:DSD_LFS@DF_IALFS_LF_WAP_Q(1.0),I,DNK: Denmark,LF_WAP: Labour force participation rate,PT_WAP_SUB: Percentage of working age population in the same subgroup,_Z: Not applicable,Y: Calendar and seasonally adjusted,F: Female,Y_GE15: 15 years or over,_Z: Not applicable,Q: Quarterly,2026-Q2,61.0488,,A: Normal value,0: Units,1: One
DATAFLOW,OECD.SDD.TPS:DSD_LFS@DF_IALFS_LF_WAP_Q(1.0),I,EU: European Union,LF_WAP: Labour force participation rate,PT_WAP_SUB: Percentage of working age population in the same subgroup,_Z: Not applicable,Y: Calendar and seasonally adjusted,F: Female,Y_GE15: 15 years or over,_Z: Not applicable,Q: Quarterly,2025-Q3,52.85112,,A: Normal value,0: Units,1: One
DATAFLOW,OECD.SDD.TPS:DSD_LFS@DF_IALFS_LF_WAP_Q(1.0),I,EU: European Union,LF_WAP: Labour force participation rate,PT_WAP_SUB: Percentage of working age population in the same subgroup,_Z: Not applicable,Y: Calendar and seasonally adjusted,F: Female,Y_GE15: 15 years or over,_Z: Not applicable,Q: Quarterly,2025-Q4,52.85664,,A: Normal value,0: Units,1: One
DATAFLOW,OECD.SDD.TPS:DSD_LFS@DF_IALFS_LF_WAP_Q(1.0),I,EU: European Union,LF_WAP: Labour force participation rate,PT_WAP_SUB: Percentage of working age population in the same subgroup,_Z: Not applicable,Y: Calendar and seasonally adjusted,F: Female,Y_GE15: 15 years or over,_Z: Not applicable,Q: Quarterly,2026-Q1,52.91569,,A: Normal value,0: Units,1: One
DATAFLOW,OECD.SDD.TPS:DSD_LFS@DF_IALFS_LF_WAP_Q(1.0),I,EU: European Union,LF_WAP: Labour force participation rate,PT_WAP_SUB: Percentage of working age population in the same subgroup,_Z: Not applicable,Y: Calendar and seasonally adjusted,F: Female,Y_GE15: 15 years or over,_Z: Not applicable,Q: Quarterly,2026-Q2,52.90699,,A: Normal value,0: Units,1: One
DATAFLOW,OECD.SDD.TPS:DSD_LFS@DF_IALFS_LF_WAP_Q(1.0),I,EA: Euro area,LF_WAP: Labour force participation rate,PT_WAP_SUB: Percentage of working age population in the same subgroup,_Z: Not applicable,Y: Calendar and seasonally adjusted,F: Female,Y_GE15: 15 years or over,_Z: Not applicable,Q: Quarterly,2025-Q3,52.96893,,A: Normal value,0: Units,1: One
DATAFLOW,OECD.SDD.TPS:DSD_LFS@DF_IALFS_LF_WAP_Q(1.0),I,EA: Euro area,LF_WAP: Labour force participation rate,PT_WAP_SUB: Percentage of working age population in the same subgroup,_Z: Not applicable,Y: Calendar and seasonally adjusted,F: Female,Y_GE15: 15 years or over,_Z: Not applicable,Q: Quarterly,2025-Q4,52.93925,,A: Normal value,0: Units,1: One
DATAFLOW,OECD.SDD.TPS:DSD_LFS@DF_IALFS_LF_WAP_Q(1.0),I,EA: Euro area,LF_WAP: Labour force participation rate,PT_WAP_SUB: Percentage of working age population in the same subgroup,_Z: Not applicable,Y: Calendar and seasonally adjusted,F: Female,Y_GE15: 15 years or over,_Z: Not applicable,Q: Quarterly,2026-Q1,53.02519,,A: Normal value,0: Units,1: One
DATAFLOW,OECD.SDD.TPS:DSD_LFS@DF_IALFS_LF_WAP_Q(1.0),I,EA: Euro area,LF_WAP: Labour force participation rate,PT_WAP_SUB: Percentage of working age population in the same subgroup,_Z: Not applicable,Y: Calendar and seasonally adjusted,F: Female,Y_GE15: 15 years or over,_Z: Not applicable,Q: Quarterly,2026-Q2,52.98541,,A: Normal value,0: Units,1: One
DATAFLOW,OECD.SDD.TPS:DSD_LFS@DF_IALFS_LF_WAP_Q(1.0),I,FRA: France,LF_WAP: Labour force participation rate,PT_WAP_SUB: Percentage of working age population in the same subgroup,_Z: Not applicable,Y: Calendar and seasonally adjusted,F: Female,Y_GE15: 15 years or over,_Z: Not applicable,Q: Quarterly,2025-Q3,53.50283,,A: Normal value,0: Units,1: One
DATAFLOW,OECD.SDD.TPS:DSD_LFS@DF_IALFS_LF_WAP_Q(1.0),I,FRA: France,LF_WAP: Labour force participation rate,PT_WAP_SUB: Percentage of working age population in the same subgroup,_Z: Not applicable,Y: Calendar and seasonally adjusted,F: Female,Y_GE15: 15 years or over,_Z: Not applicable,Q: Quarterly,2025-Q4,53.35967,,A: Normal value,0: Units,1: One
DATAFLOW,OECD.SDD.TPS:DSD_LFS@DF_IALFS_LF_WAP_Q(1.0),I,FRA: France,LF_WAP: Labour force participation rate,PT_WAP_SUB: Percentage of working age population in the same subgroup,_Z: Not applicable,Y: Calendar and seasonally adjusted,F: Female,Y_GE15: 15 years or over,_Z: Not applicable,Q: Quarterly,2026-Q1,53.52412,,A: Normal value,0: Units,1: One
DATAFLOW,OECD.SDD.TPS:DSD_LFS@DF_IALFS_LF_WAP_Q(1.0),I,FRA: France,LF_WAP: Labour force participation rate,PT_WAP_SUB: Percentage of working age population in the same subgroup,_Z: Not applicable,Y: Calendar and seasonally adjusted,F: Female,Y_GE15: 15 years or over,_Z: Not applicable,Q: Quarterly,2026-Q2,53.62582,,A: Normal value,0: Units,1: One
DATAFLOW,OECD.SDD.TPS:DSD_LFS@DF_IALFS_LF_WAP_Q(1.0),I,CZE: Czechia,LF_WAP: Labour force participation rate,PT_WAP_SUB: Percentage of working age population in the same subgroup,_Z: Not applicable,Y: Calendar and seasonally adjusted,F: Female,Y_GE15: 15 years or over,_Z: Not applicable,Q: Quarterly,2025-Q3,55.1603,,A: Normal value,0: Units,1: One
DATAFLOW,OECD.SDD.TPS:DSD_LFS@DF_IALFS_LF_WAP_Q(1.0),I,CZE: Czechia,LF_WAP: Labour force participation rate,PT_WAP_SUB: Percentage of working age population in the same subgroup,_Z: Not applicable,Y: Calendar and seasonally adjusted,F: Female,Y_GE15: 15 years or over,_Z: Not applicable,Q: Quarterly,2025-Q4,55.08313,,A: Normal value,0: Units,1: One
DATAFLOW,OECD.SDD.TPS:DSD_LFS@DF_IALFS_LF_WAP_Q(1.0),I,CZE: Czechia,LF_WAP: Labour force participation rate,PT_WAP_SUB: Percentage of working age population in the same subgroup,_Z: Not applicable,Y: Calendar and seasonally adjusted,F: Female,Y_GE15: 15 years or over,_Z: Not applicable,Q: Quarterly,2026-Q1,55.26191,,A: Normal value,0: Units,1: One
DATAFLOW,OECD.SDD.TPS:DSD_LFS@DF_IALFS_LF_WAP_Q(1.0),I,CZE: Czechia,LF_WAP: Labour force participation rate,PT_WAP_SUB: Percentage of working age population in the same subgroup,_Z: Not applicable,Y: Calendar and seasonally adjusted,F: Female,Y_GE15: 15 years or over,_Z: Not applicable,Q: Quarterly,2026-Q2,55.83481,,A: Normal value,0: Units,1: One
DATAFLOW,OECD.SDD.TPS:DSD_LFS@DF_IALFS_LF_WAP_Q(1.0),I,EST: Estonia,LF_WAP: Labour force participation rate,PT_WAP_SUB: Percentage of working age population in the same subgroup,_Z: Not applicable,Y: Calendar and seasonally adjusted,M: Male,Y_GE15: 15 years or over,_Z: Not applicable,Q: Quarterly,2025-Q3,72.2604,,A: Normal value,0: Units,1: One
DATAFLOW,OECD.SDD.TPS:DSD_LFS@DF_IALFS_LF_WAP_Q(1.0),I,EST: Estonia,LF_WAP: Labour force participation rate,PT_WAP_SUB: Percentage of working age population in the same subgroup,_Z: Not applicable,Y: Calendar and seasonally adjusted,M: Male,Y_GE15: 15 years or over,_Z: Not applicable,Q: Quarterly,2025-Q4,69.75478,,A: Normal value,0: Units,1: One
DATAFLOW,OECD.SDD.TPS:DSD_LFS@DF_IALFS_LF_WAP_Q(1.0),I,EST: Estonia,LF_WAP: Labour force participation rate,PT_WAP_SUB: Percentage of working age population in the same subgroup,_Z: Not applicable,Y: Calendar and seasonally adjusted,M: Male,Y_GE15: 15 years or over,_Z: Not applicable,Q: Quarterly,2026-Q1,70.27579,,A: Normal value,0: Units,1: One
DATAFLOW,OECD.SDD.TPS:DSD_LFS@DF_IALFS_LF_WAP_Q(1.0),I,EST: Estonia,LF_WAP: Labour force participation rate,PT_WAP_SUB: Percentage of working age population in the same subgroup,_Z: Not applicable,Y: Calendar and seasonally adjusted,M: Male,Y_GE15: 15 years or over,_Z: Not applicable,Q: Quarterly,2026-Q2,70.4724,,A: Normal value,0: Units,1: One
DATAFLOW,OECD.SDD.TPS:DSD_LFS@DF_IALFS_LF_WAP_Q(1.0),I,FIN: Finland,LF_WAP: Labour force participation rate,PT_WAP_SUB: Percentage of working age population in the same subgroup,_Z: Not applicable,Y: Calendar and seasonally adjusted,M: Male,Y_GE15: 15 years or over,_Z: Not applicable,Q: Quarterly,2025-Q3,64.33585,,A: Normal value,0: Units,1: One
DATAFLOW,OECD.SDD.TPS:DSD_LFS@DF_IALFS_LF_WAP_Q(1.0),I,FIN: Finland,LF_WAP: Labour force participation rate,PT_WAP_SUB: Percentage of working age population in the same subgroup,_Z: Not applicable,Y: Calendar and seasonally adjusted,M: Male,Y_GE15: 15 years or over,_Z: Not applicable,Q: Quarterly,2025-Q4,64.39351,,A: Normal value,0: Units,1: One
DATAFLOW,OECD.SDD.TPS:DSD_LFS@DF_IALFS_LF_WAP_Q(1.0),I,FIN: Finland,LF_WAP: Labour force participation rate,PT_WAP_SUB: Percentage of working age population in the same subgroup,_Z: Not applicable,Y: Calendar and seasonally adjusted,M: Male,Y_GE15: 15 years or over,_Z: Not applicable,Q: Quarterly,2026-Q1,64.34507,,A: Normal value,0: Units,1: One
DATAFLOW,OECD.SDD.TPS:DSD_LFS@DF_IALFS_LF_WAP_Q(1.0),I,FIN: Finland,LF_WAP: Labour force participation rate,PT_WAP_SUB: Percentage of working age population in the same subgroup,_Z: Not applicable,Y: Calendar and seasonally adjusted,M: Male,Y_GE15: 15 years or over,_Z: Not applicable,Q: Quarterly,2026-Q2,64.0015,,A: Normal value,0: Units,1: One
DATAFLOW,OECD.SDD.TPS:DSD_LFS@DF_IALFS_LF_WAP_Q(1.0),I,FRA: France,LF_WAP: Labour force participation rate,PT_WAP_SUB: Percentage of working age population in the same subgroup,_Z: Not applicable,Y: Calendar and seasonally adjusted,M: Male,Y_GE15: 15 years or over,_Z: Not applicable,Q: Quarterly,2025-Q3,60.79941,,A: Normal value,0: Units,1: One
DATAFLOW,OECD.SDD.TPS:DSD_LFS@DF_IALFS_LF_WAP_Q(1.0),I,FRA: France,LF_WAP: Labour force participation rate,PT_WAP_SUB: Percentage of working age population in the same subgroup,_Z: Not applicable,Y: Calendar and seasonally adjusted,M: Male,Y_GE15: 15 years or over,_Z: Not applicable,Q: Quarterly,2025-Q4,60.82779,,A: Normal value,0: Units,1: One
DATAFLOW,OECD.SDD.TPS:DSD_LFS@DF_IALFS_LF_WAP_Q(1.0),I,FRA: France,LF_WAP: Labour force participation rate,PT_WAP_SUB: Percentage of working age population in the same subgroup,_Z: Not applicable,Y: Calendar and seasonally adjusted,M: Male,Y_GE15: 15 years or over,_Z: Not applicable,Q: Quarterly,2026-Q1,60.67657,,A: Normal value,0: Units,1: One
DATAFLOW,OECD.SDD.TPS:DSD_LFS@DF_IALFS_LF_WAP_Q(1.0),I,FRA: France,LF_WAP: Labour force participation rate,PT_WAP_SUB: Percentage of working age population in the same subgroup,_Z: Not applicable,Y: Calendar and seasonally adjusted,M: Male,Y_GE15: 15 years or over,_Z: Not applicable,Q: Quarterly,2026-Q2,60.42788,,A: Normal value,0: Units,1: One
DATAFLOW,OECD.SDD.TPS:DSD_LFS@DF_IALFS_LF_WAP_Q(1.0),I,AUT: Austria,LF_WAP: Labour force participation rate,PT_WAP_SUB: Percentage of working age population in the same subgroup,_Z: Not applicable,Y: Calendar and seasonally adjusted,M: Male,Y_GE15: 15 years or over,_Z: Not applicable,Q: Quarterly,2025-Q3,66.41766,,A: Normal value,0: Units,1: One
DATAFLOW,OECD.SDD.TPS:DSD_LFS@DF_IALFS_LF_WAP_Q(1.0),I,AUT: Austria,LF_WAP: Labour force participation rate,PT_WAP_SUB: Percentage of working age population in the same subgroup,_Z: Not applicable,Y: Calendar and seasonally adjusted,M: Male,Y_GE15: 15 years or over,_Z: Not applicable,Q: Quarterly,2025-Q4,66.71597,,A: Normal value,0: Units,1: One
DATAFLOW,OECD.SDD.TPS:DSD_LFS@DF_IALFS_LF_WAP_Q(1.0),I,AUT: Austria,LF_WAP: Labour force participation rate,PT_WAP_SUB: Percentage of working age population in the same subgroup,_Z: Not applicable,Y: Calendar and seasonally adjusted,M: Male,Y_GE15: 15 years or over,_Z: Not applicable,Q: Quarterly,2026-Q1,66.63576,,A: Normal value,0: Units,1: One
DATAFLOW,OECD.SDD.TPS:DSD_LFS@DF_IALFS_LF_WAP_Q(1.0),I,AUT: Austria,LF_WAP: Labour force participation rate,PT_WAP_SUB: Percentage of working age population in the same subgroup,_Z: Not applicable,Y: Calendar and seasonally adjusted,M: Male,Y_GE15: 15 years or over,_Z: Not applicable,Q: Quarterly,2026-Q2,66.45886,,A: Normal value,0: Units,1: One
DATAFLOW,OECD.SDD.TPS:DSD_LFS@DF_IALFS_LF_WAP_Q(1.0),I,CZE: Czechia,LF_WAP: Labour force participation rate,PT_WAP_SUB: Percentage of working age population in the same subgroup,_Z: Not applicable,Y: Calendar and seasonally adjusted,M: Male,Y_GE15: 15 years or over,_Z: Not applicable,Q: Quarterly,2025-Q3,67.46893,,A: Normal value,0: Units,1: One
DATAFLOW,OECD.SDD.TPS:DSD_LFS@DF_IALFS_LF_WAP_Q(1.0),I,CZE: Czechia,LF_WAP: Labour force participation rate,PT_WAP_SUB: Percentage of working age population in the same subgroup,_Z: Not applicable,Y: Calendar and seasonally adjusted,M: Male,Y_GE15: 15 years or over,_Z: Not applicable,Q: Quarterly,2025-Q4,67.56192,,A: Normal value,0: Units,1: One
DATAFLOW,OECD.SDD.TPS:DSD_LFS@DF_IALFS_LF_WAP_Q(1.0),I,CZE: Czechia,LF_WAP: Labour force participation rate,PT_WAP_SUB: Percentage of working age population in the same subgroup,_Z: Not applicable,Y: Calendar and seasonally adjusted,M: Male,Y_GE15: 15 years or over,_Z: Not applicable,Q: Quarterly,2026-Q1,68.10823,,A: Normal value,0: Units,1: One
DATAFLOW,OECD.SDD.TPS:DSD_LFS@DF_IALFS_LF_WAP_Q(1.0),I,CZE: Czechia,LF_WAP: Labour force participation rate,PT_WAP_SUB: Percentage of working age population in the same subgroup,_Z: Not applicable,Y: Calendar and seasonally adjusted,M: Male,Y_GE15: 15 years or over,_Z: Not applicable,Q: Quarterly,2026-Q2,67.85994,,A: Normal value,0: Units,1: One
DATAFLOW,OECD.SDD.TPS:DSD_LFS@DF_IALFS_LF_WAP_Q(1.0),I,ESP: Spain,LF_WAP: Labour force participation rate,PT_WAP_SUB: Percentage of working age population in the same subgroup,_Z: Not applicable,Y: Calendar and seasonally adjusted,M: Male,Y_GE15: 15 years or over,_Z: Not applicable,Q: Quarterly,2025-Q3,62.81279,,A: Normal value,0: Units,1: One
DATAFLOW,OECD.SDD.TPS:DSD_LFS@DF_IALFS_LF_WAP_Q(1.0),I,ESP: Spain,LF_WAP: Labour force participation rate,PT_WAP_SUB: Percentage of working age population in the same subgroup,_Z: Not applicable,Y: Calendar and seasonally adjusted,M: Male,Y_GE15: 15 years or over,_Z: Not applicable,Q: Quarterly,2025-Q4,63.02925,,A: Normal value,0: Units,1: One
DATAFLOW,OECD.SDD.TPS:DSD_LFS@DF_IALFS_LF_WAP_Q(1.0),I,ESP: Spain,LF_WAP: Labour force participation rate,PT_WAP_SUB: Percentage of working age population in the same subgroup,_Z: Not applicable,Y: Calendar and seasonally adjusted,M: Male,Y_GE15: 15 years or over,_Z: Not applicable,Q: Quarterly,2026-Q1,63.11675,,A: Normal value,0: Units,1: One
DATAFLOW,OECD.SDD.TPS:DSD_LFS@DF_IALFS_LF_WAP_Q(1.0),I,ESP: Spain,LF_WAP: Labour force participation rate,PT_WAP_SUB: Percentage of working age population in the same subgroup,_Z: Not applicable,Y: Calendar and seasonally adjusted,M: Male,Y_GE15: 15 years or over,_Z: Not applicable,Q: Quarterly,2026-Q2,63.22992,,A: Normal value,0: Units,1: One
DATAFLOW,OECD.SDD.TPS:DSD_LFS@DF_IALFS_LF_WAP_Q(1.0),I,EA: Euro area,LF_WAP: Labour force participation rate,PT_WAP_SUB: Percentage of working age population in the same subgroup,_Z: Not applicable,Y: Calendar and seasonally adjusted,M: Male,Y_GE15: 15 years or over,_Z: Not applicable,Q: Quarterly,2025-Q3,63.43665,,A: Normal value,0: Units,1: One
DATAFLOW,OECD.SDD.TPS:DSD_LFS@DF_IALFS_LF_WAP_Q(1.0),I,EA: Euro area,LF_WAP: Labour force participation rate,PT_WAP_SUB: Percentage of working age population in the same subgroup,_Z: Not applicable,Y: Calendar and seasonally adjusted,M: Male,Y_GE15: 15 years or over,_Z: Not applicable,Q: Quarterly,2025-Q4,63.44312,,A: Normal value,0: Units,1: One
DATAFLOW,OECD.SDD.TPS:DSD_LFS@DF_IALFS_LF_WAP_Q(1.0),I,EA: Euro area,LF_WAP: Labour force participation rate,PT_WAP_SUB: Percentage of working age population in the same subgroup,_Z: Not applicable,Y: Calendar and seasonally adjusted,M: Male,Y_GE15: 15 years or over,_Z: Not applicable,Q: Quarterly,2026-Q1,63.41251,,A: Normal value,0: Units,1: One
DATAFLOW,OECD.SDD.TPS:DSD_LFS@DF_IALFS_LF_WAP_Q(1.0),I,EA: Euro area,LF_WAP: Labour force participation rate,PT_WAP_SUB: Percentage of working age population in the same subgroup,_Z: Not applicable,Y: Calendar and seasonally adjusted,M: Male,Y_GE15: 15 years or over,_Z: Not applicable,Q: Quarterly,2026-Q2,63.30347,,A: Normal value,0: Units,1: One
DATAFLOW,OECD.SDD.TPS:DSD_LFS@DF_IALFS_LF_WAP_Q(1.0),I,EU: European Union,LF_WAP: Labour force participation rate,PT_WAP_SUB: Percentage of working age population in the same subgroup,_Z: Not applicable,Y: Calendar and seasonally adjusted,M: Male,Y_GE15: 15 years or over,_Z: Not applicable,Q: Quarterly,2025-Q3,63.9371,,A: Normal value,0: Units,1: One
DATAFLOW,OECD.SDD.TPS:DSD_LFS@DF_IALFS_LF_WAP_Q(1.0),I,EU: European Union,LF_WAP: Labour force participation rate,PT_WAP_SUB: Percentage of working age population in the same subgroup,_Z: Not applicable,Y: Calendar and seasonally adjusted,M: Male,Y_GE15: 15 years or over,_Z: Not applicable,Q: Quarterly,2025-Q4,63.92171,,A: Normal value,0: Units,1: One
DATAFLOW,OECD.SDD.TPS:DSD_LFS@DF_IALFS_LF_WAP_Q(1.0),I,EU: European Union,LF_WAP: Labour force participation rate,PT_WAP_SUB: Percentage of working age population in the same subgroup,_Z: Not applicable,Y: Calendar and seasonally adjusted,M: Male,Y_GE15: 15 years or over,_Z: Not applicable,Q: Quarterly,2026-Q1,63.93426,,A: Normal value,0: Units,1: One
DATAFLOW,OECD.SDD.TPS:DSD_LFS@DF_IALFS_LF_WAP_Q(1.0),I,EU: European Union,LF_WAP: Labour force participation rate,PT_WAP_SUB: Percentage of working age population in the same subgroup,_Z: Not applicable,Y: Calendar and seasonally adjusted,M: Male,Y_GE15: 15 years or over,_Z: Not applicable,Q: Quarterly,2026-Q2,63.85408,,A: Normal value,0: Units,1: One
DATAFLOW,OECD.SDD.TPS:DSD_LFS@DF_IALFS_LF_WAP_Q(1.0),I,CHE: Switzerland,LF_WAP: Labour force participation rate,PT_WAP_SUB: Percentage of working age population in the same subgroup,_Z: Not applicable,Y: Calendar and seasonally adjusted,M: Male,Y_GE15: 15 years or over,_Z: Not applicable,Q: Quarterly,2025-Q3,71.87565,,A: Normal value,0: Units,1: One
DATAFLOW,OECD.SDD.TPS:DSD_LFS@DF_IALFS_LF_WAP_Q(1.0),I,CHE: Switzerland,LF_WAP: Labour force participation rate,PT_WAP_SUB: Percentage of working age population in the same subgroup,_Z: Not applicable,Y: Calendar and seasonally adjusted,M: Male,Y_GE15: 15 years or over,_Z: Not applicable,Q: Quarterly,2025-Q4,72.04765,,A: Normal value,0: Units,1: One
DATAFLOW,OECD.SDD.TPS:DSD_LFS@DF_IALFS_LF_WAP_Q(1.0),I,CHE: Switzerland,LF_WAP: Labour force participation rate,PT_WAP_SUB: Percentage of working age population in the same subgroup,_Z: Not applicable,Y: Calendar and seasonally adjusted,M: Male,Y_GE15: 15 years or over,_Z: Not applicable,Q: Quarterly,2026-Q1,71.94344,,A: Normal value,0: Units,1: One
DATAFLOW,OECD.SDD.TPS:DSD_LFS@DF_IALFS_LF_WAP_Q(1.0),I,CHE: Switzerland,LF_WAP: Labour force participation rate,PT_WAP_SUB: Percentage of working age population in the same subgroup,_Z: Not applicable,Y: Calendar and seasonally adjusted,M: Male,Y_GE15: 15 years or over,_Z: Not applicable,Q: Quarterly,2026-Q2,71.9848,,A: Normal value,0: Units,1: One
DATAFLOW,OECD.SDD.TPS:DSD_LFS@DF_IALFS_LF_WAP_Q(1.0),I,BEL: Belgium,LF_WAP: Labour force participation rate,PT_WAP_SUB: Percentage of working age population in the same subgroup,_Z: Not applicable,Y: Calendar and seasonally adjusted,M: Male,Y_GE15: 15 years or over,_Z: Not applicable,Q: Quarterly,2025-Q3,60.44374,,A: Normal value,0: Units,1: One
DATAFLOW,OECD.SDD.TPS:DSD_LFS@DF_IALFS_LF_WAP_Q(1.0),I,BEL: Belgium,LF_WAP: Labour force participation rate,PT_WAP_SUB: Percentage of working age population in the same subgroup,_Z: Not applicable,Y: Calendar and seasonally adjusted,M: Male,Y_GE15: 15 years or over,_Z: Not applicable,Q: Quarterly,2025-Q4,60.01796,,A: Normal value,0: Units,1: One
DATAFLOW,OECD.SDD.TPS:DSD_LFS@DF_IALFS_LF_WAP_Q(1.0),I,BEL: Belgium,LF_WAP: Labour force participation rate,PT_WAP_SUB: Percentage of working age population in the same subgroup,_Z: Not applicable,Y: Calendar and seasonally adjusted,M: Male,Y_GE15: 15 years or over,_Z: Not applicable,Q: Quarterly,2026-Q1,59.5331,,A: Normal value,0: Units,1: One
DATAFLOW,OECD.SDD.TPS:DSD_LFS@DF_IALFS_LF_WAP_Q(1.0),I,BEL: Belgium,LF_WAP: Labour force participation rate,PT_WAP_SUB: Percentage of working age population in the same subgroup,_Z: Not applicable,Y: Calendar and seasonally adjusted,M: Male,Y_GE15: 15 years or over,_Z: Not applicable,Q: Quarterly,2026-Q2,60.0487,,A: Normal value,0: Units,1: One
DATAFLOW,OECD.SDD.TPS:DSD_LFS@DF_IALFS_LF_WAP_Q(1.0),I,DNK: Denmark,LF_WAP: Labour force participation rate,PT_WAP_SUB: Percentage of working age population in the same subgroup,_Z: Not applicable,Y: Calendar and seasonally adjusted,M: Male,Y_GE15: 15 years or over,_Z: Not applicable,Q: Quarterly,2025-Q3,70.11937,,A: Normal value,0: Units,1: One
DATAFLOW,OECD.SDD.TPS:DSD_LFS@DF_IALFS_LF_WAP_Q(1.0),I,DNK: Denmark,LF_WAP: Labour force participation rate,PT_WAP_SUB: Percentage of working age population in the same subgroup,_Z: Not applicable,Y: Calendar and seasonally adjusted,M: Male,Y_GE15: 15 years or over,_Z: Not applicable,Q: Quarterly,2025-Q4,69.70018,,A: Normal value,0: Units,1: One
DATAFLOW,OECD.SDD.TPS:DSD_LFS@DF_IALFS_LF_WAP_Q(1.0),I,DNK: Denmark,LF_WAP: Labour force participation rate,PT_WAP_SUB: Percentage of working age population in the same subgroup,_Z: Not applicable,Y: Calendar and seasonally adjusted,M: Male,Y_GE15: 15 years or over,_Z: Not applicable,Q: Quarterly,2026-Q1,69.58481,,A: Normal value,0: Units,1: One
DATAFLOW,OECD.SDD.TPS:DSD_LFS@DF_IALFS_LF_WAP_Q(1.0),I,DNK: Denmark,LF_WAP: Labour force participation rate,PT_WAP_SUB: Percentage of working age population in the same subgroup,_Z: Not applicable,Y: Calendar and seasonally adjusted,M: Male,Y_GE15: 15 years or over,_Z: Not applicable,Q: Quarterly,2026-Q2,70.12527,,A: Normal value,0: Units,1: One
DATAFLOW,OECD.SDD.TPS:DSD_LFS@DF_IALFS_LF_WAP_Q(1.0),I,AUT: Austria,LF_WAP: Labour force participation rate,PT_WAP_SUB: Percentage of working age population in the same subgroup,_Z: Not applicable,Y: Calendar and seasonally adjusted,_T: Total,Y_GE15: 15 years or over,_Z: Not applicable,Q: Quarterly,2025-Q3,61.65616,,A: Normal value,0: Units,1: One
DATAFLOW,OECD.SDD.TPS:DSD_LFS@DF_IALFS_LF_WAP_Q(1.0),I,AUT: Austria,LF_WAP: Labour force participation rate,PT_WAP_SUB: Percentage of working age population in the same subgroup,_Z: Not applicable,Y: Calendar and seasonally adjusted,_T: Total,Y_GE15: 15 years or over,_Z: Not applicable,Q: Quarterly,2025-Q4,61.90606,,A: Normal value,0: Units,1: One
DATAFLOW,OECD.SDD.TPS:DSD_LFS@DF_IALFS_LF_WAP_Q(1.0),I,AUT: Austria,LF_WAP: Labour force participation rate,PT_WAP_SUB: Percentage of working age population in the same subgroup,_Z: Not applicable,Y: Calendar and seasonally adjusted,_T: Total,Y_GE15: 15 years or over,_Z: Not applicable,Q: Quarterly,2026-Q1,61.89866,,A: Normal value,0: Units,1: One
DATAFLOW,OECD.SDD.TPS:DSD_LFS@DF_IALFS_LF_WAP_Q(1.0),I,AUT: Austria,LF_WAP: Labour force participation rate,PT_WAP_SUB: Percentage of working age population in the same subgroup,_Z: Not applicable,Y: Calendar and seasonally adjusted,_T: Total,Y_GE15: 15 years or over,_Z: Not applicable,Q: Quarterly,2026-Q2,61.81799,,A: Normal value,0: Units,1: One
DATAFLOW,OECD.SDD.TPS:DSD_LFS@DF_IALFS_LF_WAP_Q(1.0),I,DNK: Denmark,LF_WAP: Labour force participation rate,PT_WAP_SUB: Percentage of working age population in the same subgroup,_Z: Not applicable,Y: Calendar and seasonally adjusted,_T: Total,Y_GE15: 15 years or over,_Z: Not applicable,Q: Quarterly,2025-Q3,65.07875,,A: Normal value,0: Units,1: One
DATAFLOW,OECD.SDD.TPS:DSD_LFS@DF_IALFS_LF_WAP_Q(1.0),I,DNK: Denmark,LF_WAP: Labour force participation rate,PT_WAP_SUB: Percentage of working age population in the same subgroup,_Z: Not applicable,Y: Calendar and seasonally adjusted,_T: Total,Y_GE15: 15 years or over,_Z: Not applicable,Q: Quarterly,2025-Q4,64.82899,,A: Normal value,0: Units,1: One
DATAFLOW,OECD.SDD.TPS:DSD_LFS@DF_IALFS_LF_WAP_Q(1.0),I,DNK: Denmark,LF_WAP: Labour force participation rate,PT_WAP_SUB: Percentage of working age population in the same subgroup,_Z: Not applicable,Y: Calendar and seasonally adjusted,_T: Total,Y_GE15: 15 years or over,_Z: Not applicable,Q: Quarterly,2026-Q1,65.26457,,A: Normal value,0: Units,1: One
DATAFLOW,OECD.SDD.TPS:DSD_LFS@DF_IALFS_LF_WAP_Q(1.0),I,DNK: Denmark,LF_WAP: Labour force participation rate,PT_WAP_SUB: Percentage of working age population in the same subgroup,_Z: Not applicable,Y: Calendar and seasonally adjusted,_T: Total,Y_GE15: 15 years or over,_Z: Not applicable,Q: Quarterly,2026-Q2,65.53592,,A: Normal value,0: Units,1: One
DATAFLOW,OECD.SDD.TPS:DSD_LFS@DF_IALFS_LF_WAP_Q(1.0),I,FIN: Finland,LF_WAP: Labour force participation rate,PT_WAP_SUB: Percentage of working age population in the same subgroup,_Z: Not applicable,Y: Calendar and seasonally adjusted,_T: Total,Y_GE15: 15 years or over,_Z: Not applicable,Q: Quarterly,2025-Q3,60.85948,,A: Normal value,0: Units,1: One
DATAFLOW,OECD.SDD.TPS:DSD_LFS@DF_IALFS_LF_WAP_Q(1.0),I,FIN: Finland,LF_WAP: Labour force participation rate,PT_WAP_SUB: Percentage of working age population in the same subgroup,_Z: Not applicable,Y: Calendar and seasonally adjusted,_T: Total,Y_GE15: 15 years or over,_Z: Not applicable,Q: Quarterly,2025-Q4,61.25199,,A: Normal value,0: Units,1: One
DATAFLOW,OECD.SDD.TPS:DSD_LFS@DF_IALFS_LF_WAP_Q(1.0),I,FIN: Finland,LF_WAP: Labour force participation rate,PT_WAP_SUB: Percentage of working age population in the same subgroup,_Z: Not applicable,Y: Calendar and seasonally adjusted,_T: Total,Y_GE15: 15 years or over,_Z: Not applicable,Q: Quarterly,2026-Q1,60.92678,,A: Normal value,0: Units,1: One
DATAFLOW,OECD.SDD.TPS:DSD_LFS@DF_IALFS_LF_WAP_Q(1.0),I,FIN: Finland,LF_WAP: Labour force participation rate,PT_WAP_SUB: Percentage of working age population in the same subgroup,_Z: Not applicable,Y: Calendar and seasonally adjusted,_T: Total,Y_GE15: 15 years or over,_Z: Not applicable,Q: Quarterly,2026-Q2,60.76627,,A: Normal value,0: Units,1: One
DATAFLOW,OECD.SDD.TPS:DSD_LFS@DF_IALFS_LF_WAP_Q(1.0),I,FRA: France,LF_WAP: Labour force participation rate,PT_WAP_SUB: Percentage of working age population in the same subgroup,_Z: Not applicable,Y: Calendar and seasonally adjusted,_T: Total,Y_GE15: 15 years or over,_Z: Not applicable,Q: Quarterly,2025-Q3,57.00605,,A: Normal value,0: Units,1: One
DATAFLOW,OECD.SDD.TPS:DSD_LFS@DF_IALFS_LF_WAP_Q(1.0),I,FRA: France,LF_WAP: Labour force participation rate,PT_WAP_SUB: Percentage of working age population in the same subgroup,_Z: Not applicable,Y: Calendar and seasonally adjusted,_T: Total,Y_GE15: 15 years or over,_Z: Not applicable,Q: Quarterly,2025-Q4,56.94448,,A: Normal value,0: Units,1: One
DATAFLOW,OECD.SDD.TPS:DSD_LFS@DF_IALFS_LF_WAP_Q(1.0),I,FRA: France,LF_WAP: Labour force participation rate,PT_WAP_SUB: Percentage of working age population in the same subgroup,_Z: Not applicable,Y: Calendar and seasonally adjusted,_T: Total,Y_GE15: 15 years or over,_Z: Not applicable,Q: Quarterly,2026-Q1,56.95855,,A: Normal value,0: Units,1: One
DATAFLOW,OECD.SDD.TPS:DSD_LFS@DF_IALFS_LF_WAP_Q(1.0),I,FRA: France,LF_WAP: Labour force participation rate,PT_WAP_SUB: Percentage of working age population in the same subgroup,_Z: Not applicable,Y: Calendar and seasonally adjusted,_T: Total,Y_GE15: 15 years or over,_Z: Not applicable,Q: Quarterly,2026-Q2,56.89696,,A: Normal value,0: Units,1: One
DATAFLOW,OECD.SDD.TPS:DSD_LFS@DF_IALFS_LF_WAP_Q(1.0),I,ESP: Spain,LF_WAP: Labour force participation rate,PT_WAP_SUB: Percentage of working age population in the same subgroup,_Z: Not applicable,Y: Calendar and seasonally adjusted,_T: Total,Y_GE15: 15 years or over,_Z: Not applicable,Q: Quarterly,2025-Q3,58.18846,,A: Normal value,0: Units,1: One
DATAFLOW,OECD.SDD.TPS:DSD_LFS@DF_IALFS_LF_WAP_Q(1.0),I,ESP: Spain,LF_WAP: Labour force participation rate,PT_WAP_SUB: Percentage of working age population in the same subgroup,_Z: Not applicable,Y: Calendar and seasonally adjusted,_T: Total,Y_GE15: 15 years or over,_Z: Not applicable,Q: Quarterly,2025-Q4,58.29181,,A: Normal value,0: Units,1: One
DATAFLOW,OECD.SDD.TPS:DSD_LFS@DF_IALFS_LF_WAP_Q(1.0),I,ESP: Spain,LF_WAP: Labour force participation rate,PT_WAP_SUB: Percentage of working age population in the same subgroup,_Z: Not applicable,Y: Calendar and seasonally adjusted,_T: Total,Y_GE15: 15 years or over,_Z: Not applicable,Q: Quarterly,2026-Q1,58.34504,,A: Normal value,0: Units,1: One
DATAFLOW,OECD.SDD.TPS:DSD_LFS@DF_IALFS_LF_WAP_Q(1.0),I,ESP: Spain,LF_WAP: Labour force participation rate,PT_WAP_SUB: Percentage of working age population in the same subgroup,_Z: Not applicable,Y: Calendar and seasonally adjusted,_T: Total,Y_GE15: 15 years or over,_Z: Not applicable,Q: Quarterly,2026-Q2,58.42213,,A: Normal value,0: Units,1: One
DATAFLOW,OECD.SDD.TPS:DSD_LFS@DF_IALFS_LF_WAP_Q(1.0),I,EU: European Union,LF_WAP: Labour force participation rate,PT_WAP_SUB: Percentage of working age population in the same subgroup,_Z: Not applicable,Y: Calendar and seasonally adjusted,_T: Total,Y_GE15: 15 years or over,_Z: Not applicable,Q: Quarterly,2025-Q3,58.23741,,A: Normal value,0: Units,1: One
DATAFLOW,OECD.SDD.TPS:DSD_LFS@DF_IALFS_LF_WAP_Q(1.0),I,EU: European Union,LF_WAP: Labour force participation rate,PT_WAP_SUB: Percentage of working age population in the same subgroup,_Z: Not applicable,Y: Calendar and seasonally adjusted,_T: Total,Y_GE15: 15 years or over,_Z: Not applicable,Q: Quarterly,2025-Q4,58.23089,,A: Normal value,0: Units,1: One
DATAFLOW,OECD.SDD.TPS:DSD_LFS@DF_IALFS_LF_WAP_Q(1.0),I,EU: European Union,LF_WAP: Labour force participation rate,PT_WAP_SUB: Percentage of working age population in the same subgroup,_Z: Not applicable,Y: Calendar and seasonally adjusted,_T: Total,Y_GE15: 15 years or over,_Z: Not applicable,Q: Quarterly,2026-Q1,58.26598,,A: Normal value,0: Units,1: One
DATAFLOW,OECD.SDD.TPS:DSD_LFS@DF_IALFS_LF_WAP_Q(1.0),I,EU: European Union,LF_WAP: Labour force participation rate,PT_WAP_SUB: Percentage of working age population in the same subgroup,_Z: Not applicable,Y: Calendar and seasonally adjusted,_T: Total,Y_GE15: 15 years or over,_Z: Not applicable,Q: Quarterly,2026-Q2,58.22907,,A: Normal value,0: Units,1: One
DATAFLOW,OECD.SDD.TPS:DSD_LFS@DF_IALFS_LF_WAP_Q(1.0),I,EST: Estonia,LF_WAP: Labour force participation rate,PT_WAP_SUB: Percentage of working age population in the same subgroup,_Z: Not applicable,Y: Calendar and seasonally adjusted,_T: Total,Y_GE15: 15 years or over,_Z: Not applicable,Q: Quarterly,2025-Q3,67.0863,,A: Normal value,0: Units,1: One
DATAFLOW,OECD.SDD.TPS:DSD_LFS@DF_IALFS_LF_WAP_Q(1.0),I,EST: Estonia,LF_WAP: Labour force participation rate,PT_WAP_SUB: Percentage of working age population in the same subgroup,_Z: Not applicable,Y: Calendar and seasonally adjusted,_T: Total,Y_GE15: 15 years or over,_Z: Not applicable,Q: Quarterly,2025-Q4,65.21725,,A: Normal value,0: Units,1: One
DATAFLOW,OECD.SDD.TPS:DSD_LFS@DF_IALFS_LF_WAP_Q(1.0),I,EST: Estonia,LF_WAP: Labour force participation rate,PT_WAP_SUB: Percentage of working age population in the same subgroup,_Z: Not applicable,Y: Calendar and seasonally adjusted,_T: Total,Y_GE15: 15 years or over,_Z: Not applicable,Q: Quarterly,2026-Q1,65.62432,,A: Normal value,0: Units,1: One
DATAFLOW,OECD.SDD.TPS:DSD_LFS@DF_IALFS_LF_WAP_Q(1.0),I,EST: Estonia,LF_WAP: Labour force participation rate,PT_WAP_SUB: Percentage of working age population in the same subgroup,_Z: Not applicable,Y: Calendar and seasonally adjusted,_T: Total,Y_GE15: 15 years or over,_Z: Not applicable,Q: Quarterly,2026-Q2,65.67023,,A: Normal value,0: Units,1: One
DATAFLOW,OECD.SDD.TPS:DSD_LFS@DF_IALFS_LF_WAP_Q(1.0),I,EA: Euro area,LF_WAP: Labour force participation rate,PT_WAP_SUB: Percentage of working age population in the same subgroup,_Z: Not applicable,Y: Calendar and seasonally adjusted,_T: Total,Y_GE15: 15 years or over,_Z: Not applicable,Q: Quarterly,2025-Q3,58.061,,A: Normal value,0: Units,1: One
DATAFLOW,OECD.SDD.TPS:DSD_LFS@DF_IALFS_LF_WAP_Q(1.0),I,EA: Euro area,LF_WAP: Labour force participation rate,PT_WAP_SUB: Percentage of working age population in the same subgroup,_Z: Not applicable,Y: Calendar and seasonally adjusted,_T: Total,Y_GE15: 15 years or over,_Z: Not applicable,Q: Quarterly,2025-Q4,58.04807,,A: Normal value,0: Units,1: One
DATAFLOW,OECD.SDD.TPS:DSD_LFS@DF_IALFS_LF_WAP_Q(1.0),I,EA: Euro area,LF_WAP: Labour force participation rate,PT_WAP_SUB: Percentage of working age population in the same subgroup,_Z: Not applicable,Y: Calendar and seasonally adjusted,_T: Total,Y_GE15: 15 years or over,_Z: Not applicable,Q: Quarterly,2026-Q1,58.07961,,A: Normal value,0: Units,1: One
DATAFLOW,OECD.SDD.TPS:DSD_LFS@DF_IALFS_LF_WAP_Q(1.0),I,EA: Euro area,LF_WAP: Labour force participation rate,PT_WAP_SUB: Percentage of working age population in the same subgroup,_Z: Not applicable,Y: Calendar and seasonally adjusted,_T: Total,Y_GE15: 15 years or over,_Z: Not applicable,Q: Quarterly,2026-Q2,58.00647,,A: Normal value,0: Units,1: One
DATAFLOW,OECD.SDD.TPS:DSD_LFS@DF_IALFS_LF_WAP_Q(1.0),I,CHE: Switzerland,LF_WAP: Labour force participation rate,PT_WAP_SUB: Percentage of working age population in the same subgroup,_Z: Not applicable,Y: Calendar and seasonally adjusted,_T: Total,Y_GE15: 15 years or over,_Z: Not applicable,Q: Quarterly,2025-Q3,67.23738,,A: Normal value,0: Units,1: One
DATAFLOW,OECD.SDD.TPS:DSD_LFS@DF_IALFS_LF_WAP_Q(1.0),I,CHE: Switzerland,LF_WAP: Labour force participation rate,PT_WAP_SUB: Percentage of working age population in the same subgroup,_Z: Not applicable,Y: Calendar and seasonally adjusted,_T: Total,Y_GE15: 15 years or over,_Z: Not applicable,Q: Quarterly,2025-Q4,67.32813,,A: Normal value,0: Units,1: One
DATAFLOW,OECD.SDD.TPS:DSD_LFS@DF_IALFS_LF_WAP_Q(1.0),I,CHE: Switzerland,LF_WAP: Labour force participation rate,PT_WAP_SUB: Percentage of working age population in the same subgroup,_Z: Not applicable,Y: Calendar and seasonally adjusted,_T: Total,Y_GE15: 15 years or over,_Z: Not applicable,Q: Quarterly,2026-Q1,67.16874,,A: Normal value,0: Units,1: One
DATAFLOW,OECD.SDD.TPS:DSD_LFS@DF_IALFS_LF_WAP_Q(1.0),I,CHE: Switzerland,LF_WAP: Labour force participation rate,PT_WAP_SUB: Percentage of working age population in the same subgroup,_Z: Not applicable,Y: Calendar and seasonally adjusted,_T: Total,Y_GE15: 15 years or over,_Z: Not applicable,Q: Quarterly,2026-Q2,67.34184,,A: Normal value,0: Units,1: One
DATAFLOW,OECD.SDD.TPS:DSD_LFS@DF_IALFS_LF_WAP_Q(1.0),I,BEL: Belgium,LF_WAP: Labour force participation rate,PT_WAP_SUB: Percentage of working age population in the same subgroup,_Z: Not applicable,Y: Calendar and seasonally adjusted,_T: Total,Y_GE15: 15 years or over,_Z: Not applicable,Q: Quarterly,2025-Q3,55.82269,,A: Normal value,0: Units,1: One
DATAFLOW,OECD.SDD.TPS:DSD_LFS@DF_IALFS_LF_WAP_Q(1.0),I,BEL: Belgium,LF_WAP: Labour force participation rate,PT_WAP_SUB: Percentage of working age population in the same subgroup,_Z: Not applicable,Y: Calendar and seasonally adjusted,_T: Total,Y_GE15: 15 years or over,_Z: Not applicable,Q: Quarterly,2025-Q4,55.84365,,A: Normal value,0: Units,1: One
DATAFLOW,OECD.SDD.TPS:DSD_LFS@DF_IALFS_LF_WAP_Q(1.0),I,BEL: Belgium,LF_WAP: Labour force participation rate,PT_WAP_SUB: Percentage of working age population in the same subgroup,_Z: Not applicable,Y: Calendar and seasonally adjusted,_T: Total,Y_GE15: 15 years or over,_Z: Not applicable,Q: Quarterly,2026-Q1,55.84804,,A: Normal value,0: Units,1: One
DATAFLOW,OECD.SDD.TPS:DSD_LFS@DF_IALFS_LF_WAP_Q(1.0),I,BEL: Belgium,LF_WAP: Labour force participation rate,PT_WAP_SUB: Percentage of working age population in the same subgroup,_Z: Not applicable,Y: Calendar and seasonally adjusted,_T: Total,Y_GE15: 15 years or over,_Z: Not applicable,Q: Quarterly,2026-Q2,55.95585,,A: Normal value,0: Units,1: One
DATAFLOW,OECD.SDD.TPS:DSD_LFS@DF_IALFS_LF_WAP_Q(1.0),I,CZE: Czechia,LF_WAP: Labour force participation rate,PT_WAP_SUB: Percentage of working age population in the same subgroup,_Z: Not applicable,Y: Calendar and seasonally adjusted,_T: Total,Y_GE15: 15 years or over,_Z: Not applicable,Q: Quarterly,2025-Q3,61.10063,,A: Normal value,0: Units,1: One
DATAFLOW,OECD.SDD.TPS:DSD_LFS@DF_IALFS_LF_WAP_Q(1.0),I,CZE: Czechia,LF_WAP: Labour force participation rate,PT_WAP_SUB: Percentage of working age population in the same subgroup,_Z: Not applicable,Y: Calendar and seasonally adjusted,_T: Total,Y_GE15: 15 years or over,_Z: Not applicable,Q: Quarterly,2025-Q4,61.10999,,A: Normal value,0: Units,1: One
DATAFLOW,OECD.SDD.TPS:DSD_LFS@DF_IALFS_LF_WAP_Q(1.0),I,CZE: Czechia,LF_WAP: Labour force participation rate,PT_WAP_SUB: Percentage of working age population in the same subgroup,_Z: Not applicable,Y: Calendar and seasonally adjusted,_T: Total,Y_GE15: 15 years or over,_Z: Not applicable,Q: Quarterly,2026-Q1,61.4409,,A: Normal value,0: Units,1: One
DATAFLOW,OECD.SDD.TPS:DSD_LFS@DF_IALFS_LF_WAP_Q(1.0),I,CZE: Czechia,LF_WAP: Labour force participation rate,PT_WAP_SUB: Percentage of working age population in the same subgroup,_Z: Not applicable,Y: Calendar and seasonally adjusted,_T: Total,Y_GE15: 15 years or over,_Z: Not applicable,Q: Quarterly,2026-Q2,61.66853,,A: Normal value,0: Units,1: One
DATAFLOW,OECD.SDD.TPS:DSD_LFS@DF_IALFS_LF_WAP_Q(1.0),I,BGR: Bulgaria,LF_WAP: Labour force participation rate,PT_WAP_SUB: Percentage of working age population in the same subgroup,_Z: Not applicable,Y: Calendar and seasonally adjusted,_T: Total,Y_GE15: 15 years or over,_Z: Not applicable,Q: Quarterly,2025-Q3,55.0976,,A: Normal value,0: Units,1: One
DATAFLOW,OECD.SDD.TPS:DSD_LFS@DF_IALFS_LF_WAP_Q(1.0),I,BGR: Bulgaria,LF_WAP: Labour force participation rate,PT_WAP_SUB: Percentage of working age population in the same subgroup,_Z: Not applicable,Y: Calendar and seasonally adjusted,_T: Total,Y_GE15: 15 years or over,_Z: Not applicable,Q: Quarterly,2025-Q4,54.99905,,A: Normal value,0: Units,1: One
DATAFLOW,OECD.SDD.TPS:DSD_LFS@DF_IALFS_LF_WAP_Q(1.0),I,BGR: Bulgaria,LF_WAP: Labour force participation rate,PT_WAP_SUB: Percentage of working age population in the same subgroup,_Z: Not applicable,Y: Calendar and seasonally adjusted,_T: Total,Y_GE15: 15 years or over,_Z: Not applicable,Q: Quarterly,2026-Q1,55.02721,,A: Normal value,0: Units,1: One
DATAFLOW,OECD.SDD.TPS:DSD_LFS@DF_IALFS_LF_WAP_Q(1.0),I,BGR: Bulgaria,LF_WAP: Labour force participation rate,PT_WAP_SUB: Percentage of working age population in the same subgroup,_Z: Not applicable,Y: Calendar and seasonally adjusted,_T: Total,Y_GE15: 15 years or over,_Z: Not applicable,Q: Quarterly,2026-Q2,54.8684,,A: Normal value,0: Units,1: One
DATAFLOW,OECD.SDD.TPS:DSD_LFS@DF_IALFS_LF_WAP_Q(1.0),I,BGR: Bulgaria,LF_WAP: Labour force participation rate,PT_WAP_SUB: Percentage of working age population in the same subgroup,_Z: Not applicable,Y: Calendar and seasonally adjusted,F: Female,Y_GE15: 15 years or over,_Z: Not applicable,Q: Quarterly,2025-Q3,49.28048,,A: Normal value,0: Units,1: One
DATAFLOW,OECD.SDD.TPS:DSD_LFS@DF_IALFS_LF_WAP_Q(1.0),I,BGR: Bulgaria,LF_WAP: Labour force participation rate,PT_WAP_SUB: Percentage of working age population in the same subgroup,_Z: Not applicable,Y: Calendar and seasonally adjusted,F: Female,Y_GE15: 15 years or over,_Z: Not applicable,Q: Quarterly,2025-Q4,49.14024,,A: Normal value,0: Units,1: One
DATAFLOW,OECD.SDD.TPS:DSD_LFS@DF_IALFS_LF_WAP_Q(1.0),I,BGR: Bulgaria,LF_WAP: Labour force participation rate,PT_WAP_SUB: Percentage of working age population in the same subgroup,_Z: Not applicable,Y: Calendar and seasonally adjusted,F: Female,Y_GE15: 15 years or over,_Z: Not applicable,Q: Quarterly,2026-Q1,49.24437,,A: Normal value,0: Units,1: One
DATAFLOW,OECD.SDD.TPS:DSD_LFS@DF_IALFS_LF_WAP_Q(1.0),I,BGR: Bulgaria,LF_WAP: Labour force participation rate,PT_WAP_SUB: Percentage of working age population in the same subgroup,_Z: Not applicable,Y: Calendar and seasonally adjusted,F: Female,Y_GE15: 15 years or over,_Z: Not applicable,Q: Quarterly,2026-Q2,48.85764,,A: Normal value,0: Units,1: One
DATAFLOW,OECD.SDD.TPS:DSD_LFS@DF_IALFS_LF_WAP_Q(1.0),I,BGR: Bulgaria,LF_WAP: Labour force participation rate,PT_WAP_SUB: Percentage of working age population in the same subgroup,_Z: Not applicable,Y: Calendar and seasonally adjusted,M: Male,Y_GE15: 15 years or over,_Z: Not applicable,Q: Quarterly,2025-Q3,61.53986,,A: Normal value,0: Units,1: One
DATAFLOW,OECD.SDD.TPS:DSD_LFS@DF_IALFS_LF_WAP_Q(1.0),I,BGR: Bulgaria,LF_WAP: Labour force participation rate,PT_WAP_SUB: Percentage of working age population in the same subgroup,_Z: Not applicable,Y: Calendar and seasonally adjusted,M: Male,Y_GE15: 15 years or over,_Z: Not applicable,Q: Quarterly,2025-Q4,61.46509,,A: Normal value,0: Units,1: One
DATAFLOW,OECD.SDD.TPS:DSD_LFS@DF_IALFS_LF_WAP_Q(1.0),I,BGR: Bulgaria,LF_WAP: Labour force participation rate,PT_WAP_SUB: Percentage of working age population in the same subgroup,_Z: Not applicable,Y: Calendar and seasonally adjusted,M: Male,Y_GE15: 15 years or over,_Z: Not applicable,Q: Quarterly,2026-Q1,61.39865,,A: Normal value,0: Units,1: One
DATAFLOW,OECD.SDD.TPS:DSD_LFS@DF_IALFS_LF_WAP_Q(1.0),I,BGR: Bulgaria,LF_WAP: Labour force participation rate,PT_WAP_SUB: Percentage of working age population in the same subgroup,_Z: Not applicable,Y: Calendar and seasonally adjusted,M: Male,Y_GE15: 15 years or over,_Z: Not applicable,Q: Quarterly,2026-Q2,61.50724,,A: Normal value,0: Units,1: One
